row_index,sequence_length
0,295
1,295
2,295
3,86
4,295
5,117
6,57
7,71
8,129
9,442
10,107
11,295
12,662
13,957
14,803
15,827
16,657
17,295
18,398
19,613
20,551
21,140
22,295
23,355
24,155
25,459
26,516
27,295
28,460
29,104
30,216
31,126
32,87
33,106
34,295
35,85
36,295
37,264
38,113
39,855
40,295
41,917
42,153
43,494
44,133
45,72
46,295
47,967
48,520
49,295
50,105
51,563
52,298
53,295
54,236
55,295
56,389
57,246
58,72
59,876
60,58
61,361
62,74
63,411
64,607
65,104
66,291
67,481
68,362
69,99
70,289
71,110
72,269
73,437
74,98
75,295
76,101
77,425
78,689
79,876
80,90
81,81
82,145
83,313
84,72
85,287
86,331
87,103
88,252
89,162
90,104
91,350
92,295
93,561
94,673
95,171
96,107
97,924
98,119
99,972
100,909
101,101
102,295
103,295
104,295
105,64
106,295
107,374
108,295
109,664
110,438
111,145
112,637
113,303
114,145
115,410
116,107
117,57
118,737
119,418
120,104
121,294
122,943
123,295
124,627
125,295
126,295
127,103
128,275
129,98
130,285
131,141
132,295
133,567
134,123
135,278
136,97
137,114
138,296
139,441
140,693
141,74
142,295
143,132
144,191
145,923
146,501
147,295
148,603
149,295
150,145
151,863
152,75
153,549
154,295
155,83
156,71
157,295
158,295
159,958
160,588
161,116
162,295
163,295
164,196
165,103
166,75
167,76
168,676
169,78
170,587
171,133
172,295
173,295
174,114
175,941
176,547
177,565
178,536
179,806
180,72
181,104
182,127
183,497
184,746
185,72
186,295
187,91
188,470
189,963
190,333
191,480
192,659
193,139
194,615
195,935
196,125
197,426
198,706
199,61
200,295
201,96
202,642
203,981
204,397
205,559
206,432
207,648
208,258
209,696
210,531
211,110
212,110
213,81
214,295
215,858
216,129
217,451
218,280
219,875
220,103
221,539
222,295
223,330
224,527
225,722
226,295
227,707
228,66
229,107
230,355
231,557
232,69
233,283
234,787
235,561
236,520
237,966
238,615
239,643
240,346
241,295
242,295
243,295
244,127
245,708
246,295
247,84
248,59
249,339
250,343
251,295
252,250
253,270
254,295
255,339
256,119
257,295
258,526
259,621
260,927
261,104
262,295
263,82
264,72
265,957
266,959
267,594
268,178
269,285
270,887
271,443
272,930
273,410
274,76
275,637
276,102
277,78
278,622
279,71
280,613
281,463
282,912
283,522
284,73
285,705
286,109
287,83
288,137
289,295
290,295
291,322
292,295
293,109
294,121
295,115
296,406
297,258
298,295
299,462
300,99
301,751
302,81
303,50
304,99
305,106
306,295
307,644
308,120
309,295
310,295
311,106
312,380
313,295
314,857
315,295
316,557
317,133
318,851
319,733
320,62
321,68
322,929
323,518
324,295
325,116
326,90
327,266
328,496
329,941
330,109
331,295
332,82
333,295
334,295
335,106
336,511
337,93
338,502
339,326
340,127
341,106
342,70
343,295
344,295
345,472
346,295
347,108
348,96
349,410
350,78
351,52
352,72
353,714
354,295
355,476
356,295
357,78
358,295
359,380
360,259
361,295
362,490
363,355
364,295
365,137
366,295
367,551
368,345
369,460
370,295
371,79
372,176
373,524
374,295
375,295
376,153
377,368
378,64
379,295
380,295
381,99
382,295
383,654
384,484
385,295
386,85
387,883
388,295
389,604
390,542
391,84
392,62
393,675
394,782
395,55
396,717
397,97
398,740
399,619
400,295
401,97
402,97
403,295
404,236
405,277
406,923
407,110
408,295
409,97
410,909
411,442
412,968
413,295
414,657
415,72
416,295
417,295
418,103
419,582
420,433
421,600
422,295
423,496
424,810
425,295
426,103
427,156
428,80
429,38
430,54
431,863
432,295
433,271
434,535
435,436
436,637
437,830
438,295
439,107
440,236
441,295
442,295
443,72
444,295
445,66
446,295
447,107
448,107
449,295
450,127
451,103
452,506
453,261
454,164
455,295
456,213
457,595
458,154
459,295
460,295
461,592
462,153
463,110
464,119
465,295
466,295
467,295
468,80
469,760
470,295
471,82
472,987
473,72
474,122
475,295
476,295
477,284
478,295
479,295
480,104
481,151
482,97
483,730
484,501
485,108
486,104
487,107
488,295
489,80
490,59
491,82
492,605
493,295
494,103
495,239
496,119
497,773
498,59
499,295
500,687
501,745
502,422
503,82
504,295
505,295
506,280
507,136
508,963
509,499
510,295
511,881
512,415
513,306
514,145
515,133
516,289
517,996
518,71
519,104
520,647
521,295
522,330
523,102
524,101
525,295
526,295
527,145
528,295
529,125
530,80
531,500
532,138
533,295
534,608
535,67
536,691
537,686
538,578
539,72
540,106
541,79
542,897
543,295
544,107
545,675
546,107
547,667
548,295
549,293
550,79
551,295
552,295
553,295
554,299
555,295
556,527
557,99
558,83
559,602
560,295
561,990
562,299
563,107
564,295
565,155
566,602
567,249
568,998
569,74
570,743
571,107
572,523
573,497
574,107
575,141
576,75
577,336
578,73
579,978
580,853
581,300
582,502
583,161
584,295
585,522
586,320
587,395
588,756
589,93
590,295
591,110
592,108
593,479
594,153
595,315
596,125
597,763
598,145
599,295
600,125
601,611
602,107
603,120
604,295
605,295
606,171
607,119
608,295
609,86
610,295
611,299
612,295
613,313
614,100
615,145
616,295
617,540
618,85
619,295
620,73
621,145
622,86
623,295
624,961
625,266
626,143
627,809
628,489
629,295
630,295
631,72
632,295
633,518
634,135
635,322
636,60
637,641
638,437
639,104
640,64
641,583
642,514
643,817
644,288
645,350
646,300
647,539
648,97
649,70
650,295
651,773
652,590
653,75
654,107
655,741
656,65
657,153
658,90
659,448
660,101
661,71
662,533
663,118
664,280
665,55
666,295
667,295
668,64
669,347
670,81
671,97
672,584
673,74
674,347
675,295
676,295
677,519
678,281
679,295
680,74
681,108
682,295
683,97
684,930
685,472
686,153
687,365
688,295
689,117
690,776
691,104
692,771
693,295
694,77
695,723
696,295
697,295
698,107
699,700
700,295
701,295
702,101
703,88
704,295
705,295
706,457
707,295
708,94
709,725
710,38
711,55
712,835
713,295
714,295
715,96
716,502
717,617
718,104
719,153
720,295
721,68
722,295
723,652
724,119
725,82
726,93
727,944
728,594
729,73
730,301
731,295
732,295
733,91
734,119
735,805
736,770
737,295
738,477
739,73
740,136
741,365
742,89
743,965
744,295
745,928
746,82
747,137
748,80
749,295
750,295
751,482
752,957
753,264
754,295
755,965
756,96
757,627
758,153
759,106
760,84
761,107
762,74
763,295
764,107
765,295
766,162
767,104
768,295
769,864
770,702
771,295
772,731
773,384
774,374
775,902
776,295
777,90
778,293
779,295
780,721
781,83
782,661
783,96
784,119
785,295
786,72
787,583
788,153
789,846
790,92
791,109
792,662
793,536
794,94
795,328
796,72
797,62
798,295
799,406
800,520
801,108
802,295
803,295
804,73
805,81
806,295
807,393
808,295
809,486
810,900
811,286
812,777
813,135
814,78
815,292
816,295
817,290
818,62
819,608
820,508
821,541
822,368
823,295
824,295
825,295
826,71
827,751
828,293
829,181
830,742
831,821
832,450
833,295
834,509
835,295
836,153
837,713
838,499
839,807
840,199
841,758
842,82
843,129
844,65
845,295
846,80
847,510
848,295
849,295
850,680
851,395
852,94
853,295
854,295
855,512
856,104
857,74
858,66
859,295
860,99
861,285
862,486
863,582
864,98
865,295
866,153
867,713
868,295
869,790
870,295
871,295
872,295
873,560
874,59
875,145
876,498
877,888
878,295
879,913
880,403
881,784
882,295
883,104
884,107
885,47
886,340
887,295
888,679
889,479
890,650
891,677
892,625
893,957
894,463
895,295
896,856
897,295
898,68
899,111
900,303
901,409
902,808
903,295
904,328
905,295
906,295
907,60
908,295
909,295
910,904
911,483
912,295
913,104
914,730
915,295
916,106
917,320
918,849
919,675
920,58
921,107
922,467
923,131
924,501
925,575
926,295
927,295
928,72
929,528
930,295
931,295
932,144
933,295
934,747
935,152
936,295
937,454
938,295
939,295
940,295
941,295
942,295
943,107
944,160
945,592
946,295
947,107
948,145
949,835
950,84
951,396
952,375
953,942
954,137
955,295
956,398
957,84
958,127
959,974
960,295
961,609
962,250
963,908
964,165
965,860
966,129
967,553
968,295
969,825
970,99
971,121
972,276
973,132
974,91
975,477
976,295
977,961
978,130
979,72
980,104
981,107
982,768
983,287
984,295
985,295
986,81
987,295
988,77
989,295
990,171
991,350
992,109
993,295
994,574
995,295
996,295
997,463
998,79
999,80
1000,204
1001,119
1002,295
1003,109
1004,962
1005,846
1006,654
1007,107
1008,747
1009,295
1010,813
1011,90
1012,104
1013,295
1014,672
1015,344
1016,295
1017,73
1018,104
1019,320
1020,295
1021,328
1022,121
1023,86
1024,930
1025,61
1026,295
1027,825
1028,67
1029,85
1030,674
1031,57
1032,104
1033,295
1034,105
1035,113
1036,614
1037,153
1038,295
1039,175
1040,235
1041,728
1042,348
1043,98
1044,400
1045,295
1046,499
1047,525
1048,295
1049,661
1050,993
1051,295
1052,295
1053,295
1054,295
1055,753
1056,295
1057,295
1058,239
1059,576
1060,295
1061,336
1062,84
1063,756
1064,295
1065,698
1066,295
1067,88
1068,95
1069,295
1070,542
1071,721
1072,295
1073,86
1074,117
1075,295
1076,285
1077,137
1078,295
1079,928
1080,295
1081,503
1082,752
1083,68
1084,295
1085,577
1086,904
1087,94
1088,79
1089,134
1090,295
1091,104
1092,103
1093,295
1094,153
1095,577
1096,951
1097,736
1098,62
1099,443
1100,295
1101,90
1102,295
1103,295
1104,295
1105,987
1106,125
1107,789
1108,856
1109,540
1110,295
1111,547
1112,482
1113,119
1114,295
1115,295
1116,401
1117,403
1118,145
1119,101
1120,741
1121,552
1122,62
1123,73
1124,102
1125,295
1126,116
1127,49
1128,295
1129,119
1130,295
1131,295
1132,59
1133,295
1134,295
1135,276
1136,295
1137,345
1138,548
1139,295
1140,617
1141,295
1142,295
1143,295
1144,950
1145,106
1146,135
1147,295
1148,651
1149,153
1150,739
1151,295
1152,295
1153,295
1154,295
1155,621
1156,295
1157,827
1158,135
1159,295
1160,73
1161,400
1162,280
1163,130
1164,295
1165,574
1166,295
1167,492
1168,607
1169,107
1170,104
1171,295
1172,295
1173,171
1174,973
1175,523
1176,524
1177,62
1178,295
1179,295
1180,295
1181,96
1182,547
1183,190
1184,528
1185,104
1186,342
1187,107
1188,92
1189,284
1190,465
1191,107
1192,922
1193,952
1194,454
1195,92
1196,391
1197,404
1198,295
1199,295
1200,715
1201,66
1202,68
1203,86
1204,295
1205,189
1206,724
1207,408
1208,76
1209,597
1210,646
1211,394
1212,992
1213,447
1214,221
1215,909
1216,110
1217,294
1218,668
1219,84
1220,153
1221,295
1222,119
1223,995
1224,294
1225,60
1226,80
1227,166
1228,577
1229,56
1230,107
1231,145
1232,77
1233,295
1234,279
1235,652
1236,293
1237,287
1238,236
1239,295
1240,534
1241,295
1242,107
1243,295
1244,106
1245,104
1246,295
1247,359
1248,237
1249,75
1250,94
1251,900
1252,295
1253,295
1254,625
1255,295
1256,501
1257,105
1258,295
1259,637
1260,295
1261,454
1262,295
1263,123
1264,461
1265,62
1266,127
1267,105
1268,295
1269,295
1270,69
1271,878
1272,912
1273,747
1274,295
1275,145
1276,541
1277,145
1278,453
1279,295
1280,239
1281,295
1282,636
1283,308
1284,137
1285,106
1286,102
1287,326
1288,101
1289,87
1290,451
1291,295
1292,248
1293,309
1294,295
1295,134
1296,332
1297,50
1298,116
1299,777
1300,645
1301,301
1302,316
1303,295
1304,295
1305,500
1306,128
1307,416
1308,295
1309,59
1310,587
1311,91
1312,371
1313,295
1314,107
1315,295
1316,295
1317,273
1318,95
1319,597
1320,295
1321,901
1322,561
1323,62
1324,958
1325,387
1326,107
1327,922
1328,628
1329,295
1330,521
1331,65
1332,732
1333,754
1334,295
1335,518
1336,97
1337,767
1338,858
1339,295
1340,295
1341,879
1342,295
1343,295
1344,295
1345,303
1346,453
1347,560
1348,295
1349,606
1350,295
1351,295
1352,295
1353,84
1354,222
1355,250
1356,83
1357,118
1358,987
1359,295
1360,292
1361,295
1362,295
1363,79
1364,295
1365,60
1366,881
1367,295
1368,295
1369,727
1370,119
1371,295
1372,517
1373,297
1374,295
1375,107
1376,295
1377,95
1378,386
1379,78
1380,73
1381,75
1382,315
1383,153
1384,295
1385,955
1386,953
1387,299
1388,77
1389,154
1390,687
1391,570
1392,119
1393,107
1394,295
1395,295
1396,295
1397,296
1398,84
1399,955
1400,295
1401,773
1402,295
1403,915
1404,152
1405,67
1406,276
1407,188
1408,824
1409,73
1410,528
1411,41
1412,100
1413,712
1414,72
1415,708
1416,328
1417,499
1418,98
1419,388
1420,295
1421,355
1422,64
1423,295
1424,659
1425,78
1426,295
1427,997
1428,153
1429,364
1430,295
1431,724
1432,956
1433,295
1434,291
1435,629
1436,957
1437,295
1438,243
1439,295
1440,386
1441,785
1442,136
1443,898
1444,686
1445,963
1446,426
1447,87
1448,295
1449,861
1450,477
1451,153
1452,91
1453,380
1454,106
1455,83
1456,643
1457,945
1458,295
1459,197
1460,576
1461,591
1462,295
1463,295
1464,107
1465,107
1466,404
1467,104
1468,98
1469,295
1470,74
1471,73
1472,145
1473,444
1474,485
1475,295
1476,518
1477,295
1478,690
1479,295
1480,726
1481,295
1482,295
1483,295
1484,295
1485,628
1486,716
1487,295
1488,71
1489,87
1490,424
1491,364
1492,746
1493,608
1494,57
1495,91
1496,194
1497,295
1498,295
1499,760
1500,295
1501,208
1502,96
1503,68
1504,680
1505,84
1506,58
1507,295
1508,956
1509,104
1510,59
1511,295
1512,295
1513,295
1514,834
1515,295
1516,876
1517,295
1518,372
1519,295
1520,436
1521,73
1522,295
1523,295
1524,295
1525,87
1526,153
1527,461
1528,657
1529,295
1530,295
1531,379
1532,295
1533,617
1534,62
1535,856
1536,800
1537,511
1538,295
1539,683
1540,199
1541,295
1542,456
1543,885
1544,476
1545,128
1546,295
1547,842
1548,137
1549,634
1550,847
1551,295
1552,122
1553,841
1554,521
1555,295
1556,71
1557,916
1558,295
1559,295
1560,153
1561,965
1562,395
1563,774
1564,295
1565,295
1566,134
1567,295
1568,113
1569,90
1570,133
1571,132
1572,224
1573,108
1574,94
1575,933
1576,205
1577,144
1578,107
1579,109
1580,500
1581,295
1582,62
1583,487
1584,567
1585,89
1586,923
1587,862
1588,520
1589,58
1590,517
1591,165
1592,980
1593,295
1594,910
1595,948
1596,566
1597,72
1598,929
1599,103
1600,295
1601,264
1602,837
1603,295
1604,587
1605,620
1606,107
1607,242
1608,91
1609,501
1610,8
1611,295
1612,683
1613,295
1614,473
1615,295
1616,83
1617,295
1618,304
1619,295
1620,147
1621,295
1622,91
1623,502
1624,562
1625,83
1626,730
1627,295
1628,295
1629,295
1630,295
1631,295
1632,456
1633,818
1634,295
1635,295
1636,145
1637,71
1638,247
1639,64
1640,120
1641,83
1642,886
1643,77
1644,942
1645,74
1646,274
1647,539
1648,295
1649,295
1650,450
1651,295
1652,134
1653,401
1654,293
1655,271
1656,622
1657,910
1658,943
1659,295
1660,704
1661,262
1662,106
1663,84
1664,295
1665,946
1666,295
1667,895
1668,708
1669,103
1670,84
1671,104
1672,377
1673,295
1674,295
1675,971
1676,60
1677,57
1678,58
1679,565
1680,450
1681,89
1682,630
1683,348
1684,299
1685,198
1686,104
1687,134
1688,295
1689,888
1690,751
1691,88
1692,281
1693,927
1694,576
1695,84
1696,371
1697,336
1698,462
1699,295
1700,295
1701,921
1702,295
1703,766
1704,413
1705,905
1706,616
1707,295
1708,499
1709,97
1710,697
1711,470
1712,880
1713,689
1714,295
1715,164
1716,82
1717,86
1718,525
1719,295
1720,295
1721,220
1722,273
1723,85
1724,87
1725,500
1726,147
1727,833
1728,942
1729,295
1730,262
1731,88
1732,79
1733,628
1734,314
1735,104
1736,119
1737,75
1738,519
1739,295
1740,60
1741,81
1742,573
1743,118
1744,87
1745,516
1746,674
1747,302
1748,115
1749,295
1750,140
1751,253
1752,507
1753,295
1754,296
1755,507
1756,295
1757,100
1758,69
1759,41
1760,153
1761,478
1762,873
1763,295
1764,978
1765,801
1766,101
1767,634
1768,115
1769,489
1770,488
1771,295
1772,145
1773,766
1774,295
1775,521
1776,71
1777,463
1778,758
1779,107
1780,295
1781,926
1782,92
1783,866
1784,169
1785,121
1786,295
1787,686
1788,107
1789,939
1790,81
1791,684
1792,130
1793,119
1794,295
1795,95
1796,78
1797,606
1798,74
1799,514
1800,604
1801,90
1802,295
1803,858
1804,295
1805,295
1806,488
1807,107
1808,566
1809,125
1810,450
1811,276
1812,796
1813,907
1814,746
1815,295
1816,86
1817,295
1818,88
1819,793
1820,295
1821,115
1822,941
1823,806
1824,86
1825,482
1826,107
1827,79
1828,484
1829,69
1830,448
1831,844
1832,490
1833,72
1834,368
1835,119
1836,69
1837,145
1838,96
1839,295
1840,76
1841,295
1842,295
1843,552
1844,295
1845,145
1846,288
1847,295
1848,295
1849,104
1850,154
1851,66
1852,701
1853,388
1854,160
1855,94
1856,239
1857,743
1858,392
1859,944
1860,119
1861,797
1862,474
1863,295
1864,594
1865,153
1866,295
1867,104
1868,100
1869,295
1870,513
1871,107
1872,317
1873,295
1874,242
1875,532
1876,134
1877,776
1878,80
1879,76
1880,570
1881,698
1882,715
1883,99
1884,849
1885,38
1886,72
1887,69
1888,302
1889,192
1890,295
1891,953
1892,499
1893,712
1894,295
1895,500
1896,52
1897,890
1898,295
1899,74
1900,601
1901,99
1902,500
1903,362
1904,608
1905,987
1906,145
1907,660
1908,546
1909,257
1910,191
1911,587
1912,643
1913,295
1914,87
1915,900
1916,295
1917,295
1918,857
1919,782
1920,295
1921,73
1922,313
1923,295
1924,270
1925,295
1926,659
1927,295
1928,448
1929,455
1930,104
1931,974
1932,295
1933,455
1934,931
1935,153
1936,81
1937,127
1938,643
1939,295
1940,295
1941,295
1942,730
1943,470
1944,295
1945,420
1946,73
1947,106
1948,116
1949,501
1950,103
1951,72
1952,106
1953,295
1954,295
1955,104
1956,295
1957,295
1958,295
1959,73
1960,767
1961,295
1962,295
1963,347
1964,364
1965,62
1966,295
1967,295
1968,765
1969,86
1970,153
1971,774
1972,66
1973,295
1974,295
1975,947
1976,295
1977,295
1978,127
1979,61
1980,297
1981,240
1982,295
1983,295
1984,152
1985,295
1986,295
1987,959
1988,295
1989,491
1990,295
1991,277
1992,295
1993,104
1994,101
1995,672
1996,138
1997,718
1998,295
1999,433
2000,169
2001,951
2002,726
2003,207
2004,343
2005,247
2006,452
2007,587
2008,295
2009,382
2010,275
2011,492
2012,295
2013,839
2014,295
2015,489
2016,477
2017,90
2018,104
2019,295
2020,295
2021,295
2022,550
2023,295
2024,295
2025,123
2026,295
2027,289
2028,295
2029,402
2030,69
2031,459
2032,104
2033,295
2034,38
2035,71
2036,516
2037,196
2038,295
2039,969
2040,447
2041,514
2042,136
2043,295
2044,303
2045,295
2046,971
2047,160
2048,295
2049,106
2050,295
2051,93
2052,118
2053,104
2054,295
2055,145
2056,993
2057,555
2058,469
2059,153
2060,107
2061,295
2062,57
2063,847
2064,474
2065,130
2066,76
2067,295
2068,295
2069,106
2070,295
2071,295
2072,850
2073,964
2074,940
2075,872
2076,308
2077,117
2078,886
2079,606
2080,295
2081,849
2082,315
2083,106
2084,295
2085,63
2086,295
2087,72
2088,318
2089,951
2090,717
2091,536
2092,690
2093,295
2094,465
2095,83
2096,820
2097,550
2098,295
2099,295
2100,295
2101,107
2102,295
2103,649
2104,486
2105,103
2106,602
2107,315
2108,210
2109,145
2110,306
2111,295
2112,70
2113,134
2114,875
2115,295
2116,295
2117,295
2118,296
2119,279
2120,563
2121,555
2122,314
2123,545
2124,744
2125,65
2126,777
2127,273
2128,533
2129,863
2130,845
2131,754
2132,673
2133,814
2134,857
2135,337
2136,66
2137,241
2138,164
2139,108
2140,71
2141,654
2142,728
2143,295
2144,63
2145,295
2146,295
2147,606
2148,295
2149,526
2150,107
2151,395
2152,75
2153,295
2154,295
2155,722
2156,427
2157,625
2158,494
2159,282
2160,295
2161,300
2162,527
2163,659
2164,145
2165,119
2166,295
2167,328
2168,295
2169,501
2170,800
2171,295
2172,773
2173,66
2174,288
2175,103
2176,835
2177,62
2178,107
2179,632
2180,904
2181,598
2182,484
2183,511
2184,86
2185,660
2186,104
2187,473
2188,295
2189,69
2190,85
2191,491
2192,145
2193,662
2194,67
2195,191
2196,65
2197,295
2198,437
2199,153
2200,73
2201,145
2202,295
2203,508
2204,996
2205,737
2206,295
2207,295
2208,711
2209,763
2210,862
2211,87
2212,295
2213,295
2214,545
2215,295
2216,775
2217,295
2218,86
2219,295
2220,295
2221,570
2222,802
2223,72
2224,575
2225,466
2226,831
2227,295
2228,580
2229,296
2230,295
2231,107
2232,119
2233,290
2234,60
2235,538
2236,295
2237,238
2238,63
2239,255
2240,75
2241,468
2242,119
2243,385
2244,451
2245,295
2246,915
2247,600
2248,107
2249,61
2250,295
2251,681
2252,504
2253,295
2254,310
2255,320
2256,295
2257,295
2258,756
2259,636
2260,996
2261,95
2262,83
2263,295
2264,116
2265,73
2266,730
2267,295
2268,278
2269,198
2270,497
2271,72
2272,748
2273,106
2274,295
2275,963
2276,331
2277,802
2278,260
2279,764
2280,87
2281,172
2282,636
2283,295
2284,561
2285,62
2286,61
2287,109
2288,881
2289,752
2290,684
2291,898
2292,744
2293,295
2294,515
2295,972
2296,94
2297,101
2298,104
2299,295
2300,295
2301,91
2302,368
2303,334
2304,295
2305,295
2306,108
2307,295
2308,88
2309,535
2310,295
2311,107
2312,987
2313,93
2314,119
2315,33
2316,886
2317,163
2318,295
2319,384
2320,295
2321,273
2322,399
2323,107
2324,295
2325,265
2326,295
2327,295
2328,922
2329,92
2330,295
2331,62
2332,80
2333,638
2334,91
2335,295
2336,75
2337,795
2338,295
2339,92
2340,436
2341,295
2342,851
2343,295
2344,242
2345,792
2346,295
2347,624
2348,38
2349,285
2350,83
2351,340
2352,500
2353,708
2354,132
2355,153
2356,239
2357,68
2358,382
2359,731
2360,32
2361,817
2362,236
2363,68
2364,984
2365,295
2366,295
2367,71
2368,820
2369,63
2370,870
2371,306
2372,476
2373,103
2374,145
2375,295
2376,295
2377,936
2378,295
2379,187
2380,988
2381,295
2382,103
2383,901
2384,295
2385,446
2386,73
2387,295
2388,380
2389,295
2390,315
2391,295
2392,295
2393,107
2394,295
2395,310
2396,475
2397,253
2398,74
2399,108
2400,973
2401,352
2402,91
2403,295
2404,269
2405,958
2406,295
2407,703
2408,295
2409,295
2410,145
2411,295
2412,119
2413,292
2414,493
2415,60
2416,957
2417,295
2418,978
2419,295
2420,295
2421,295
2422,295
2423,104
2424,710
2425,823
2426,153
2427,318
2428,104
2429,295
2430,262
2431,295
2432,223
2433,119
2434,70
2435,110
2436,110
2437,348
2438,287
2439,722
2440,295
2441,295
2442,295
2443,859
2444,56
2445,290
2446,295
2447,402
2448,954
2449,73
2450,295
2451,297
2452,119
2453,704
2454,260
2455,708
2456,315
2457,696
2458,295
2459,728
2460,300
2461,335
2462,152
2463,106
2464,516
2465,295
2466,295
2467,909
2468,712
2469,104
2470,614
2471,295
2472,90
2473,295
2474,862
2475,223
2476,295
2477,295
2478,304
2479,822
2480,110
2481,206
2482,147
2483,98
2484,295
2485,61
2486,862
2487,295
2488,848
2489,403
2490,834
2491,955
2492,295
2493,119
2494,145
2495,295
2496,383
2497,104
2498,295
2499,73
2500,863
2501,205
2502,295
2503,70
2504,945
2505,295
2506,528
2507,381
2508,679
2509,969
2510,446
2511,295
2512,295
2513,99
2514,963
2515,146
2516,95
2517,73
2518,295
2519,240
2520,867
2521,16
2522,899
2523,105
2524,614
2525,295
2526,295
2527,55
2528,119
2529,295
2530,295
2531,295
2532,328
2533,240
2534,295
2535,295
2536,61
2537,69
2538,295
2539,111
2540,876
2541,756
2542,984
2543,597
2544,574
2545,105
2546,136
2547,295
2548,611
2549,123
2550,109
2551,638
2552,497
2553,485
2554,295
2555,295
2556,889
2557,644
2558,524
2559,471
2560,713
2561,520
2562,295
2563,742
2564,575
2565,72
2566,87
2567,295
2568,295
2569,59
2570,73
2571,295
2572,295
2573,72
2574,295
2575,59
2576,607
2577,300
2578,514
2579,462
2580,522
2581,104
2582,237
2583,94
2584,381
2585,105
2586,799
2587,286
2588,216
2589,295
2590,119
2591,66
2592,145
2593,844
2594,295
2595,520
2596,119
2597,541
2598,295
2599,772
2600,779
2601,996
2602,676
2603,164
2604,899
2605,295
2606,646
2607,295
2608,295
2609,295
2610,101
2611,722
2612,982
2613,344
2614,295
2615,562
2616,18
2617,94
2618,341
2619,463
2620,124
2621,564
2622,293
2623,119
2624,408
2625,335
2626,89
2627,106
2628,295
2629,295
2630,936
2631,91
2632,820
2633,295
2634,713
2635,860
2636,68
2637,738
2638,323
2639,94
2640,295
2641,62
2642,70
2643,418
2644,855
2645,297
2646,153
2647,462
2648,295
2649,295
2650,577
2651,935
2652,427
2653,153
2654,279
2655,107
2656,741
2657,127
2658,76
2659,295
2660,856
2661,295
2662,590
2663,521
2664,107
2665,104
2666,597
2667,561
2668,107
2669,84
2670,295
2671,243
2672,539
2673,342
2674,121
2675,590
2676,107
2677,653
2678,119
2679,104
2680,295
2681,366
2682,103
2683,106
2684,921
2685,930
2686,301
2687,107
2688,216
2689,295
2690,295
2691,85
2692,295
2693,129
2694,295
2695,295
2696,879
2697,231
2698,153
2699,633
2700,315
2701,130
2702,70
2703,571
2704,145
2705,295
2706,298
2707,74
2708,83
2709,785
2710,295
2711,553
2712,437
2713,153
2714,953
2715,355
2716,297
2717,719
2718,661
2719,156
2720,295
2721,126
2722,569
2723,514
2724,104
2725,90
2726,295
2727,986
2728,1000
2729,295
2730,295
2731,110
2732,521
2733,77
2734,60
2735,295
2736,891
2737,119
2738,299
2739,107
2740,295
2741,83
2742,102
2743,87
2744,98
2745,104
2746,77
2747,457
2748,295
2749,295
2750,237
2751,107
2752,117
2753,446
2754,295
2755,976
2756,119
2757,295
2758,295
2759,978
2760,211
2761,319
2762,481
2763,970
2764,927
2765,270
2766,295
2767,118
2768,107
2769,130
2770,619
2771,549
2772,153
2773,73
2774,786
2775,432
2776,163
2777,295
2778,459
2779,295
2780,467
2781,108
2782,295
2783,295
2784,176
2785,154
2786,944
2787,352
2788,295
2789,388
2790,772
2791,539
2792,295
2793,622
2794,605
2795,989
2796,583
2797,98
2798,102
2799,870
2800,114
2801,922
2802,345
2803,295
2804,295
2805,295
2806,103
2807,295
2808,334
2809,454
2810,522
2811,255
2812,303
2813,73
2814,295
2815,983
2816,973
2817,897
2818,730
2819,289
2820,79
2821,71
2822,77
2823,107
2824,295
2825,495
2826,888
2827,177
2828,984
2829,893
2830,467
2831,320
2832,213
2833,82
2834,557
2835,667
2836,107
2837,89
2838,145
2839,975
2840,295
2841,478
2842,500
2843,295
2844,579
2845,119
2846,104
2847,760
2848,731
2849,110
2850,143
2851,633
2852,295
2853,60
2854,784
2855,295
2856,72
2857,295
2858,968
2859,507
2860,450
2861,689
2862,295
2863,295
2864,657
2865,104
2866,295
2867,104
2868,799
2869,719
2870,950
2871,444
2872,295
2873,151
2874,295
2875,411
2876,277
2877,815
2878,84
2879,295
2880,60
2881,103
2882,295
2883,316
2884,107
2885,441
2886,104
2887,76
2888,663
2889,743
2890,330
2891,295
2892,102
2893,295
2894,295
2895,295
2896,60
2897,295
2898,138
2899,938
2900,74
2901,58
2902,64
2903,54
2904,295
2905,904
2906,811
2907,295
2908,844
2909,325
2910,295
2911,619
2912,214
2913,882
2914,295
2915,83
2916,394
2917,683
2918,295
2919,972
2920,555
2921,295
2922,295
2923,905
2924,476
2925,264
2926,754
2927,295
2928,273
2929,114
2930,295
2931,73
2932,651
2933,295
2934,484
2935,86
2936,297
2937,295
2938,174
2939,403
2940,295
2941,215
2942,99
2943,288
2944,869
2945,686
2946,520
2947,328
2948,912
2949,295
2950,202
2951,824
2952,108
2953,545
2954,740
2955,108
2956,615
2957,260
2958,162
2959,318
2960,295
2961,833
2962,72
2963,415
2964,846
2965,316
2966,102
2967,103
2968,295
2969,165
2970,594
2971,761
2972,98
2973,320
2974,786
2975,72
2976,511
2977,295
2978,967
2979,127
2980,399
2981,88
2982,874
2983,141
2984,153
2985,295
2986,295
2987,295
2988,295
2989,741
2990,807
2991,295
2992,462
2993,468
2994,699
2995,72
2996,295
2997,59
2998,905
2999,300
3000,344
3001,84
3002,295
3003,88
3004,72
3005,297
3006,262
3007,74
3008,62
3009,72
3010,60
3011,67
3012,295
3013,295
3014,319
3015,871
3016,84
3017,466
3018,803
3019,209
3020,946
3021,295
3022,93
3023,852
3024,83
3025,295
3026,673
3027,295
3028,295
3029,73
3030,512
3031,82
3032,295
3033,551
3034,601
3035,82
3036,398
3037,440
3038,296
3039,534
3040,128
3041,250
3042,963
3043,210
3044,295
3045,54
3046,480
3047,981
3048,295
3049,295
3050,272
3051,849
3052,295
3053,886
3054,295
3055,295
3056,72
3057,69
3058,455
3059,124
3060,920
3061,705
3062,295
3063,543
3064,295
3065,107
3066,105
3067,295
3068,295
3069,479
3070,105
3071,110
3072,204
3073,280
3074,584
3075,295
3076,75
3077,504
3078,73
3079,514
3080,295
3081,295
3082,114
3083,74
3084,795
3085,295
3086,111
3087,864
3088,72
3089,509
3090,105
3091,779
3092,295
3093,413
3094,295
3095,546
3096,295
3097,295
3098,804
3099,895
3100,105
3101,946
3102,295
3103,295
3104,574
3105,306
3106,67
3107,107
3108,295
3109,894
3110,295
3111,80
3112,295
3113,295
3114,295
3115,112
3116,104
3117,285
3118,107
3119,295
3120,295
3121,983
3122,295
3123,295
3124,37
3125,564
3126,738
3127,295
3128,82
3129,515
3130,446
3131,295
3132,70
3133,478
3134,295
3135,436
3136,482
3137,63
3138,412
3139,295
3140,295
3141,295
3142,776
3143,295
3144,295
3145,295
3146,319
3147,80
3148,518
3149,294
3150,107
3151,174
3152,244
3153,786
3154,191
3155,96
3156,295
3157,295
3158,72
3159,90
3160,74
3161,104
3162,708
3163,718
3164,561
3165,295
3166,48
3167,429
3168,145
3169,63
3170,295
3171,295
3172,119
3173,261
3174,260
3175,445
3176,718
3177,987
3178,295
3179,295
3180,107
3181,295
3182,295
3183,295
3184,84
3185,726
3186,438
3187,857
3188,388
3189,418
3190,295
3191,765
3192,84
3193,119
3194,295
3195,704
3196,84
3197,68
3198,104
3199,811
3200,295
3201,964
3202,295
3203,373
3204,945
3205,879
3206,141
3207,118
3208,71
3209,385
3210,940
3211,521
3212,80
3213,70
3214,144
3215,295
3216,709
3217,295
3218,966
3219,76
3220,596
3221,487
3222,655
3223,295
3224,231
3225,295
3226,772
3227,57
3228,295
3229,295
3230,295
3231,295
3232,295
3233,66
3234,115
3235,62
3236,104
3237,73
3238,428
3239,145
3240,295
3241,254
3242,295
3243,195
3244,295
3245,603
3246,295
3247,526
3248,89
3249,94
3250,623
3251,153
3252,20
3253,295
3254,121
3255,295
3256,711
3257,295
3258,295
3259,107
3260,75
3261,295
3262,295
3263,295
3264,118
3265,597
3266,295
3267,599
3268,632
3269,717
3270,107
3271,59
3272,659
3273,73
3274,295
3275,113
3276,97
3277,742
3278,295
3279,570
3280,509
3281,295
3282,468
3283,840
3284,355
3285,189
3286,312
3287,102
3288,74
3289,588
3290,104
3291,295
3292,996
3293,104
3294,122
3295,135
3296,94
3297,86
3298,295
3299,70
3300,109
3301,295
3302,94
3303,139
3304,295
3305,110
3306,92
3307,64
3308,975
3309,295
3310,295
3311,100
3312,295
3313,295
3314,263
3315,295
3316,88
3317,72
3318,569
3319,122
3320,295
3321,917
3322,295
3323,295
3324,542
3325,60
3326,99
3327,295
3328,170
3329,295
3330,107
3331,620
3332,974
3333,295
3334,724
3335,295
3336,642
3337,103
3338,432
3339,290
3340,295
3341,295
3342,295
3343,721
3344,275
3345,295
3346,932
3347,98
3348,571
3349,575
3350,295
3351,104
3352,899
3353,327
3354,295
3355,295
3356,106
3357,295
3358,573
3359,858
3360,957
3361,238
3362,88
3363,295
3364,939
3365,421
3366,145
3367,782
3368,413
3369,295
3370,342
3371,295
3372,145
3373,613
3374,865
3375,642
3376,106
3377,19
3378,419
3379,600
3380,393
3381,107
3382,274
3383,295
3384,716
3385,459
3386,62
3387,304
3388,295
3389,545
3390,295
3391,172
3392,72
3393,991
3394,86
3395,105
3396,63
3397,295
3398,111
3399,94
3400,98
3401,326
3402,272
3403,842
3404,401
3405,306
3406,477
3407,632
3408,260
3409,98
3410,127
3411,81
3412,295
3413,876
3414,102
3415,673
3416,529
3417,316
3418,695
3419,266
3420,942
3421,72
3422,983
3423,482
3424,295
3425,750
3426,672
3427,572
3428,164
3429,966
3430,403
3431,73
3432,73
3433,116
3434,146
3435,295
3436,305
3437,295
3438,108
3439,506
3440,72
3441,131
3442,783
3443,107
3444,244
3445,751
3446,295
3447,101
3448,295
3449,342
3450,155
3451,295
3452,925
3453,270
3454,830
3455,295
3456,187
3457,466
3458,938
3459,106
3460,985
3461,537
3462,58
3463,110
3464,295
3465,295
3466,389
3467,927
3468,102
3469,607
3470,156
3471,59
3472,800
3473,297
3474,61
3475,72
3476,295
3477,74
3478,63
3479,119
3480,938
3481,601
3482,738
3483,144
3484,83
3485,469
3486,295
3487,435
3488,295
3489,899
3490,74
3491,295
3492,165
3493,441
3494,466
3495,100
3496,105
3497,497
3498,970
3499,94
3500,295
3501,75
3502,104
3503,60
3504,738
3505,345
3506,295
3507,295
3508,104
3509,295
3510,926
3511,327
3512,295
3513,295
3514,72
3515,107
3516,104
3517,475
3518,614
3519,925
3520,469
3521,295
3522,66
3523,842
3524,87
3525,975
3526,148
3527,295
3528,301
3529,70
3530,461
3531,73
3532,504
3533,295
3534,831
3535,697
3536,295
3537,295
3538,948
3539,725
3540,295
3541,438
3542,104
3543,295
3544,720
3545,545
3546,298
3547,295
3548,295
3549,119
3550,295
3551,295
3552,295
3553,941
3554,288
3555,109
3556,285
3557,913
3558,50
3559,978
3560,76
3561,104
3562,133
3563,295
3564,295
3565,65
3566,104
3567,850
3568,929
3569,64
3570,295
3571,211
3572,119
3573,102
3574,68
3575,98
3576,292
3577,501
3578,321
3579,62
3580,295
3581,835
3582,93
3583,946
3584,295
3585,104
3586,264
3587,394
3588,488
3589,335
3590,53
3591,646
3592,664
3593,103
3594,652
3595,295
3596,74
3597,772
3598,315
3599,128
3600,153
3601,295
3602,295
3603,295
3604,295
3605,122
3606,637
3607,61
3608,109
3609,295
3610,107
3611,148
3612,67
3613,933
3614,295
3615,543
3616,447
3617,295
3618,295
3619,292
3620,119
3621,400
3622,631
3623,295
3624,295
3625,388
3626,295
3627,295
3628,165
3629,153
3630,662
3631,53
3632,295
3633,295
3634,72
3635,54
3636,104
3637,129
3638,305
3639,948
3640,295
3641,957
3642,71
3643,145
3644,618
3645,189
3646,134
3647,295
3648,104
3649,282
3650,172
3651,657
3652,681
3653,606
3654,82
3655,499
3656,74
3657,295
3658,919
3659,295
3660,576
3661,978
3662,414
3663,295
3664,339
3665,63
3666,295
3667,153
3668,247
3669,73
3670,106
3671,94
3672,929
3673,459
3674,128
3675,295
3676,865
3677,107
3678,72
3679,295
3680,402
3681,149
3682,298
3683,106
3684,156
3685,119
3686,62
3687,86
3688,338
3689,295
3690,656
3691,299
3692,295
3693,952
3694,261
3695,982
3696,324
3697,295
3698,306
3699,295
3700,507
3701,671
3702,107
3703,145
3704,97
3705,295
3706,457
3707,292
3708,802
3709,331
3710,392
3711,145
3712,96
3713,28
3714,580
3715,128
3716,130
3717,295
3718,162
3719,295
3720,955
3721,295
3722,393
3723,187
3724,295
3725,542
3726,295
3727,295
3728,718
3729,378
3730,270
3731,116
3732,105
3733,413
3734,295
3735,154
3736,414
3737,62
3738,196
3739,657
3740,109
3741,295
3742,839
3743,295
3744,295
3745,60
3746,295
3747,591
3748,103
3749,82
3750,295
3751,295
3752,950
3753,119
3754,295
3755,295
3756,911
3757,106
3758,80
3759,295
3760,704
3761,104
3762,164
3763,936
3764,794
3765,312
3766,238
3767,333
3768,975
3769,641
3770,443
3771,701
3772,295
3773,62
3774,818
3775,144
3776,216
3777,467
3778,295
3779,606
3780,295
3781,295
3782,138
3783,84
3784,65
3785,825
3786,295
3787,556
3788,623
3789,965
3790,89
3791,295
3792,65
3793,118
3794,176
3795,153
3796,153
3797,70
3798,275
3799,148
3800,145
3801,295
3802,313
3803,125
3804,408
3805,443
3806,713
3807,295
3808,295
3809,299
3810,375
3811,956
3812,295
3813,536
3814,295
3815,295
3816,89
3817,517
3818,90
3819,760
3820,587
3821,295
3822,295
3823,113
3824,292
3825,641
3826,106
3827,73
3828,288
3829,295
3830,295
3831,556
3832,567
3833,196
3834,295
3835,209
3836,641
3837,569
3838,613
3839,295
3840,435
3841,769
3842,295
3843,366
3844,292
3845,295
3846,521
3847,295
3848,100
3849,106
3850,109
3851,87
3852,277
3853,847
3854,798
3855,86
3856,104
3857,145
3858,73
3859,153
3860,134
3861,295
3862,295
3863,295
3864,975
3865,60
3866,132
3867,97
3868,196
3869,799
3870,83
3871,395
3872,295
3873,107
3874,871
3875,72
3876,295
3877,295
3878,530
3879,72
3880,482
3881,121
3882,62
3883,108
3884,592
3885,344
3886,96
3887,297
3888,99
3889,454
3890,295
3891,823
3892,575
3893,936
3894,268
3895,295
3896,107
3897,147
3898,119
3899,739
3900,295
3901,623
3902,295
3903,213
3904,667
3905,864
3906,295
3907,335
3908,642
3909,505
3910,518
3911,295
3912,330
3913,884
3914,135
3915,295
3916,295
3917,619
3918,137
3919,295
3920,295
3921,92
3922,56
3923,478
3924,932
3925,295
3926,943
3927,576
3928,295
3929,295
3930,295
3931,610
3932,806
3933,320
3934,153
3935,896
3936,355
3937,153
3938,386
3939,72
3940,256
3941,326
3942,295
3943,717
3944,609
3945,413
3946,170
3947,873
3948,295
3949,295
3950,295
3951,389
3952,111
3953,77
3954,991
3955,762
3956,390
3957,643
3958,141
3959,112
3960,295
3961,129
3962,107
3963,84
3964,295
3965,119
3966,446
3967,295
3968,109
3969,375
3970,295
3971,295
3972,506
3973,295
3974,164
3975,295
3976,497
3977,106
3978,295
3979,82
3980,104
3981,295
3982,64
3983,219
3984,767
3985,93
3986,295
3987,103
3988,889
3989,440
3990,860
3991,295
3992,295
3993,295
3994,368
3995,951
3996,295
3997,295
3998,120
3999,295
4000,725
4001,156
4002,69
4003,295
4004,104
4005,101
4006,126
4007,70
4008,721
4009,86
4010,295
4011,726
4012,72
4013,434
4014,970
4015,153
4016,94
4017,88
4018,103
4019,337
4020,542
4021,116
4022,97
4023,295
4024,107
4025,110
4026,559
4027,168
4028,295
4029,75
4030,475
4031,461
4032,529
4033,295
4034,695
4035,115
4036,329
4037,542
4038,295
4039,970
4040,177
4041,72
4042,153
4043,83
4044,110
4045,62
4046,283
4047,62
4048,295
4049,295
4050,295
4051,234
4052,732
4053,104
4054,295
4055,295
4056,588
4057,691
4058,113
4059,295
4060,212
4061,295
4062,295
4063,106
4064,714
4065,705
4066,456
4067,81
4068,295
4069,94
4070,688
4071,484
4072,295
4073,639
4074,102
4075,295
4076,71
4077,153
4078,145
4079,85
4080,133
4081,963
4082,939
4083,709
4084,132
4085,295
4086,124
4087,93
4088,295
4089,765
4090,313
4091,190
4092,290
4093,454
4094,295
4095,347
4096,59
4097,633
4098,295
4099,662
4100,949
4101,105
4102,107
4103,295
4104,136
4105,133
4106,98
4107,99
4108,507
4109,298
4110,336
4111,295
4112,881
4113,295
4114,332
4115,295
4116,392
4117,745
4118,101
4119,322
4120,298
4121,109
4122,295
4123,295
4124,111
4125,109
4126,295
4127,295
4128,63
4129,405
4130,770
4131,101
4132,504
4133,685
4134,187
4135,295
4136,278
4137,295
4138,107
4139,673
4140,876
4141,712
4142,92
4143,93
4144,678
4145,326
4146,74
4147,682
4148,295
4149,687
4150,73
4151,507
4152,295
4153,295
4154,617
4155,506
4156,104
4157,214
4158,111
4159,107
4160,295
4161,295
4162,114
4163,818
4164,277
4165,153
4166,132
4167,185
4168,295
4169,62
4170,71
4171,768
4172,295
4173,295
4174,521
4175,295
4176,913
4177,70
4178,122
4179,519
4180,96
4181,72
4182,295
4183,295
4184,298
4185,285
4186,183
4187,78
4188,779
4189,295
4190,442
4191,295
4192,295
4193,552
4194,80
4195,74
4196,823
4197,680
4198,115
4199,866
4200,295
4201,59
4202,295
4203,295
4204,486
4205,526
4206,440
4207,295
4208,64
4209,681
4210,401
4211,73
4212,295
4213,119
4214,879
4215,145
4216,295
4217,73
4218,300
4219,734
4220,295
4221,146
4222,716
4223,459
4224,875
4225,119
4226,98
4227,659
4228,303
4229,295
4230,295
4231,107
4232,53
4233,284
4234,978
4235,295
4236,107
4237,286
4238,922
4239,836
4240,289
4241,906
4242,295
4243,519
4244,856
4245,74
4246,66
4247,153
4248,295
4249,295
4250,276
4251,984
4252,295
4253,171
4254,426
4255,774
4256,295
4257,65
4258,104
4259,295
4260,987
4261,849
4262,477
4263,82
4264,295
4265,295
4266,295
4267,393
4268,295
4269,267
4270,626
4271,295
4272,858
4273,153
4274,466
4275,90
4276,295
4277,605
4278,120
4279,709
4280,82
4281,354
4282,430
4283,975
4284,86
4285,295
4286,722
4287,710
4288,110
4289,295
4290,352
4291,106
4292,319
4293,70
4294,103
4295,104
4296,548
4297,699
4298,278
4299,498
4300,295
4301,295
4302,295
4303,860
4304,295
4305,190
4306,649
4307,295
4308,104
4309,295
4310,509
4311,295
4312,68
4313,65
4314,572
4315,66
4316,59
4317,118
4318,572
4319,793
4320,554
4321,295
4322,145
4323,84
4324,109
4325,955
4326,71
4327,181
4328,295
4329,593
4330,474
4331,119
4332,160
4333,930
4334,763
4335,993
4336,295
4337,295
4338,295
4339,721
4340,295
4341,78
4342,104
4343,611
4344,439
4345,656
4346,103
4347,295
4348,491
4349,295
4350,72
4351,57
4352,295
4353,107
4354,295
4355,82
4356,910
4357,477
4358,617
4359,797
4360,295
4361,466
4362,161
4363,295
4364,664
4365,295
4366,295
4367,98
4368,996
4369,794
4370,516
4371,153
4372,341
4373,295
4374,295
4375,75
4376,491
4377,145
4378,83
4379,295
4380,297
4381,177
4382,733
4383,295
4384,100
4385,940
4386,295
4387,856
4388,539
4389,331
4390,455
4391,576
4392,820
4393,217
4394,74
4395,597
4396,155
4397,66
4398,102
4399,332
4400,295
4401,295
4402,295
4403,567
4404,955
4405,276
4406,83
4407,982
4408,699
4409,68
4410,574
4411,537
4412,295
4413,295
4414,513
4415,295
4416,295
4417,730
4418,71
4419,750
4420,617
4421,480
4422,458
4423,103
4424,295
4425,71
4426,468
4427,99
4428,295
4429,295
4430,295
4431,295
4432,437
4433,295
4434,99
4435,295
4436,60
4437,125
4438,676
4439,295
4440,295
4441,295
4442,281
4443,632
4444,295
4445,295
4446,101
4447,99
4448,295
4449,73
4450,999
4451,555
4452,320
4453,153
4454,383
4455,295
4456,302
4457,859
4458,632
4459,637
4460,104
4461,301
4462,794
4463,398
4464,563
4465,59
4466,120
4467,614
4468,295
4469,295
4470,128
4471,310
4472,877
4473,354
4474,295
4475,597
4476,459
4477,734
4478,219
4479,153
4480,108
4481,698
4482,17
4483,76
4484,769
4485,444
4486,771
4487,295
4488,669
4489,295
4490,314
4491,633
4492,295
4493,107
4494,295
4495,771
4496,581
4497,295
4498,72
4499,295
4500,107
4501,113
4502,904
4503,981
4504,295
4505,328
4506,145
4507,295
4508,256
4509,643
4510,635
4511,295
4512,429
4513,72
4514,107
4515,295
4516,295
4517,295
4518,200
4519,727
4520,105
4521,295
4522,85
4523,540
4524,614
4525,295
4526,295
4527,295
4528,126
4529,106
4530,295
4531,941
4532,489
4533,145
4534,319
4535,67
4536,295
4537,454
4538,103
4539,137
4540,83
4541,629
4542,82
4543,59
4544,153
4545,295
4546,954
4547,709
4548,295
4549,107
4550,141
4551,115
4552,690
4553,495
4554,91
4555,483
4556,619
4557,88
4558,105
4559,295
4560,921
4561,295
4562,295
4563,345
4564,106
4565,495
4566,295
4567,936
4568,295
4569,295
4570,443
4571,134
4572,587
4573,460
4574,295
4575,106
4576,295
4577,115
4578,486
4579,84
4580,344
4581,492
4582,863
4583,978
4584,939
4585,97
4586,309
4587,483
4588,295
4589,295
4590,295
4591,187
4592,153
4593,443
4594,87
4595,295
4596,295
4597,60
4598,295
4599,674
4600,133
4601,95
4602,295
4603,418
4604,882
4605,990
4606,295
4607,134
4608,457
4609,486
4610,539
4611,270
4612,349
4613,295
4614,295
4615,80
4616,639
4617,295
4618,115
4619,489
4620,73
4621,349
4622,525
4623,993
4624,295
4625,677
4626,726
4627,614
4628,620
4629,295
4630,70
4631,724
4632,95
4633,57
4634,295
4635,449
4636,295
4637,120
4638,82
4639,73
4640,295
4641,119
4642,295
4643,295
4644,145
4645,295
4646,946
4647,73
4648,295
4649,867
4650,554
4651,476
4652,192
4653,295
4654,295
4655,63
4656,514
4657,957
4658,67
4659,903
4660,295
4661,113
4662,75
4663,80
4664,73
4665,64
4666,105
4667,106
4668,295
4669,453
4670,600
4671,295
4672,295
4673,295
4674,63
4675,104
4676,295
4677,73
4678,498
4679,77
4680,295
4681,119
4682,79
4683,111
4684,791
4685,775
4686,370
4687,295
4688,914
4689,78
4690,295
4691,451
4692,145
4693,295
4694,73
4695,298
4696,330
4697,86
4698,714
4699,86
4700,955
4701,75
4702,570
4703,483
4704,325
4705,749
4706,67
4707,262
4708,670
4709,295
4710,295
4711,531
4712,119
4713,72
4714,295
4715,83
4716,695
4717,77
4718,78
4719,104
4720,297
4721,382
4722,171
4723,436
4724,107
4725,696
4726,598
4727,295
4728,102
4729,758
4730,113
4731,295
4732,240
4733,572
4734,72
4735,159
4736,89
4737,295
4738,334
4739,104
4740,71
4741,295
4742,852
4743,295
4744,295
4745,354
4746,104
4747,176
4748,660
4749,295
4750,266
4751,295
4752,300
4753,674
4754,73
4755,296
4756,508
4757,134
4758,237
4759,996
4760,295
4761,295
4762,72
4763,187
4764,295
4765,349
4766,104
4767,998
4768,84
4769,796
4770,94
4771,765
4772,684
4773,517
4774,98
4775,81
4776,295
4777,930
4778,109
4779,541
4780,295
4781,295
4782,714
4783,572
4784,564
4785,93
4786,73
4787,295
4788,117
4789,812
4790,104
4791,331
4792,341
4793,79
4794,71
4795,108
4796,856
4797,129
4798,670
4799,427
4800,465
4801,295
4802,295
4803,820
4804,295
4805,295
4806,295
4807,60
4808,282
4809,295
4810,387
4811,710
4812,295
4813,859
4814,95
4815,295
4816,793
4817,295
4818,899
4819,527
4820,91
4821,231
4822,295
4823,564
4824,102
4825,982
4826,104
4827,438
4828,107
4829,153
4830,295
4831,955
4832,295
4833,295
4834,434
4835,462
4836,426
4837,128
4838,298
4839,480
4840,107
4841,75
4842,295
4843,622
4844,571
4845,295
4846,793
4847,766
4848,62
4849,596
4850,285
4851,88
4852,978
4853,942
4854,767
4855,295
4856,355
4857,73
4858,775
4859,90
4860,552
4861,107
4862,295
4863,537
4864,961
4865,281
4866,427
4867,711
4868,521
4869,197
4870,106
4871,71
4872,106
4873,295
4874,351
4875,191
4876,295
4877,243
4878,829
4879,295
4880,541
4881,341
4882,483
4883,295
4884,295
4885,72
4886,80
4887,293
4888,295
4889,270
4890,295
4891,295
4892,69
4893,768
4894,216
4895,83
4896,72
4897,882
4898,536
4899,71
4900,242
4901,105
4902,312
4903,550
4904,295
4905,72
4906,295
4907,818
4908,140
4909,295
4910,295
4911,315
4912,271
4913,295
4914,173
4915,119
4916,295
4917,106
4918,950
4919,529
4920,125
4921,295
4922,295
4923,295
4924,337
4925,74
4926,67
4927,72
4928,356
4929,752
4930,382
4931,101
4932,206
4933,93
4934,803
4935,118
4936,295
4937,69
4938,676
4939,295
4940,295
4941,295
4942,131
4943,300
4944,295
4945,113
4946,295
4947,100
4948,329
4949,68
4950,582
4951,990
4952,295
4953,295
4954,51
4955,82
4956,134
4957,942
4958,470
4959,295
4960,295
4961,119
4962,295
4963,295
4964,714
4965,808
4966,659
4967,80
4968,96
4969,842
4970,958
4971,134
4972,816
4973,105
4974,733
4975,677
4976,140
4977,295
4978,341
4979,352
4980,295
4981,541
4982,374
4983,73
4984,435
4985,501
4986,295
4987,295
4988,295
4989,158
4990,295
4991,564
4992,295
4993,70
4994,295
4995,521
4996,103
4997,295
4998,114
4999,295
5000,374
5001,217
5002,874
5003,106
5004,817
5005,72
5006,107
5007,557
5008,298
5009,396
5010,295
5011,122
5012,120
5013,318
5014,295
5015,670
5016,142
5017,295
5018,295
5019,880
5020,840
5021,695
5022,549
5023,295
5024,605
5025,920
5026,323
5027,961
5028,104
5029,295
5030,371
5031,676
5032,66
5033,295
5034,295
5035,677
5036,499
5037,295
5038,474
5039,107
5040,61
5041,104
5042,143
5043,107
5044,119
5045,295
5046,438
5047,94
5048,93
5049,593
5050,823
5051,956
5052,343
5053,295
5054,295
5055,145
5056,295
5057,247
5058,295
5059,525
5060,81
5061,295
5062,450
5063,97
5064,295
5065,295
5066,721
5067,448
5068,100
5069,125
5070,446
5071,263
5072,295
5073,299
5074,660
5075,295
5076,295
5077,382
5078,295
5079,73
5080,254
5081,295
5082,541
5083,320
5084,316
5085,295
5086,295
5087,752
5088,337
5089,295
5090,451
5091,295
5092,85
5093,97
5094,104
5095,777
5096,107
5097,581
5098,81
5099,135
5100,85
5101,107
5102,295
5103,67
5104,300
5105,295
5106,295
5107,569
5108,656
5109,295
5110,164
5111,295
5112,47
5113,557
5114,97
5115,405
5116,295
5117,813
5118,716
5119,1000
5120,295
5121,112
5122,105
5123,942
5124,295
5125,825
5126,142
5127,127
5128,735
5129,85
5130,295
5131,295
5132,939
5133,905
5134,105
5135,925
5136,67
5137,295
5138,442
5139,285
5140,523
5141,821
5142,295
5143,86
5144,295
5145,2
5146,295
5147,104
5148,295
5149,78
5150,295
5151,678
5152,321
5153,643
5154,776
5155,258
5156,841
5157,647
5158,221
5159,511
5160,135
5161,629
5162,107
5163,295
5164,72
5165,107
5166,295
5167,648
5168,295
5169,955
5170,864
5171,640
5172,601
5173,295
5174,295
5175,716
5176,480
5177,231
5178,109
5179,295
5180,295
5181,295
5182,295
5183,592
5184,910
5185,763
5186,295
5187,212
5188,880
5189,104
5190,61
5191,295
5192,533
5193,295
5194,148
5195,296
5196,739
5197,295
5198,528
5199,380
5200,153
5201,127
5202,114
5203,738
5204,965
5205,46
5206,963
5207,295
5208,295
5209,646
5210,104
5211,608
5212,60
5213,110
5214,295
5215,109
5216,295
5217,575
5218,295
5219,107
5220,742
5221,97
5222,512
5223,715
5224,295
5225,73
5226,295
5227,950
5228,558
5229,697
5230,90
5231,212
5232,295
5233,396
5234,273
5235,437
5236,295
5237,733
5238,63
5239,230
5240,119
5241,72
5242,102
5243,145
5244,629
5245,295
5246,295
5247,97
5248,233
5249,142
5250,764
5251,295
5252,295
5253,145
5254,142
5255,612
5256,59
5257,295
5258,554
5259,662
5260,446
5261,223
5262,97
5263,475
5264,392
5265,145
5266,616
5267,104
5268,295
5269,295
5270,737
5271,165
5272,295
5273,87
5274,406
5275,81
5276,294
5277,905
5278,97
5279,100
5280,168
5281,670
5282,295
5283,503
5284,73
5285,551
5286,84
5287,833
5288,295
5289,295
5290,675
5291,579
5292,62
5293,936
5294,378
5295,326
5296,72
5297,686
5298,295
5299,826
5300,856
5301,295
5302,295
5303,141
5304,61
5305,618
5306,53
5307,463
5308,217
5309,295
5310,295
5311,145
5312,295
5313,153
5314,295
5315,928
5316,55
5317,888
5318,881
5319,571
5320,774
5321,171
5322,104
5323,335
5324,596
5325,295
5326,71
5327,131
5328,749
5329,570
5330,765
5331,295
5332,80
5333,958
5334,153
5335,530
5336,125
5337,295
5338,557
5339,295
5340,533
5341,941
5342,504
5343,735
5344,295
5345,295
5346,104
5347,630
5348,455
5349,300
5350,295
5351,295
5352,57
5353,295
5354,103
5355,779
5356,295
5357,521
5358,295
5359,591
5360,85
5361,295
5362,132
5363,295
5364,630
5365,295
5366,295
5367,107
5368,702
5369,285
5370,107
5371,295
5372,92
5373,371
5374,741
5375,965
5376,956
5377,77
5378,117
5379,295
5380,153
5381,104
5382,756
5383,90
5384,295
5385,295
5386,95
5387,60
5388,476
5389,738
5390,420
5391,824
5392,295
5393,100
5394,216
5395,295
5396,90
5397,136
5398,201
5399,133
5400,71
5401,396
5402,295
5403,439
5404,295
5405,260
5406,450
5407,931
5408,711
5409,295
5410,295
5411,104
5412,360
5413,338
5414,295
5415,102
5416,73
5417,153
5418,295
5419,658
5420,554
5421,106
5422,295
5423,295
5424,295
5425,78
5426,524
5427,451
5428,107
5429,513
5430,79
5431,295
5432,295
5433,500
5434,295
5435,350
5436,906
5437,295
5438,107
5439,557
5440,295
5441,865
5442,295
5443,222
5444,82
5445,782
5446,295
5447,442
5448,518
5449,295
5450,104
5451,920
5452,105
5453,72
5454,62
5455,295
5456,980
5457,303
5458,295
5459,297
5460,90
5461,293
5462,143
5463,582
5464,295
5465,846
5466,113
5467,705
5468,110
5469,295
5470,187
5471,120
5472,85
5473,69
5474,67
5475,119
5476,52
5477,295
5478,89
5479,474
5480,378
5481,295
5482,495
5483,466
5484,880
5485,295
5486,128
5487,236
5488,994
5489,134
5490,87
5491,141
5492,560
5493,295
5494,132
5495,295
5496,121
5497,295
5498,122
5499,519
5500,109
5501,65
5502,94
5503,957
5504,205
5505,89
5506,295
5507,276
5508,295
5509,361
5510,295
5511,536
5512,230
5513,295
5514,97
5515,531
5516,74
5517,295
5518,295
5519,295
5520,697
5521,281
5522,295
5523,301
5524,69
5525,545
5526,342
5527,61
5528,295
5529,295
5530,480
5531,295
5532,295
5533,404
5534,608
5535,71
5536,821
5537,107
5538,536
5539,105
5540,339
5541,623
5542,295
5543,129
5544,125
5545,103
5546,106
5547,120
5548,733
5549,71
5550,259
5551,518
5552,295
5553,752
5554,299
5555,102
5556,295
5557,77
5558,91
5559,108
5560,524
5561,295
5562,315
5563,295
5564,295
5565,686
5566,295
5567,145
5568,369
5569,947
5570,75
5571,295
5572,631
5573,284
5574,984
5575,295
5576,357
5577,194
5578,287
5579,873
5580,305
5581,93
5582,498
5583,751
5584,801
5585,412
5586,476
5587,295
5588,295
5589,72
5590,937
5591,75
5592,963
5593,153
5594,295
5595,873
5596,72
5597,551
5598,556
5599,295
5600,295
5601,107
5602,495
5603,295
5604,960
5605,295
5606,853
5607,295
5608,115
5609,932
5610,880
5611,667
5612,740
5613,81
5614,100
5615,295
5616,741
5617,102
5618,674
5619,102
5620,656
5621,60
5622,360
5623,295
5624,295
5625,592
5626,667
5627,812
5628,899
5629,176
5630,539
5631,295
5632,332
5633,295
5634,517
5635,68
5636,111
5637,862
5638,295
5639,498
5640,121
5641,556
5642,295
5643,207
5644,340
5645,103
5646,77
5647,766
5648,874
5649,64
5650,90
5651,302
5652,76
5653,295
5654,482
5655,339
5656,601
5657,292
5658,105
5659,295
5660,764
5661,279
5662,444
5663,109
5664,295
5665,301
5666,666
5667,994
5668,73
5669,96
5670,491
5671,782
5672,901
5673,634
5674,295
5675,69
5676,295
5677,94
5678,295
5679,68
5680,461
5681,295
5682,73
5683,295
5684,295
5685,103
5686,613
5687,298
5688,242
5689,286
5690,624
5691,72
5692,72
5693,106
5694,110
5695,153
5696,148
5697,939
5698,788
5699,71
5700,295
5701,436
5702,935
5703,73
5704,111
5705,340
5706,295
5707,297
5708,121
5709,145
5710,279
5711,295
5712,119
5713,62
5714,405
5715,60
5716,297
5717,541
5718,167
5719,295
5720,426
5721,521
5722,295
5723,533
5724,132
5725,223
5726,104
5727,97
5728,299
5729,64
5730,60
5731,107
5732,87
5733,794
5734,100
5735,467
5736,540
5737,56
5738,409
5739,295
5740,153
5741,74
5742,238
5743,655
5744,752
5745,295
5746,70
5747,297
5748,104
5749,76
5750,153
5751,295
5752,684
5753,295
5754,295
5755,348
5756,209
5757,72
5758,295
5759,100
5760,980
5761,290
5762,77
5763,107
5764,295
5765,96
5766,295
5767,315
5768,132
5769,295
5770,73
5771,295
5772,295
5773,75
5774,295
5775,295
5776,74
5777,269
5778,156
5779,295
5780,99
5781,837
5782,121
5783,85
5784,738
5785,589
5786,295
5787,160
5788,72
5789,295
5790,547
5791,664
5792,456
5793,216
5794,738
5795,295
5796,132
5797,716
5798,61
5799,77
5800,295
5801,136
5802,554
5803,733
5804,945
5805,827
5806,953
5807,147
5808,295
5809,294
5810,252
5811,153
5812,440
5813,289
5814,295
5815,295
5816,415
5817,428
5818,295
5819,81
5820,591
5821,799
5822,295
5823,603
5824,295
5825,298
5826,109
5827,60
5828,1000
5829,295
5830,295
5831,924
5832,309
5833,982
5834,868
5835,122
5836,106
5837,951
5838,145
5839,395
5840,208
5841,295
5842,744
5843,362
5844,493
5845,295
5846,74
5847,628
5848,191
5849,295
5850,140
5851,105
5852,510
5853,295
5854,640
5855,586
5856,107
5857,879
5858,104
5859,295
5860,315
5861,137
5862,295
5863,295
5864,121
5865,558
5866,265
5867,295
5868,981
5869,108
5870,295
5871,168
5872,62
5873,587
5874,90
5875,295
5876,839
5877,295
5878,119
5879,289
5880,929
5881,654
5882,944
5883,295
5884,487
5885,448
5886,144
5887,300
5888,96
5889,444
5890,295
5891,295
5892,106
5893,921
5894,145
5895,62
5896,942
5897,78
5898,96
5899,283
5900,670
5901,295
5902,72
5903,39
5904,136
5905,295
5906,646
5907,756
5908,73
5909,589
5910,295
5911,295
5912,310
5913,939
5914,263
5915,943
5916,634
5917,54
5918,295
5919,60
5920,107
5921,295
5922,474
5923,366
5924,299
5925,94
5926,431
5927,112
5928,295
5929,799
5930,298
5931,324
5932,857
5933,74
5934,295
5935,87
5936,295
5937,295
5938,800
5939,295
5940,934
5941,282
5942,480
5943,173
5944,295
5945,127
5946,832
5947,295
5948,108
5949,295
5950,991
5951,107
5952,515
5953,670
5954,630
5955,76
5956,73
5957,470
5958,145
5959,213
5960,710
5961,295
5962,295
5963,670
5964,403
5965,295
5966,697
5967,130
5968,420
5969,295
5970,525
5971,295
5972,82
5973,295
5974,145
5975,295
5976,295
5977,296
5978,79
5979,294
5980,528
5981,649
5982,298
5983,71
5984,501
5985,522
5986,72
5987,509
5988,293
5989,557
5990,57
5991,295
5992,62
5993,571
5994,295
5995,276
5996,122
5997,116
5998,295
5999,615
6000,74
6001,295
6002,950
6003,823
6004,678
6005,16
6006,75
6007,295
6008,97
6009,582
6010,104
6011,560
6012,73
6013,987
6014,106
6015,934
6016,295
6017,295
6018,295
6019,83
6020,506
6021,290
6022,56
6023,295
6024,93
6025,295
6026,108
6027,283
6028,295
6029,92
6030,295
6031,295
6032,861
6033,295
6034,598
6035,530
6036,298
6037,238
6038,981
6039,466
6040,153
6041,295
6042,325
6043,295
6044,925
6045,66
6046,104
6047,755
6048,82
6049,107
6050,768
6051,628
6052,444
6053,368
6054,302
6055,295
6056,584
6057,312
6058,295
6059,295
6060,100
6061,527
6062,578
6063,295
6064,100
6065,106
6066,73
6067,624
6068,806
6069,295
6070,295
6071,89
6072,516
6073,482
6074,67
6075,295
6076,108
6077,69
6078,96
6079,295
6080,295
6081,667
6082,749
6083,494
6084,295
6085,226
6086,200
6087,549
6088,117
6089,87
6090,913
6091,118
6092,89
6093,365
6094,173
6095,129
6096,214
6097,164
6098,117
6099,615
6100,299
6101,145
6102,295
6103,295
6104,137
6105,293
6106,106
6107,105
6108,153
6109,912
6110,942
6111,702
6112,295
6113,295
6114,108
6115,299
6116,614
6117,89
6118,295
6119,295
6120,938
6121,295
6122,295
6123,295
6124,521
6125,295
6126,633
6127,355
6128,145
6129,537
6130,93
6131,541
6132,295
6133,560
6134,566
6135,459
6136,521
6137,476
6138,295
6139,293
6140,137
6141,178
6142,587
6143,295
6144,295
6145,96
6146,955
6147,292
6148,104
6149,83
6150,433
6151,103
6152,589
6153,769
6154,869
6155,295
6156,295
6157,295
6158,295
6159,757
6160,295
6161,251
6162,102
6163,125
6164,95
6165,500
6166,295
6167,663
6168,295
6169,955
6170,381
6171,295
6172,295
6173,817
6174,926
6175,393
6176,295
6177,295
6178,441
6179,896
6180,652
6181,617
6182,662
6183,295
6184,135
6185,70
6186,83
6187,84
6188,295
6189,71
6190,655
6191,307
6192,70
6193,389
6194,746
6195,453
6196,230
6197,130
6198,630
6199,75
6200,81
6201,295
6202,457
6203,543
6204,65
6205,720
6206,300
6207,579
6208,213
6209,208
6210,295
6211,905
6212,715
6213,295
6214,125
6215,295
6216,938
6217,63
6218,473
6219,501
6220,521
6221,295
6222,88
6223,82
6224,611
6225,295
6226,970
6227,295
6228,547
6229,986
6230,564
6231,295
6232,295
6233,762
6234,153
6235,71
6236,325
6237,295
6238,598
6239,841
6240,399
6241,295
6242,295
6243,295
6244,401
6245,295
6246,427
6247,496
6248,104
6249,68
6250,295
6251,295
6252,456
6253,228
6254,686
6255,104
6256,231
6257,283
6258,295
6259,596
6260,293
6261,127
6262,585
6263,295
6264,102
6265,440
6266,295
6267,74
6268,61
6269,873
6270,295
6271,107
6272,535
6273,597
6274,940
6275,978
6276,307
6277,153
6278,127
6279,66
6280,295
6281,97
6282,399
6283,107
6284,285
6285,89
6286,592
6287,622
6288,108
6289,295
6290,91
6291,917
6292,646
6293,383
6294,107
6295,75
6296,975
6297,69
6298,295
6299,295
6300,295
6301,525
6302,887
6303,290
6304,751
6305,384
6306,94
6307,295
6308,700
6309,295
6310,669
6311,462
6312,543
6313,191
6314,500
6315,246
6316,969
6317,101
6318,540
6319,849
6320,107
6321,295
6322,487
6323,289
6324,335
6325,105
6326,936
6327,426
6328,225
6329,95
6330,553
6331,766
6332,526
6333,96
6334,637
6335,217
6336,88
6337,109
6338,295
6339,295
6340,1000
6341,289
6342,460
6343,982
6344,883
6345,104
6346,951
6347,905
6348,396
6349,295
6350,342
6351,295
6352,295
6353,353
6354,295
6355,657
6356,295
6357,295
6358,844
6359,57
6360,104
6361,295
6362,61
6363,938
6364,93
6365,812
6366,295
6367,220
6368,937
6369,105
6370,295
6371,295
6372,70
6373,634
6374,77
6375,135
6376,162
6377,295
6378,295
6379,338
6380,295
6381,591
6382,174
6383,295
6384,566
6385,517
6386,331
6387,538
6388,799
6389,96
6390,290
6391,435
6392,105
6393,843
6394,295
6395,553
6396,104
6397,194
6398,295
6399,941
6400,135
6401,107
6402,295
6403,80
6404,354
6405,782
6406,295
6407,295
6408,947
6409,295
6410,57
6411,82
6412,236
6413,896
6414,712
6415,295
6416,295
6417,295
6418,662
6419,270
6420,501
6421,295
6422,295
6423,295
6424,833
6425,295
6426,914
6427,289
6428,433
6429,153
6430,132
6431,841
6432,614
6433,66
6434,561
6435,808
6436,312
6437,143
6438,617
6439,858
6440,295
6441,295
6442,930
6443,134
6444,106
6445,320
6446,537
6447,295
6448,316
6449,377
6450,295
6451,121
6452,150
6453,456
6454,295
6455,272
6456,879
6457,295
6458,268
6459,257
6460,120
6461,962
6462,295
6463,108
6464,104
6465,939
6466,933
6467,784
6468,87
6469,185
6470,295
6471,88
6472,166
6473,295
6474,493
6475,487
6476,930
6477,830
6478,295
6479,295
6480,295
6481,767
6482,847
6483,295
6484,295
6485,90
6486,144
6487,72
6488,145
6489,104
6490,907
6491,172
6492,295
6493,295
6494,407
6495,295
6496,922
6497,44
6498,295
6499,295
6500,268
6501,90
6502,583
6503,331
6504,145
6505,344
6506,295
6507,57
6508,508
6509,433
6510,295
6511,887
6512,103
6513,129
6514,361
6515,266
6516,118
6517,252
6518,295
6519,106
6520,72
6521,295
6522,977
6523,359
6524,842
6525,119
6526,295
6527,76
6528,96
6529,907
6530,295
6531,279
6532,295
6533,295
6534,711
6535,295
6536,615
6537,295
6538,74
6539,528
6540,994
6541,295
6542,67
6543,144
6544,941
6545,144
6546,93
6547,73
6548,96
6549,529
6550,153
6551,838
6552,677
6553,117
6554,942
6555,716
6556,528
6557,251
6558,295
6559,125
6560,295
6561,768
6562,295
6563,103
6564,95
6565,295
6566,111
6567,359
6568,879
6569,452
6570,107
6571,145
6572,295
6573,295
6574,890
6575,65
6576,295
6577,685
6578,501
6579,888
6580,284
6581,295
6582,792
6583,107
6584,110
6585,748
6586,295
6587,67
6588,296
6589,892
6590,308
6591,200
6592,826
6593,295
6594,801
6595,948
6596,991
6597,106
6598,95
6599,465
6600,128
6601,598
6602,295
6603,146
6604,797
6605,943
6606,74
6607,295
6608,455
6609,295
6610,949
6611,295
6612,318
6613,911
6614,295
6615,295
6616,996
6617,89
6618,63
6619,933
6620,53
6621,764
6622,57
6623,295
6624,68
6625,273
6626,661
6627,145
6628,61
6629,696
6630,151
6631,458
6632,295
6633,76
6634,295
6635,933
6636,477
6637,292
6638,46
6639,75
6640,72
6641,295
6642,497
6643,244
6644,67
6645,268
6646,607
6647,695
6648,743
6649,526
6650,304
6651,281
6652,107
6653,603
6654,96
6655,79
6656,295
6657,357
6658,294
6659,310
6660,295
6661,153
6662,295
6663,295
6664,829
6665,296
6666,110
6667,295
6668,693
6669,295
6670,187
6671,882
6672,141
6673,295
6674,843
6675,497
6676,490
6677,107
6678,475
6679,123
6680,543
6681,463
6682,105
6683,295
6684,334
6685,295
6686,996
6687,91
6688,64
6689,153
6690,939
6691,105
6692,107
6693,340
6694,295
6695,132
6696,295
6697,540
6698,509
6699,715
6700,651
6701,295
6702,295
6703,295
6704,295
6705,518
6706,754
6707,276
6708,943
6709,188
6710,133
6711,608
6712,427
6713,96
6714,606
6715,295
6716,520
6717,912
6718,421
6719,295
6720,107
6721,295
6722,537
6723,642
6724,62
6725,295
6726,406
6727,295
6728,295
6729,164
6730,295
6731,161
6732,295
6733,145
6734,73
6735,988
6736,105
6737,102
6738,670
6739,813
6740,113
6741,507
6742,733
6743,836
6744,380
6745,736
6746,811
6747,58
6748,497
6749,103
6750,131
6751,295
6752,83
6753,102
6754,609
6755,295
6756,648
6757,145
6758,295
6759,135
6760,295
6761,94
6762,332
6763,241
6764,581
6765,135
6766,147
6767,639
6768,295
6769,86
6770,78
6771,856
6772,565
6773,521
6774,72
6775,77
6776,295
6777,534
6778,84
6779,295
6780,353
6781,380
6782,153
6783,117
6784,94
6785,81
6786,295
6787,942
6788,501
6789,107
6790,295
6791,876
6792,295
6793,295
6794,53
6795,53
6796,165
6797,341
6798,447
6799,113
6800,297
6801,661
6802,131
6803,475
6804,295
6805,111
6806,295
6807,295
6808,501
6809,920
6810,78
6811,295
6812,296
6813,939
6814,136
6815,76
6816,78
6817,295
6818,90
6819,487
6820,125
6821,137
6822,983
6823,495
6824,180
6825,163
6826,107
6827,953
6828,324
6829,295
6830,157
6831,271
6832,511
6833,191
6834,64
6835,900
6836,82
6837,749
6838,61
6839,64
6840,105
6841,295
6842,379
6843,470
6844,508
6845,737
6846,295
6847,77
6848,81
6849,107
6850,295
6851,741
6852,95
6853,492
6854,489
6855,938
6856,295
6857,295
6858,398
6859,145
6860,210
6861,295
6862,778
6863,66
6864,188
6865,462
6866,78
6867,295
6868,152
6869,291
6870,119
6871,819
6872,564
6873,541
6874,430
6875,62
6876,117
6877,295
6878,506
6879,904
6880,237
6881,964
6882,295
6883,295
6884,145
6885,295
6886,295
6887,106
6888,914
6889,549
6890,145
6891,70
6892,107
6893,88
6894,833
6895,528
6896,561
6897,295
6898,909
6899,730
6900,447
6901,428
6902,68
6903,295
6904,280
6905,295
6906,295
6907,153
6908,295
6909,83
6910,295
6911,295
6912,105
6913,295
6914,815
6915,942
6916,118
6917,777
6918,295
6919,550
6920,92
6921,295
6922,295
6923,596
6924,983
6925,334
6926,826
6927,295
6928,80
6929,66
6930,983
6931,380
6932,857
6933,295
6934,71
6935,746
6936,216
6937,300
6938,56
6939,137
6940,92
6941,103
6942,966
6943,724
6944,96
6945,625
6946,293
6947,586
6948,100
6949,295
6950,295
6951,881
6952,473
6953,972
6954,295
6955,153
6956,554
6957,60
6958,66
6959,496
6960,74
6961,68
6962,845
6963,53
6964,295
6965,74
6966,191
6967,117
6968,107
6969,781
6970,83
6971,63
6972,295
6973,517
6974,295
6975,104
6976,295
6977,295
6978,667
6979,338
6980,295
6981,67
6982,132
6983,295
6984,97
6985,90
6986,72
6987,75
6988,295
6989,73
6990,107
6991,97
6992,69
6993,78
6994,329
6995,103
6996,140
6997,295
6998,945
6999,219
7000,259
7001,295
7002,319
7003,154
7004,746
7005,914
7006,295
7007,127
7008,284
7009,142
7010,153
7011,295
7012,681
7013,240
7014,295
7015,73
7016,96
7017,939
7018,171
7019,243
7020,86
7021,295
7022,712
7023,84
7024,512
7025,649
7026,570
7027,562
7028,69
7029,264
7030,390
7031,798
7032,506
7033,106
7034,295
7035,145
7036,295
7037,951
7038,464
7039,164
7040,419
7041,650
7042,103
7043,348
7044,295
7045,295
7046,295
7047,106
7048,295
7049,322
7050,153
7051,380
7052,87
7053,295
7054,554
7055,106
7056,116
7057,84
7058,282
7059,489
7060,160
7061,387
7062,579
7063,515
7064,901
7065,295
7066,295
7067,60
7068,111
7069,554
7070,295
7071,978
7072,65
7073,969
7074,295
7075,76
7076,502
7077,295
7078,107
7079,68
7080,107
7081,528
7082,894
7083,94
7084,893
7085,645
7086,95
7087,980
7088,723
7089,133
7090,145
7091,295
7092,244
7093,107
7094,768
7095,295
7096,203
7097,119
7098,956
7099,695
7100,918
7101,295
7102,295
7103,94
7104,73
7105,77
7106,136
7107,266
7108,295
7109,124
7110,121
7111,295
7112,476
7113,295
7114,588
7115,267
7116,295
7117,295
7118,295
7119,295
7120,295
7121,540
7122,955
7123,67
7124,308
7125,796
7126,71
7127,295
7128,145
7129,295
7130,295
7131,108
7132,85
7133,114
7134,562
7135,295
7136,928
7137,122
7138,419
7139,295
7140,295
7141,483
7142,82
7143,342
7144,513
7145,164
7146,295
7147,700
7148,99
7149,652
7150,295
7151,118
7152,884
7153,611
7154,295
7155,968
7156,557
7157,67
7158,128
7159,73
7160,930
7161,71
7162,188
7163,285
7164,295
7165,189
7166,994
7167,288
7168,72
7169,474
7170,118
7171,295
7172,73
7173,146
7174,295
7175,295
7176,101
7177,80
7178,295
7179,295
7180,295
7181,167
7182,295
7183,402
7184,295
7185,295
7186,295
7187,854
7188,295
7189,786
7190,60
7191,298
7192,601
7193,614
7194,295
7195,72
7196,295
7197,106
7198,295
7199,101
7200,295
7201,295
7202,295
7203,295
7204,295
7205,130
7206,757
7207,885
7208,70
7209,295
7210,69
7211,541
7212,682
7213,295
7214,295
7215,494
7216,989
7217,295
7218,295
7219,295
7220,295
7221,295
7222,60
7223,73
7224,119
7225,889
7226,295
7227,534
7228,295
7229,106
7230,295
7231,635
7232,548
7233,61
7234,387
7235,935
7236,295
7237,295
7238,295
7239,54
7240,590
7241,295
7242,142
7243,450
7244,295
7245,107
7246,622
7247,128
7248,200
7249,577
7250,770
7251,104
7252,107
7253,435
7254,295
7255,486
7256,495
7257,213
7258,106
7259,135
7260,295
7261,163
7262,114
7263,61
7264,82
7265,739
7266,283
7267,295
7268,295
7269,937
7270,436
7271,74
7272,74
7273,822
7274,309
7275,295
7276,85
7277,295
7278,333
7279,67
7280,553
7281,295
7282,536
7283,245
7284,783
7285,709
7286,295
7287,68
7288,465
7289,598
7290,295
7291,295
7292,613
7293,83
7294,472
7295,295
7296,295
7297,72
7298,902
7299,314
7300,94
7301,152
7302,295
7303,107
7304,295
7305,295
7306,295
7307,454
7308,556
7309,431
7310,523
7311,526
7312,481
7313,295
7314,61
7315,197
7316,42
7317,105
7318,71
7319,439
7320,916
7321,611
7322,549
7323,295
7324,107
7325,295
7326,560
7327,153
7328,295
7329,90
7330,163
7331,295
7332,153
7333,295
7334,281
7335,677
7336,29
7337,68
7338,879
7339,74
7340,295
7341,295
7342,402
7343,778
7344,519
7345,652
7346,100
7347,295
7348,103
7349,523
7350,339
7351,601
7352,102
7353,58
7354,97
7355,521
7356,107
7357,651
7358,679
7359,448
7360,807
7361,85
7362,596
7363,976
7364,295
7365,136
7366,537
7367,107
7368,118
7369,295
7370,295
7371,833
7372,88
7373,56
7374,295
7375,962
7376,295
7377,295
7378,107
7379,295
7380,832
7381,968
7382,295
7383,110
7384,850
7385,674
7386,295
7387,85
7388,295
7389,741
7390,876
7391,293
7392,295
7393,571
7394,688
7395,105
7396,295
7397,110
7398,283
7399,72
7400,501
7401,119
7402,295
7403,214
7404,119
7405,939
7406,295
7407,74
7408,295
7409,513
7410,509
7411,622
7412,116
7413,102
7414,456
7415,970
7416,860
7417,154
7418,267
7419,71
7420,570
7421,592
7422,630
7423,72
7424,100
7425,996
7426,295
7427,387
7428,295
7429,690
7430,659
7431,532
7432,295
7433,677
7434,55
7435,532
7436,291
7437,519
7438,100
7439,567
7440,811
7441,412
7442,107
7443,298
7444,155
7445,652
7446,381
7447,287
7448,904
7449,132
7450,145
7451,853
7452,295
7453,783
7454,774
7455,267
7456,295
7457,295
7458,80
7459,968
7460,80
7461,267
7462,107
7463,106
7464,582
7465,101
7466,144
7467,795
7468,449
7469,71
7470,106
7471,825
7472,100
7473,70
7474,88
7475,709
7476,582
7477,514
7478,280
7479,117
7480,66
7481,295
7482,900
7483,438
7484,61
7485,69
7486,913
7487,295
7488,295
7489,295
7490,286
7491,9
7492,58
7493,280
7494,295
7495,63
7496,809
7497,295
7498,85
7499,996
7500,194
7501,137
7502,882
7503,928
7504,55
7505,571
7506,289
7507,570
7508,240
7509,961
7510,322
7511,72
7512,136
7513,295
7514,730
7515,78
7516,897
7517,323
7518,295
7519,295
7520,889
7521,665
7522,295
7523,295
7524,94
7525,100
7526,654
7527,295
7528,295
7529,76
7530,295
7531,397
7532,737
7533,91
7534,295
7535,295
7536,972
7537,295
7538,295
7539,270
7540,93
7541,145
7542,295
7543,100
7544,779
7545,845
7546,86
7547,94
7548,291
7549,84
7550,295
7551,292
7552,104
7553,272
7554,882
7555,104
7556,974
7557,701
7558,333
7559,251
7560,500
7561,110
7562,633
7563,75
7564,295
7565,238
7566,326
7567,298
7568,295
7569,103
7570,141
7571,101
7572,295
7573,649
7574,75
7575,866
7576,338
7577,134
7578,286
7579,529
7580,295
7581,415
7582,72
7583,147
7584,454
7585,85
7586,295
7587,106
7588,295
7589,295
7590,989
7591,57
7592,824
7593,716
7594,846
7595,62
7596,594
7597,295
7598,699
7599,535
7600,87
7601,422
7602,314
7603,217
7604,295
7605,68
7606,295
7607,401
7608,118
7609,923
7610,295
7611,302
7612,295
7613,295
7614,72
7615,106
7616,74
7617,555
7618,926
7619,466
7620,295
7621,688
7622,609
7623,295
7624,107
7625,295
7626,474
7627,76
7628,761
7629,295
7630,559
7631,295
7632,433
7633,89
7634,950
7635,295
7636,630
7637,690
7638,184
7639,119
7640,686
7641,861
7642,615
7643,295
7644,86
7645,272
7646,112
7647,73
7648,401
7649,594
7650,83
7651,295
7652,94
7653,448
7654,295
7655,295
7656,716
7657,723
7658,107
7659,854
7660,115
7661,522
7662,614
7663,331
7664,540
7665,521
7666,295
7667,742
7668,295
7669,815
7670,291
7671,721
7672,981
7673,599
7674,136
7675,73
7676,820
7677,118
7678,295
7679,534
7680,238
7681,54
7682,864
7683,295
7684,295
7685,123
7686,118
7687,224
7688,102
7689,96
7690,734
7691,482
7692,295
7693,865
7694,295
7695,65
7696,326
7697,762
7698,472
7699,84
7700,295
7701,104
7702,82
7703,272
7704,103
7705,59
7706,593
7707,107
7708,111
7709,718
7710,295
7711,534
7712,295
7713,295
7714,73
7715,478
7716,295
7717,156
7718,295
7719,731
7720,892
7721,519
7722,84
7723,845
7724,867
7725,388
7726,620
7727,101
7728,990
7729,295
7730,295
7731,295
7732,295
7733,103
7734,816
7735,295
7736,444
7737,702
7738,97
7739,295
7740,107
7741,298
7742,889
7743,585
7744,924
7745,295
7746,252
7747,84
7748,295
7749,553
7750,831
7751,295
7752,295
7753,939
7754,240
7755,295
7756,910
7757,295
7758,295
7759,295
7760,126
7761,543
7762,106
7763,141
7764,119
7765,72
7766,72
7767,153
7768,84
7769,684
7770,968
7771,295
7772,987
7773,295
7774,486
7775,280
7776,299
7777,294
7778,59
7779,295
7780,543
7781,295
7782,136
7783,104
7784,295
7785,153
7786,633
7787,416
7788,828
7789,408
7790,759
7791,74
7792,555
7793,381
7794,177
7795,278
7796,295
7797,295
7798,295
7799,102
7800,295
7801,857
7802,295
7803,105
7804,650
7805,103
7806,397
7807,295
7808,295
7809,143
7810,728
7811,295
7812,295
7813,453
7814,295
7815,73
7816,295
7817,491
7818,74
7819,389
7820,295
7821,73
7822,745
7823,295
7824,334
7825,295
7826,822
7827,450
7828,905
7829,105
7830,477
7831,508
7832,107
7833,309
7834,76
7835,539
7836,295
7837,72
7838,107
7839,686
7840,122
7841,159
7842,295
7843,85
7844,974
7845,145
7846,565
7847,53
7848,192
7849,684
7850,295
7851,62
7852,504
7853,251
7854,407
7855,527
7856,907
7857,939
7858,295
7859,72
7860,295
7861,295
7862,295
7863,116
7864,96
7865,295
7866,295
7867,295
7868,295
7869,295
7870,108
7871,677
7872,73
7873,97
7874,72
7875,94
7876,824
7877,295
7878,295
7879,295
7880,640
7881,787
7882,375
7883,191
7884,13
7885,390
7886,540
7887,153
7888,295
7889,345
7890,295
7891,82
7892,295
7893,295
7894,295
7895,101
7896,295
7897,793
7898,295
7899,295
7900,295
7901,58
7902,500
7903,915
7904,868
7905,490
7906,295
7907,590
7908,70
7909,74
7910,100
7911,103
7912,995
7913,131
7914,57
7915,296
7916,73
7917,505
7918,884
7919,952
7920,656
7921,348
7922,723
7923,921
7924,295
7925,72
7926,121
7927,295
7928,694
7929,854
7930,144
7931,119
7932,105
7933,714
7934,98
7935,438
7936,295
7937,295
7938,295
7939,295
7940,295
7941,106
7942,723
7943,80
7944,532
7945,73
7946,406
7947,662
7948,295
7949,295
7950,72
7951,627
7952,976
7953,840
7954,520
7955,104
7956,110
7957,295
7958,578
7959,295
7960,123
7961,529
7962,295
7963,91
7964,804
7965,83
7966,317
7967,369
7968,475
7969,304
7970,290
7971,96
7972,72
7973,838
7974,295
7975,283
7976,712
7977,550
7978,295
7979,295
7980,95
7981,295
7982,295
7983,295
7984,672
7985,295
7986,104
7987,264
7988,286
7989,295
7990,895
7991,295
7992,348
7993,291
7994,405
7995,295
7996,934
7997,295
7998,295
7999,295
8000,945
8001,966
8002,295
8003,765
8004,74
8005,295
8006,589
8007,310
8008,105
8009,295
8010,73
8011,103
8012,316
8013,295
8014,80
8015,537
8016,110
8017,64
8018,21
8019,295
8020,599
8021,490
8022,295
8023,295
8024,295
8025,911
8026,295
8027,295
8028,755
8029,564
8030,295
8031,295
8032,588
8033,295
8034,185
8035,295
8036,107
8037,50
8038,295
8039,530
8040,795
8041,324
8042,295
8043,592
8044,295
8045,88
8046,295
8047,291
8048,107
8049,295
8050,281
8051,832
8052,135
8053,97
8054,150
8055,239
8056,332
8057,529
8058,647
8059,70
8060,145
8061,330
8062,81
8063,524
8064,226
8065,875
8066,93
8067,721
8068,527
8069,162
8070,253
8071,978
8072,86
8073,96
8074,71
8075,295
8076,97
8077,767
8078,69
8079,81
8080,105
8081,295
8082,19
8083,107
8084,72
8085,509
8086,302
8087,108
8088,760
8089,470
8090,614
8091,491
8092,113
8093,295
8094,502
8095,98
8096,739
8097,641
8098,77
8099,295
8100,298
8101,295
8102,98
8103,195
8104,106
8105,295
8106,145
8107,295
8108,103
8109,117
8110,191
8111,71
8112,471
8113,295
8114,295
8115,944
8116,909
8117,295
8118,104
8119,106
8120,180
8121,295
8122,83
8123,217
8124,939
8125,107
8126,145
8127,572
8128,295
8129,295
8130,992
8131,606
8132,106
8133,66
8134,588
8135,890
8136,109
8137,295
8138,461
8139,299
8140,915
8141,74
8142,516
8143,781
8144,71
8145,78
8146,315
8147,917
8148,295
8149,295
8150,119
8151,151
8152,295
8153,106
8154,945
8155,306
8156,629
8157,295
8158,295
8159,295
8160,124
8161,927
8162,471
8163,91
8164,295
8165,926
8166,151
8167,145
8168,906
8169,416
8170,285
8171,101
8172,190
8173,506
8174,295
8175,930
8176,295
8177,73
8178,560
8179,295
8180,295
8181,428
8182,449
8183,603
8184,295
8185,295
8186,714
8187,295
8188,952
8189,476
8190,295
8191,993
8192,439
8193,213
8194,113
8195,295
8196,295
8197,54
8198,837
8199,145
8200,280
8201,536
8202,335
8203,295
8204,295
8205,113
8206,295
8207,744
8208,295
8209,856
8210,836
8211,128
8212,295
8213,510
8214,295
8215,45
8216,818
8217,295
8218,59
8219,73
8220,592
8221,67
8222,255
8223,285
8224,126
8225,107
8226,339
8227,119
8228,763
8229,295
8230,295
8231,663
8232,133
8233,739
8234,232
8235,100
8236,107
8237,295
8238,295
8239,67
8240,651
8241,538
8242,295
8243,727
8244,292
8245,295
8246,106
8247,338
8248,295
8249,666
8250,658
8251,173
8252,299
8253,502
8254,679
8255,295
8256,295
8257,597
8258,295
8259,107
8260,284
8261,792
8262,452
8263,97
8264,619
8265,235
8266,295
8267,107
8268,295
8269,215
8270,335
8271,819
8272,295
8273,295
8274,886
8275,82
8276,95
8277,932
8278,88
8279,575
8280,295
8281,98
8282,295
8283,369
8284,295
8285,131
8286,568
8287,164
8288,699
8289,295
8290,504
8291,310
8292,107
8293,295
8294,79
8295,60
8296,978
8297,80
8298,923
8299,397
8300,295
8301,147
8302,295
8303,295
8304,996
8305,72
8306,394
8307,72
8308,145
8309,295
8310,294
8311,890
8312,145
8313,632
8314,153
8315,295
8316,295
8317,158
8318,295
8319,104
8320,81
8321,742
8322,740
8323,295
8324,659
8325,518
8326,73
8327,85
8328,734
8329,993
8330,295
8331,295
8332,117
8333,79
8334,595
8335,295
8336,739
8337,126
8338,295
8339,83
8340,939
8341,360
8342,295
8343,936
8344,60
8345,864
8346,110
8347,410
8348,291
8349,941
8350,114
8351,889
8352,156
8353,90
8354,940
8355,786
8356,148
8357,555
8358,295
8359,487
8360,119
8361,999
8362,97
8363,613
8364,881
8365,315
8366,917
8367,295
8368,109
8369,295
8370,342
8371,145
8372,855
8373,118
8374,272
8375,717
8376,91
8377,295
8378,67
8379,120
8380,900
8381,129
8382,57
8383,295
8384,295
8385,503
8386,88
8387,164
8388,295
8389,466
8390,106
8391,68
8392,939
8393,990
8394,295
8395,295
8396,295
8397,300
8398,467
8399,295
8400,295
8401,295
8402,69
8403,579
8404,165
8405,799
8406,295
8407,299
8408,295
8409,295
8410,294
8411,296
8412,295
8413,95
8414,634
8415,295
8416,817
8417,794
8418,295
8419,685
8420,71
8421,295
8422,295
8423,163
8424,292
8425,558
8426,104
8427,295
8428,473
8429,82
8430,474
8431,838
8432,295
8433,372
8434,295
8435,954
8436,295
8437,591
8438,659
8439,74
8440,295
8441,67
8442,927
8443,161
8444,295
8445,295
8446,471
8447,109
8448,575
8449,624
8450,104
8451,103
8452,295
8453,295
8454,297
8455,390
8456,504
8457,73
8458,782
8459,302
8460,295
8461,295
8462,103
8463,295
8464,295
8465,294
8466,145
8467,556
8468,295
8469,106
8470,293
8471,830
8472,295
8473,510
8474,900
8475,295
8476,87
8477,208
8478,100
8479,145
8480,148
8481,924
8482,295
8483,940
8484,104
8485,300
8486,594
8487,382
8488,295
8489,596
8490,295
8491,295
8492,62
8493,295
8494,295
8495,72
8496,91
8497,295
8498,858
8499,748
8500,458
8501,562
8502,295
8503,279
8504,597
8505,295
8506,434
8507,295
8508,97
8509,75
8510,295
8511,295
8512,435
8513,103
8514,510
8515,532
8516,408
8517,72
8518,106
8519,501
8520,818
8521,295
8522,99
8523,909
8524,933
8525,295
8526,60
8527,295
8528,101
8529,469
8530,72
8531,295
8532,513
8533,145
8534,295
8535,526
8536,944
8537,287
8538,295
8539,295
8540,295
8541,295
8542,284
8543,83
8544,73
8545,311
8546,901
8547,682
8548,73
8549,295
8550,475
8551,295
8552,562
8553,781
8554,401
8555,994
8556,189
8557,108
8558,295
8559,295
8560,295
8561,98
8562,493
8563,102
8564,862
8565,295
8566,380
8567,99
8568,536
8569,904
8570,234
8571,67
8572,295
8573,12
8574,98
8575,314
8576,675
8577,101
8578,295
8579,60
8580,173
8581,719
8582,881
8583,534
8584,295
8585,105
8586,295
8587,463
8588,77
8589,833
8590,107
8591,444
8592,289
8593,296
8594,270
8595,387
8596,104
8597,295
8598,536
8599,99
8600,84
8601,104
8602,295
8603,135
8604,295
8605,351
8606,79
8607,579
8608,295
8609,146
8610,129
8611,295
8612,249
8613,866
8614,153
8615,335
8616,585
8617,295
8618,755
8619,75
8620,295
8621,105
8622,145
8623,421
8624,544
8625,283
8626,541
8627,72
8628,811
8629,580
8630,295
8631,945
8632,295
8633,295
8634,341
8635,79
8636,53
8637,887
8638,121
8639,745
8640,288
8641,72
8642,295
8643,295
8644,63
8645,295
8646,70
8647,465
8648,808
8649,110
8650,295
8651,295
8652,250
8653,504
8654,523
8655,102
8656,295
8657,823
8658,295
8659,671
8660,671
8661,114
8662,87
8663,189
8664,110
8665,164
8666,942
8667,110
8668,228
8669,104
8670,71
8671,683
8672,295
8673,895
8674,295
8675,747
8676,341
8677,82
8678,71
8679,84
8680,938
8681,295
8682,433
8683,501
8684,295
8685,54
8686,124
8687,471
8688,262
8689,106
8690,111
8691,745
8692,126
8693,442
8694,86
8695,641
8696,107
8697,295
8698,295
8699,524
8700,295
8701,73
8702,730
8703,147
8704,303
8705,901
8706,526
8707,76
8708,295
8709,67
8710,481
8711,85
8712,396
8713,734
8714,383
8715,295
8716,822
8717,766
8718,467
8719,71
8720,454
8721,73
8722,998
8723,117
8724,107
8725,282
8726,243
8727,635
8728,583
8729,141
8730,500
8731,74
8732,295
8733,296
8734,174
8735,295
8736,87
8737,80
8738,295
8739,121
8740,295
8741,609
8742,804
8743,295
8744,919
8745,295
8746,590
8747,103
8748,107
8749,681
8750,452
8751,144
8752,63
8753,859
8754,595
8755,80
8756,61
8757,874
8758,579
8759,86
8760,295
8761,60
8762,512
8763,108
8764,295
8765,295
8766,496
8767,632
8768,295
8769,820
8770,501
8771,295
8772,663
8773,236
8774,163
8775,316
8776,72
8777,295
8778,295
8779,82
8780,295
8781,926
8782,295
8783,62
8784,80
8785,295
8786,107
8787,567
8788,692
8789,295
8790,523
8791,443
8792,978
8793,810
8794,295
8795,61
8796,455
8797,979
8798,833
8799,361
8800,60
8801,78
8802,105
8803,103
8804,295
8805,479
8806,86
8807,412
8808,295
8809,294
8810,476
8811,299
8812,553
8813,720
8814,560
8815,295
8816,898
8817,135
8818,75
8819,76
8820,652
8821,676
8822,97
8823,754
8824,295
8825,56
8826,60
8827,103
8828,107
8829,378
8830,295
8831,618
8832,908
8833,412
8834,439
8835,295
8836,745
8837,182
8838,295
8839,504
8840,74
8841,499
8842,947
8843,214
8844,84
8845,739
8846,102
8847,373
8848,241
8849,295
8850,276
8851,109
8852,295
8853,145
8854,295
8855,86
8856,891
8857,107
8858,295
8859,295
8860,295
8861,80
8862,731
8863,113
8864,801
8865,295
8866,93
8867,496
8868,225
8869,212
8870,295
8871,354
8872,107
8873,760
8874,861
8875,295
8876,591
8877,564
8878,94
8879,295
8880,940
8881,54
8882,813
8883,560
8884,683
8885,497
8886,96
8887,902
8888,295
8889,145
8890,295
8891,122
8892,295
8893,75
8894,843
8895,176
8896,295
8897,293
8898,255
8899,295
8900,955
8901,131
8902,619
8903,108
8904,107
8905,849
8906,73
8907,295
8908,413
8909,295
8910,450
8911,670
8912,521
8913,56
8914,326
8915,295
8916,295
8917,295
8918,101
8919,85
8920,295
8921,557
8922,120
8923,875
8924,92
8925,459
8926,500
8927,109
8928,806
8929,395
8930,667
8931,98
8932,347
8933,295
8934,153
8935,815
8936,295
8937,297
8938,295
8939,556
8940,684
8941,980
8942,197
8943,511
8944,101
8945,550
8946,290
8947,517
8948,709
8949,295
8950,295
8951,110
8952,295
8953,45
8954,781
8955,66
8956,65
8957,65
8958,91
8959,119
8960,287
8961,295
8962,94
8963,621
8964,295
8965,558
8966,295
8967,295
8968,58
8969,110
8970,295
8971,734
8972,295
8973,295
8974,295
8975,342
8976,447
8977,855
8978,575
8979,163
8980,295
8981,82
8982,804
8983,223
8984,295
8985,315
8986,108
8987,145
8988,91
8989,94
8990,104
8991,71
8992,295
8993,295
8994,400
8995,295
8996,295
8997,911
8998,787
8999,295
9000,994
9001,543
9002,106
9003,295
9004,69
9005,237
9006,295
9007,107
9008,295
9009,51
9010,295
9011,95
9012,345
9013,901
9014,86
9015,584
9016,591
9017,690
9018,481
9019,295
9020,295
9021,104
9022,295
9023,594
9024,295
9025,295
9026,129
9027,578
9028,67
9029,97
9030,295
9031,153
9032,515
9033,295
9034,603
9035,872
9036,103
9037,126
9038,295
9039,134
9040,547
9041,295
9042,559
9043,288
9044,295
9045,81
9046,106
9047,80
9048,20
9049,205
9050,669
9051,620
9052,37
9053,510
9054,74
9055,85
9056,332
9057,108
9058,71
9059,97
9060,137
9061,144
9062,295
9063,295
9064,87
9065,100
9066,295
9067,80
9068,645
9069,892
9070,401
9071,622
9072,775
9073,985
9074,399
9075,70
9076,107
9077,295
9078,295
9079,290
9080,295
9081,936
9082,299
9083,295
9084,126
9085,124
9086,66
9087,69
9088,549
9089,102
9090,768
9091,295
9092,93
9093,528
9094,699
9095,308
9096,295
9097,48
9098,110
9099,554
9100,130
9101,96
9102,124
9103,95
9104,295
9105,107
9106,295
9107,295
9108,295
9109,297
9110,295
9111,84
9112,295
9113,295
9114,145
9115,709
9116,295
9117,72
9118,686
9119,107
9120,517
9121,489
9122,101
9123,326
9124,107
9125,666
9126,72
9127,295
9128,92
9129,547
9130,585
9131,295
9132,138
9133,459
9134,88
9135,60
9136,295
9137,295
9138,62
9139,104
9140,616
9141,295
9142,103
9143,295
9144,556
9145,561
9146,90
9147,453
9148,530
9149,686
9150,98
9151,941
9152,612
9153,302
9154,295
9155,116
9156,501
9157,295
9158,106
9159,295
9160,295
9161,103
9162,363
9163,106
9164,80
9165,335
9166,727
9167,632
9168,74
9169,831
9170,934
9171,73
9172,373
9173,299
9174,992
9175,615
9176,595
9177,76
9178,564
9179,542
9180,588
9181,500
9182,486
9183,295
9184,784
9185,183
9186,553
9187,200
9188,107
9189,295
9190,243
9191,295
9192,295
9193,568
9194,295
9195,295
9196,295
9197,74
9198,521
9199,53
9200,295
9201,92
9202,486
9203,98
9204,846
9205,295
9206,694
9207,962
9208,930
9209,100
9210,295
9211,77
9212,267
9213,98
9214,291
9215,309
9216,295
9217,295
9218,104
9219,978
9220,295
9221,295
9222,99
9223,79
9224,925
9225,298
9226,115
9227,295
9228,295
9229,634
9230,20
9231,295
9232,82
9233,335
9234,147
9235,282
9236,295
9237,73
9238,129
9239,295
9240,295
9241,601
9242,580
9243,70
9244,952
9245,295
9246,71
9247,72
9248,624
9249,814
9250,553
9251,295
9252,103
9253,62
9254,800
9255,295
9256,224
9257,183
9258,72
9259,295
9260,923
9261,108
9262,295
9263,76
9264,927
9265,72
9266,318
9267,295
9268,104
9269,102
9270,295
9271,106
9272,295
9273,295
9274,981
9275,119
9276,492
9277,305
9278,53
9279,87
9280,145
9281,298
9282,295
9283,72
9284,82
9285,124
9286,295
9287,353
9288,160
9289,295
9290,297
9291,295
9292,675
9293,138
9294,289
9295,933
9296,542
9297,126
9298,11
9299,62
9300,295
9301,299
9302,130
9303,295
9304,72
9305,72
9306,73
9307,295
9308,850
9309,295
9310,295
9311,299
9312,295
9313,597
9314,295
9315,715
9316,301
9317,389
9318,70
9319,972
9320,295
9321,295
9322,372
9323,473
9324,252
9325,939
9326,781
9327,115
9328,103
9329,99
9330,480
9331,501
9332,96
9333,434
9334,949
9335,295
9336,59
9337,117
9338,379
9339,295
9340,304
9341,295
9342,295
9343,104
9344,933
9345,507
9346,745
9347,69
9348,123
9349,267
9350,134
9351,524
9352,295
9353,73
9354,208
9355,107
9356,144
9357,295
9358,894
9359,618
9360,99
9361,62
9362,572
9363,685
9364,910
9365,613
9366,106
9367,67
9368,59
9369,295
9370,95
9371,75
9372,153
9373,250
9374,295
9375,224
9376,475
9377,295
9378,713
9379,294
9380,274
9381,295
9382,784
9383,295
9384,504
9385,565
9386,97
9387,104
9388,61
9389,507
9390,830
9391,111
9392,295
9393,821
9394,295
9395,218
9396,153
9397,295
9398,295
9399,295
9400,84
9401,103
9402,939
9403,954
9404,295
9405,295
9406,295
9407,295
9408,164
9409,295
9410,295
9411,992
9412,297
9413,295
9414,390
9415,932
9416,295
9417,93
9418,38
9419,376
9420,296
9421,802
9422,295
9423,955
9424,295
9425,927
9426,929
9427,295
9428,939
9429,421
9430,122
9431,295
9432,97
9433,70
9434,979
9435,832
9436,295
9437,115
9438,295
9439,295
9440,54
9441,119
9442,519
9443,104
9444,87
9445,203
9446,295
9447,296
9448,513
9449,295
9450,295
9451,886
9452,303
9453,287
9454,295
9455,295
9456,103
9457,295
9458,295
9459,100
9460,679
9461,165
9462,930
9463,295
9464,149
9465,288
9466,780
9467,899
9468,370
9469,108
9470,295
9471,700
9472,295
9473,104
9474,73
9475,295
9476,119
9477,110
9478,295
9479,69
9480,220
9481,864
9482,107
9483,295
9484,454
9485,295
9486,882
9487,107
9488,453
9489,753
9490,295
9491,121
9492,70
9493,102
9494,295
9495,458
9496,295
9497,54
9498,388
9499,933
9500,426
9501,979
9502,443
9503,294
9504,295
9505,105
9506,100
9507,535
9508,295
9509,957
9510,68
9511,108
9512,348
9513,702
9514,295
9515,557
9516,380
9517,601
9518,107
9519,134
9520,134
9521,1000
9522,880
9523,153
9524,298
9525,905
9526,295
9527,295
9528,104
9529,295
9530,295
9531,295
9532,854
9533,447
9534,86
9535,498
9536,588
9537,322
9538,746
9539,295
9540,61
9541,105
9542,295
9543,153
9544,780
9545,487
9546,849
9547,792
9548,128
9549,295
9550,886
9551,107
9552,83
9553,62
9554,295
9555,70
9556,163
9557,75
9558,78
9559,537
9560,295
9561,95
9562,284
9563,153
9564,77
9565,72
9566,295
9567,295
9568,295
9569,26
9570,164
9571,107
9572,727
9573,948
9574,295
9575,299
9576,942
9577,145
9578,937
9579,295
9580,511
9581,121
9582,295
9583,315
9584,295
9585,295
9586,295
9587,965
9588,295
9589,295
9590,72
9591,100
9592,652
9593,295
9594,111
9595,295
9596,426
9597,295
9598,83
9599,119
9600,264
9601,903
9602,715
9603,300
9604,71
9605,986
9606,640
9607,145
9608,295
9609,72
9610,250
9611,295
9612,937
9613,295
9614,75
9615,295
9616,707
9617,104
9618,653
9619,295
9620,446
9621,295
9622,102
9623,119
9624,119
9625,721
9626,295
9627,99
9628,972
9629,295
9630,61
9631,295
9632,73
9633,558
9634,72
9635,319
9636,295
9637,819
9638,61
9639,611
9640,298
9641,627
9642,578
9643,458
9644,597
9645,666
9646,333
9647,473
9648,126
9649,79
9650,62
9651,295
9652,443
9653,334
9654,571
9655,571
9656,76
9657,109
9658,295
9659,777
9660,295
9661,295
9662,823
9663,945
9664,414
9665,581
9666,96
9667,295
9668,295
9669,943
9670,679
9671,295
9672,295
9673,295
9674,295
9675,882
9676,486
9677,295
9678,665
9679,74
9680,295
9681,590
9682,85
9683,78
9684,295
9685,314
9686,295
9687,234
9688,139
9689,739
9690,878
9691,295
9692,295
9693,295
9694,279
9695,323
9696,923
9697,263
9698,465
9699,104
9700,751
9701,295
9702,599
9703,191
9704,94
9705,295
9706,968
9707,111
9708,338
9709,548
9710,295
9711,119
9712,295
9713,774
9714,951
9715,969
9716,419
9717,825
9718,295
9719,104
9720,488
9721,295
9722,271
9723,96
9724,295
9725,72
9726,945
9727,71
9728,153
9729,79
9730,314
9731,67
9732,295
9733,536
9734,151
9735,105
9736,113
9737,153
9738,877
9739,95
9740,384
9741,21
9742,108
9743,295
9744,680
9745,527
9746,128
9747,515
9748,757
9749,98
9750,919
9751,59
9752,606
9753,664
9754,103
9755,132
9756,349
9757,295
9758,295
9759,295
9760,82
9761,590
9762,295
9763,295
9764,295
9765,153
9766,284
9767,104
9768,214
9769,107
9770,381
9771,858
9772,823
9773,295
9774,295
9775,295
9776,295
9777,83
9778,120
9779,295
9780,18
9781,309
9782,295
9783,295
9784,100
9785,131
9786,295
9787,322
9788,67
9789,295
9790,295
9791,65
9792,443
9793,892
9794,96
9795,295
9796,294
9797,325
9798,207
9799,435
9800,108
9801,446
9802,100
9803,99
9804,295
9805,424
9806,239
9807,295
9808,83
9809,295
9810,295
9811,295
9812,295
9813,110
9814,99
9815,693
9816,62
9817,454
9818,492
9819,295
9820,528
9821,104
9822,884
9823,329
9824,505
9825,68
9826,132
9827,46
9828,911
9829,76
9830,62
9831,295
9832,145
9833,295
9834,138
9835,629
9836,580
9837,482
9838,104
9839,377
9840,865
9841,295
9842,297
9843,74
9844,72
9845,710
9846,162
9847,538
9848,705
9849,703
9850,104
9851,75
9852,425
9853,67
9854,477
9855,295
9856,582
9857,72
9858,295
9859,295
9860,138
9861,301
9862,82
9863,712
9864,86
9865,805
9866,963
9867,295
9868,149
9869,138
9870,478
9871,72
9872,295
9873,295
9874,295
9875,294
9876,70
9877,659
9878,115
9879,709
9880,138
9881,561
9882,72
9883,675
9884,295
9885,102
9886,478
9887,295
9888,104
9889,295
9890,94
9891,652
9892,72
9893,63
9894,656
9895,462
9896,63
9897,420
9898,63
9899,295
9900,295
9901,628
9902,295
9903,444
9904,769
9905,660
9906,806
9907,295
9908,78
9909,295
9910,167
9911,290
9912,102
9913,295
9914,295
9915,954
9916,63
9917,864
9918,295
9919,295
9920,295
9921,403
9922,295
9923,295
9924,93
9925,145
9926,553
9927,47
9928,617
9929,145
9930,72
9931,693
9932,591
9933,295
9934,295
9935,107
9936,153
9937,107
9938,694
9939,223
9940,59
9941,557
9942,654
9943,511
9944,518
9945,294
9946,603
9947,703
9948,104
9949,369
9950,568
9951,901
9952,295
9953,608
9954,297
9955,370
9956,110
9957,82
9958,678
9959,295
9960,516
9961,918
9962,93
9963,291
9964,295
9965,348
9966,779
9967,501
9968,295
9969,585
9970,295
9971,295
9972,119
9973,278
9974,82
9975,401
9976,64
9977,579
9978,112
9979,692
9980,295
9981,639
9982,71
9983,78
9984,189
9985,584
9986,709
9987,103
9988,295
9989,63
9990,295
9991,447
9992,807
9993,472
9994,436
9995,295
9996,105
9997,104
9998,216
9999,81
10000,104
10001,487
10002,295
10003,295
10004,552
10005,295
10006,4
10007,195
10008,102
10009,104
10010,675
10011,295
10012,107
10013,84
10014,97
10015,164
10016,116
10017,110
10018,358
10019,66
10020,107
10021,66
10022,86
10023,974
10024,81
10025,90
10026,87
10027,794
10028,490
10029,93
10030,295
10031,295
10032,107
10033,62
10034,507
10035,168
10036,72
10037,454
10038,107
10039,295
10040,508
10041,105
10042,602
10043,82
10044,603
10045,295
10046,178
10047,297
10048,283
10049,295
10050,73
10051,221
10052,64
10053,558
10054,295
10055,295
10056,388
10057,295
10058,295
10059,295
10060,986
10061,774
10062,728
10063,295
10064,230
10065,609
10066,295
10067,530
10068,94
10069,535
10070,401
10071,295
10072,681
10073,457
10074,104
10075,86
10076,295
10077,101
10078,88
10079,95
10080,636
10081,145
10082,943
10083,197
10084,423
10085,71
10086,78
10087,291
10088,625
10089,830
10090,295
10091,203
10092,295
10093,291
10094,295
10095,162
10096,484
10097,119
10098,433
10099,347
10100,102
10101,865
10102,152
10103,83
10104,295
10105,241
10106,68
10107,295
10108,90
10109,145
10110,289
10111,295
10112,295
10113,401
10114,137
10115,296
10116,107
10117,854
10118,96
10119,678
10120,928
10121,97
10122,295
10123,89
10124,74
10125,720
10126,295
10127,99
10128,290
10129,153
10130,101
10131,62
10132,295
10133,608
10134,691
10135,453
10136,295
10137,459
10138,295
10139,567
10140,295
10141,295
10142,295
10143,240
10144,793
10145,153
10146,245
10147,535
10148,948
10149,580
10150,168
10151,84
10152,129
10153,73
10154,628
10155,74
10156,101
10157,282
10158,478
10159,288
10160,145
10161,295
10162,425
10163,794
10164,295
10165,295
10166,153
10167,446
10168,71
10169,295
10170,677
10171,164
10172,295
10173,464
10174,104
10175,125
10176,64
10177,69
10178,80
10179,135
10180,295
10181,302
10182,663
10183,72
10184,203
10185,954
10186,914
10187,102
10188,295
10189,917
10190,104
10191,76
10192,141
10193,88
10194,107
10195,142
10196,295
10197,237
10198,597
10199,95
10200,295
10201,300
10202,313
10203,295
10204,295
10205,51
10206,792
10207,530
10208,128
10209,73
10210,104
10211,563
10212,308
10213,295
10214,72
10215,288
10216,392
10217,783
10218,295
10219,295
10220,54
10221,73
10222,949
10223,99
10224,266
10225,553
10226,637
10227,322
10228,145
10229,985
10230,298
10231,675
10232,295
10233,108
10234,295
10235,295
10236,579
10237,351
10238,550
10239,295
10240,711
10241,295
10242,145
10243,208
10244,852
10245,985
10246,295
10247,76
10248,128
10249,69
10250,790
10251,107
10252,335
10253,295
10254,781
10255,295
10256,742
10257,104
10258,295
10259,435
10260,298
10261,88
10262,696
10263,295
10264,145
10265,669
10266,87
10267,295
10268,73
10269,90
10270,106
10271,833
10272,104
10273,123
10274,911
10275,145
10276,750
10277,371
10278,336
10279,104
10280,135
10281,955
10282,751
10283,295
10284,595
10285,295
10286,295
10287,104
10288,43
10289,295
10290,944
10291,295
10292,378
10293,51
10294,959
10295,295
10296,298
10297,295
10298,107
10299,153
10300,860
10301,275
10302,335
10303,295
10304,295
10305,295
10306,575
10307,706
10308,145
10309,295
10310,295
10311,497
10312,673
10313,295
10314,481
10315,295
10316,438
10317,105
10318,133
10319,585
10320,907
10321,133
10322,295
10323,643
10324,295
10325,295
10326,579
10327,105
10328,315
10329,295
10330,710
10331,365
10332,82
10333,107
10334,155
10335,303
10336,193
10337,295
10338,131
10339,295
10340,62
10341,523
10342,985
10343,295
10344,589
10345,825
10346,119
10347,81
10348,295
10349,295
10350,62
10351,295
10352,128
10353,295
10354,293
10355,80
10356,98
10357,550
10358,77
10359,99
10360,323
10361,286
10362,834
10363,102
10364,90
10365,820
10366,448
10367,240
10368,295
10369,703
10370,295
10371,295
10372,141
10373,295
10374,295
10375,93
10376,924
10377,295
10378,614
10379,94
10380,836
10381,952
10382,295
10383,295
10384,295
10385,947
10386,83
10387,543
10388,336
10389,55
10390,297
10391,295
10392,295
10393,295
10394,59
10395,852
10396,936
10397,72
10398,186
10399,295
10400,648
10401,71
10402,295
10403,71
10404,70
10405,104
10406,295
10407,761
10408,456
10409,191
10410,295
10411,307
10412,450
10413,576
10414,80
10415,108
10416,858
10417,821
10418,295
10419,631
10420,135
10421,82
10422,63
10423,680
10424,644
10425,295
10426,295
10427,454
10428,295
10429,774
10430,842
10431,618
10432,295
10433,65
10434,529
10435,309
10436,482
10437,150
10438,894
10439,295
10440,463
10441,597
10442,295
10443,607
10444,295
10445,145
10446,295
10447,107
10448,97
10449,70
10450,462
10451,189
10452,793
10453,334
10454,97
10455,295
10456,438
10457,295
10458,769
10459,135
10460,295
10461,942
10462,295
10463,295
10464,295
10465,119
10466,604
10467,596
10468,647
10469,315
10470,295
10471,107
10472,70
10473,80
10474,443
10475,375
10476,641
10477,369
10478,295
10479,559
10480,295
10481,295
10482,692
10483,954
10484,298
10485,103
10486,705
10487,110
10488,295
10489,295
10490,636
10491,295
10492,537
10493,619
10494,84
10495,132
10496,61
10497,104
10498,140
10499,497
10500,95
10501,276
10502,295
10503,421
10504,72
10505,164
10506,295
10507,295
10508,510
10509,483
10510,119
10511,622
10512,270
10513,295
10514,368
10515,459
10516,536
10517,295
10518,145
10519,295
10520,295
10521,128
10522,116
10523,104
10524,82
10525,460
10526,107
10527,71
10528,358
10529,295
10530,295
10531,649
10532,981
10533,444
10534,104
10535,295
10536,295
10537,933
10538,295
10539,295
10540,320
10541,878
10542,108
10543,141
10544,295
10545,159
10546,493
10547,298
10548,743
10549,712
10550,119
10551,295
10552,788
10553,730
10554,369
10555,68
10556,936
10557,73
10558,153
10559,513
10560,438
10561,101
10562,107
10563,135
10564,599
10565,295
10566,133
10567,295
10568,112
10569,295
10570,105
10571,295
10572,295
10573,604
10574,295
10575,114
10576,295
10577,702
10578,295
10579,89
10580,947
10581,61
10582,907
10583,661
10584,91
10585,952
10586,352
10587,295
10588,74
10589,125
10590,63
10591,76
10592,72
10593,785
10594,295
10595,295
10596,180
10597,101
10598,72
10599,303
10600,79
10601,441
10602,184
10603,595
10604,83
10605,606
10606,650
10607,429
10608,105
10609,104
10610,969
10611,102
10612,568
10613,126
10614,295
10615,112
10616,295
10617,153
10618,70
10619,895
10620,710
10621,293
10622,76
10623,295
10624,863
10625,135
10626,188
10627,295
10628,295
10629,917
10630,295
10631,276
10632,72
10633,396
10634,422
10635,153
10636,88
10637,96
10638,295
10639,295
10640,197
10641,682
10642,872
10643,295
10644,82
10645,125
10646,70
10647,707
10648,405
10649,768
10650,84
10651,445
10652,77
10653,295
10654,112
10655,118
10656,543
10657,805
10658,107
10659,568
10660,786
10661,70
10662,558
10663,523
10664,583
10665,295
10666,73
10667,75
10668,531
10669,78
10670,83
10671,283
10672,295
10673,295
10674,104
10675,295
10676,865
10677,72
10678,828
10679,82
10680,292
10681,126
10682,927
10683,457
10684,197
10685,295
10686,97
10687,547
10688,682
10689,119
10690,61
10691,295
10692,295
10693,104
10694,502
10695,118
10696,295
10697,611
10698,672
10699,691
10700,79
10701,295
10702,295
10703,900
10704,205
10705,295
10706,295
10707,439
10708,295
10709,100
10710,663
10711,295
10712,135
10713,295
10714,295
10715,295
10716,224
10717,704
10718,109
10719,561
10720,140
10721,463
10722,788
10723,623
10724,654
10725,738
10726,305
10727,462
10728,81
10729,328
10730,520
10731,647
10732,661
10733,471
10734,515
10735,999
10736,161
10737,295
10738,105
10739,249
10740,373
10741,295
10742,295
10743,82
10744,295
10745,223
10746,239
10747,81
10748,587
10749,295
10750,107
10751,557
10752,299
10753,523
10754,429
10755,295
10756,295
10757,156
10758,812
10759,611
10760,103
10761,295
10762,841
10763,143
10764,96
10765,295
10766,289
10767,288
10768,74
10769,295
10770,887
10771,131
10772,295
10773,441
10774,295
10775,72
10776,109
10777,740
10778,104
10779,295
10780,289
10781,291
10782,664
10783,959
10784,715
10785,945
10786,295
10787,854
10788,635
10789,758
10790,493
10791,85
10792,289
10793,936
10794,115
10795,295
10796,538
10797,107
10798,295
10799,294
10800,385
10801,896
10802,295
10803,735
10804,295
10805,295
10806,870
10807,381
10808,552
10809,88
10810,285
10811,223
10812,453
10813,83
10814,60
10815,722
10816,291
10817,504
10818,295
10819,469
10820,561
10821,253
10822,295
10823,65
10824,295
10825,842
10826,72
10827,564
10828,295
10829,751
10830,295
10831,295
10832,295
10833,295
10834,295
10835,596
10836,79
10837,867
10838,295
10839,523
10840,119
10841,709
10842,103
10843,850
10844,760
10845,867
10846,295
10847,78
10848,91
10849,295
10850,86
10851,295
10852,891
10853,670
10854,700
10855,74
10856,996
10857,81
10858,841
10859,165
10860,83
10861,295
10862,295
10863,980
10864,776
10865,97
10866,237
10867,941
10868,301
10869,295
10870,295
10871,663
10872,519
10873,647
10874,834
10875,523
10876,622
10877,132
10878,276
10879,113
10880,857
10881,945
10882,972
10883,295
10884,519
10885,160
10886,70
10887,832
10888,153
10889,957
10890,77
10891,102
10892,107
10893,600
10894,295
10895,167
10896,318
10897,523
10898,744
10899,118
10900,295
10901,295
10902,117
10903,787
10904,84
10905,361
10906,504
10907,295
10908,104
10909,73
10910,138
10911,956
10912,295
10913,295
10914,159
10915,550
10916,295
10917,303
10918,433
10919,221
10920,96
10921,132
10922,455
10923,295
10924,554
10925,101
10926,823
10927,107
10928,605
10929,400
10930,968
10931,237
10932,119
10933,85
10934,116
10935,295
10936,596
10937,102
10938,222
10939,272
10940,107
10941,692
10942,710
10943,720
10944,78
10945,139
10946,499
10947,100
10948,295
10949,834
10950,105
10951,912
10952,295
10953,307
10954,73
10955,110
10956,295
10957,276
10958,939
10959,171
10960,96
10961,605
10962,586
10963,295
10964,295
10965,509
10966,738
10967,104
10968,568
10969,119
10970,95
10971,449
10972,120
10973,229
10974,171
10975,295
10976,67
10977,295
10978,295
10979,336
10980,464
10981,273
10982,753
10983,982
10984,102
10985,120
10986,959
10987,295
10988,561
10989,121
10990,105
10991,634
10992,280
10993,94
10994,119
10995,121
10996,460
10997,282
10998,955
10999,424
11000,295
11001,526
11002,660
11003,103
11004,66
11005,107
11006,295
11007,936
11008,762
11009,295
11010,533
11011,295
11012,79
11013,295
11014,361
11015,565
11016,727
11017,694
11018,974
11019,145
11020,982
11021,127
11022,84
11023,295
11024,71
11025,295
11026,82
11027,578
11028,295
11029,860
11030,524
11031,287
11032,940
11033,112
11034,107
11035,295
11036,74
11037,847
11038,107
11039,153
11040,295
11041,295
11042,978
11043,857
11044,323
11045,817
11046,416
11047,104
11048,133
11049,295
11050,121
11051,797
11052,66
11053,852
11054,295
11055,939
11056,714
11057,295
11058,703
11059,295
11060,291
11061,295
11062,690
11063,870
11064,43
11065,247
11066,67
11067,283
11068,295
11069,613
11070,107
11071,290
11072,68
11073,295
11074,295
11075,570
11076,457
11077,295
11078,993
11079,332
11080,768
11081,160
11082,137
11083,104
11084,297
11085,643
11086,176
11087,94
11088,92
11089,731
11090,230
11091,103
11092,72
11093,371
11094,927
11095,95
11096,297
11097,295
11098,87
11099,295
11100,295
11101,101
11102,79
11103,91
11104,295
11105,376
11106,575
11107,106
11108,295
11109,298
11110,72
11111,371
11112,619
11113,754
11114,767
11115,417
11116,475
11117,683
11118,295
11119,258
11120,103
11121,295
11122,200
11123,295
11124,72
11125,100
11126,126
11127,73
11128,268
11129,446
11130,295
11131,212
11132,69
11133,295
11134,295
11135,295
11136,826
11137,295
11138,499
11139,278
11140,122
11141,612
11142,295
11143,295
11144,475
11145,174
11146,87
11147,87
11148,453
11149,932
11150,775
11151,130
11152,529
11153,83
11154,145
11155,107
11156,85
11157,668
11158,107
11159,295
11160,95
11161,856
11162,295
11163,753
11164,108
11165,291
11166,153
11167,295
11168,703
11169,295
11170,200
11171,295
11172,666
11173,78
11174,295
11175,447
11176,476
11177,295
11178,71
11179,295
11180,295
11181,301
11182,61
11183,801
11184,91
11185,188
11186,757
11187,555
11188,295
11189,70
11190,295
11191,705
11192,78
11193,71
11194,61
11195,106
11196,638
11197,96
11198,295
11199,295
11200,295
11201,295
11202,95
11203,295
11204,56
11205,104
11206,846
11207,107
11208,74
11209,60
11210,62
11211,102
11212,678
11213,832
11214,324
11215,413
11216,104
11217,295
11218,295
11219,295
11220,295
11221,508
11222,101
11223,705
11224,909
11225,568
11226,763
11227,737
11228,507
11229,127
11230,437
11231,95
11232,295
11233,295
11234,109
11235,879
11236,925
11237,355
11238,261
11239,509
11240,107
11241,128
11242,295
11243,750
11244,339
11245,808
11246,295
11247,903
11248,295
11249,68
11250,50
11251,907
11252,690
11253,295
11254,107
11255,295
11256,628
11257,295
11258,104
11259,479
11260,453
11261,295
11262,797
11263,194
11264,266
11265,936
11266,96
11267,501
11268,477
11269,787
11270,295
11271,153
11272,138
11273,295
11274,189
11275,766
11276,968
11277,807
11278,295
11279,549
11280,905
11281,55
11282,295
11283,295
11284,612
11285,295
11286,575
11287,295
11288,629
11289,90
11290,744
11291,295
11292,81
11293,295
11294,943
11295,687
11296,69
11297,128
11298,693
11299,202
11300,104
11301,107
11302,598
11303,73
11304,152
11305,536
11306,187
11307,305
11308,295
11309,103
11310,538
11311,103
11312,491
11313,295
11314,107
11315,787
11316,295
11317,103
11318,463
11319,474
11320,281
11321,246
11322,82
11323,287
11324,512
11325,507
11326,437
11327,729
11328,371
11329,84
11330,113
11331,295
11332,295
11333,69
11334,453
11335,134
11336,107
11337,717
11338,403
11339,77
11340,992
11341,93
11342,74
11343,295
11344,743
11345,860
11346,943
11347,295
11348,362
11349,74
11350,72
11351,295
11352,633
11353,206
11354,514
11355,580
11356,957
11357,507
11358,295
11359,981
11360,295
11361,73
11362,295
11363,547
11364,295
11365,107
11366,805
11367,107
11368,126
11369,343
11370,153
11371,760
11372,295
11373,76
11374,122
11375,73
11376,987
11377,137
11378,295
11379,289
11380,82
11381,295
11382,295
11383,103
11384,295
11385,733
11386,687
11387,295
11388,444
11389,295
11390,581
11391,895
11392,149
11393,113
11394,296
11395,613
11396,107
11397,100
11398,874
11399,295
11400,288
11401,153
11402,43
11403,500
11404,295
11405,295
11406,565
11407,603
11408,120
11409,516
11410,757
11411,217
11412,72
11413,295
11414,74
11415,515
11416,137
11417,366
11418,295
11419,100
11420,295
11421,629
11422,381
11423,135
11424,295
11425,296
11426,485
11427,295
11428,271
11429,145
11430,999
11431,681
11432,295
11433,366
11434,97
11435,295
11436,295
11437,649
11438,913
11439,72
11440,295
11441,295
11442,451
11443,132
11444,53
11445,993
11446,295
11447,145
11448,104
11449,62
11450,295
11451,519
11452,256
11453,758
11454,405
11455,295
11456,295
11457,91
11458,366
11459,295
11460,981
11461,76
11462,295
11463,295
11464,295
11465,770
11466,406
11467,366
11468,512
11469,171
11470,84
11471,918
11472,109
11473,813
11474,295
11475,745
11476,981
11477,295
11478,85
11479,106
11480,295
11481,328
11482,164
11483,68
11484,548
11485,450
11486,133
11487,654
11488,934
11489,434
11490,777
11491,63
11492,125
11493,104
11494,57
11495,293
11496,72
11497,301
11498,838
11499,296
11500,761
11501,295
11502,338
11503,83
11504,295
11505,75
11506,395
11507,221
11508,295
11509,939
11510,295
11511,295
11512,667
11513,295
11514,541
11515,478
11516,295
11517,72
11518,76
11519,556
11520,405
11521,72
11522,541
11523,63
11524,295
11525,295
11526,75
11527,121
11528,819
11529,397
11530,104
11531,295
11532,933
11533,294
11534,295
11535,959
11536,541
11537,147
11538,295
11539,450
11540,490
11541,107
11542,295
11543,289
11544,295
11545,295
11546,186
11547,770
11548,425
11549,295
11550,306
11551,73
11552,84
11553,72
11554,600
11555,295
11556,476
11557,65
11558,295
11559,112
11560,153
11561,135
11562,295
11563,302
11564,978
11565,110
11566,667
11567,73
11568,981
11569,629
11570,295
11571,351
11572,143
11573,295
11574,104
11575,592
11576,103
11577,368
11578,106
11579,136
11580,147
11581,82
11582,124
11583,658
11584,486
11585,72
11586,295
11587,295
11588,295
11589,295
11590,295
11591,573
11592,84
11593,295
11594,73
11595,562
11596,295
11597,295
11598,948
11599,295
11600,295
11601,290
11602,874
11603,689
11604,466
11605,72
11606,957
11607,60
11608,86
11609,295
11610,531
11611,295
11612,121
11613,63
11614,296
11615,295
11616,72
11617,132
11618,652
11619,632
11620,879
11621,770
11622,295
11623,104
11624,933
11625,106
11626,625
11627,295
11628,73
11629,706
11630,295
11631,994
11632,295
11633,291
11634,287
11635,978
11636,117
11637,286
11638,125
11639,94
11640,596
11641,295
11642,295
11643,667
11644,535
11645,450
11646,527
11647,874
11648,295
11649,115
11650,348
11651,939
11652,756
11653,103
11654,640
11655,689
11656,553
11657,76
11658,295
11659,91
11660,87
11661,153
11662,547
11663,328
11664,295
11665,153
11666,105
11667,295
11668,813
11669,275
11670,86
11671,107
11672,937
11673,295
11674,315
11675,295
11676,295
11677,107
11678,327
11679,104
11680,288
11681,821
11682,447
11683,100
11684,295
11685,375
11686,881
11687,588
11688,408
11689,295
11690,103
11691,614
11692,77
11693,296
11694,699
11695,817
11696,71
11697,295
11698,145
11699,140
11700,295
11701,535
11702,289
11703,295
11704,100
11705,295
11706,492
11707,295
11708,153
11709,61
11710,295
11711,103
11712,72
11713,295
11714,73
11715,823
11716,61
11717,295
11718,77
11719,79
11720,506
11721,86
11722,48
11723,82
11724,664
11725,297
11726,438
11727,126
11728,307
11729,627
11730,295
11731,295
11732,465
11733,302
11734,297
11735,119
11736,664
11737,98
11738,656
11739,70
11740,295
11741,584
11742,295
11743,930
11744,340
11745,295
11746,699
11747,63
11748,295
11749,295
11750,946
11751,295
11752,73
11753,655
11754,375
11755,105
11756,71
11757,79
11758,99
11759,295
11760,525
11761,945
11762,295
11763,80
11764,985
11765,295
11766,107
11767,145
11768,295
11769,295
11770,566
11771,107
11772,753
11773,506
11774,72
11775,985
11776,107
11777,295
11778,132
11779,295
11780,456
11781,560
11782,295
11783,295
11784,295
11785,119
11786,304
11787,295
11788,59
11789,117
11790,287
11791,295
11792,333
11793,295
11794,101
11795,295
11796,284
11797,551
11798,295
11799,238
11800,295
11801,341
11802,80
11803,295
11804,436
11805,252
11806,438
11807,605
11808,930
11809,295
11810,570
11811,513
11812,106
11813,294
11814,295
11815,102
11816,295
11817,295
11818,273
11819,477
11820,139
11821,295
11822,521
11823,919
11824,153
11825,87
11826,707
11827,295
11828,548
11829,104
11830,586
11831,868
11832,72
11833,295
11834,706
11835,847
11836,880
11837,255
11838,295
11839,295
11840,450
11841,111
11842,519
11843,104
11844,145
11845,600
11846,107
11847,438
11848,923
11849,790
11850,584
11851,100
11852,295
11853,560
11854,987
11855,119
11856,72
11857,247
11858,292
11859,299
11860,104
11861,295
11862,295
11863,77
11864,295
11865,107
11866,295
11867,295
11868,96
11869,281
11870,961
11871,118
11872,82
11873,104
11874,115
11875,295
11876,295
11877,106
11878,553
11879,295
11880,58
11881,105
11882,107
11883,295
11884,104
11885,403
11886,564
11887,295
11888,295
11889,67
11890,295
11891,904
11892,86
11893,74
11894,116
11895,295
11896,717
11897,361
11898,295
11899,75
11900,137
11901,112
11902,295
11903,143
11904,195
11905,295
11906,107
11907,269
11908,731
11909,107
11910,211
11911,282
11912,558
11913,295
11914,116
11915,104
11916,919
11917,892
11918,59
11919,523
11920,191
11921,165
11922,781
11923,55
11924,295
11925,789
11926,295
11927,100
11928,75
11929,95
11930,174
11931,109
11932,480
11933,711
11934,153
11935,335
11936,834
11937,533
11938,437
11939,672
11940,89
11941,153
11942,295
11943,602
11944,108
11945,933
11946,295
11947,936
11948,102
11949,65
11950,63
11951,715
11952,102
11953,56
11954,945
11955,648
11956,374
11957,82
11958,955
11959,798
11960,914
11961,295
11962,145
11963,592
11964,262
11965,717
11966,295
11967,295
11968,226
11969,70
11970,295
11971,295
11972,16
11973,295
11974,295
11975,780
11976,494
11977,295
11978,295
11979,795
11980,580
11981,295
11982,295
11983,153
11984,913
11985,295
11986,329
11987,295
11988,295
11989,523
11990,121
11991,441
11992,109
11993,84
11994,118
11995,694
11996,295
11997,295
11998,122
11999,935
12000,78
12001,295
12002,225
12003,59
12004,107
12005,419
12006,989
12007,87
12008,295
12009,880
12010,105
12011,586
12012,96
12013,465
12014,73
12015,119
12016,92
12017,281
12018,365
12019,730
12020,533
12021,316
12022,184
12023,295
12024,94
12025,295
12026,295
12027,114
12028,295
12029,479
12030,295
12031,295
12032,157
12033,249
12034,574
12035,295
12036,436
12037,110
12038,72
12039,295
12040,628
12041,104
12042,960
12043,109
12044,501
12045,718
12046,295
12047,100
12048,550
12049,693
12050,296
12051,525
12052,295
12053,295
12054,522
12055,72
12056,314
12057,441
12058,71
12059,119
12060,102
12061,105
12062,119
12063,295
12064,654
12065,107
12066,77
12067,96
12068,601
12069,982
12070,295
12071,77
12072,62
12073,495
12074,127
12075,79
12076,574
12077,367
12078,295
12079,439
12080,295
12081,80
12082,927
12083,377
12084,295
12085,204
12086,550
12087,544
12088,296
12089,451
12090,295
12091,295
12092,295
12093,74
12094,295
12095,72
12096,107
12097,417
12098,767
12099,153
12100,728
12101,522
12102,290
12103,944
12104,153
12105,295
12106,295
12107,82
12108,897
12109,295
12110,295
12111,295
12112,295
12113,295
12114,90
12115,511
12116,312
12117,295
12118,80
12119,295
12120,104
12121,78
12122,72
12123,77
12124,526
12125,333
12126,295
12127,295
12128,74
12129,322
12130,104
12131,295
12132,295
12133,97
12134,266
12135,295
12136,242
12137,907
12138,350
12139,556
12140,66
12141,113
12142,69
12143,469
12144,128
12145,112
12146,369
12147,559
12148,295
12149,295
12150,295
12151,104
12152,109
12153,574
12154,55
12155,295
12156,295
12157,65
12158,952
12159,648
12160,231
12161,104
12162,814
12163,479
12164,295
12165,295
12166,329
12167,295
12168,295
12169,62
12170,698
12171,91
12172,858
12173,118
12174,549
12175,103
12176,295
12177,295
12178,514
12179,754
12180,95
12181,739
12182,309
12183,251
12184,295
12185,303
12186,484
12187,295
12188,153
12189,694
12190,630
12191,295
12192,295
12193,68
12194,439
12195,295
12196,287
12197,516
12198,60
12199,295
12200,536
12201,479
12202,72
12203,126
12204,78
12205,103
12206,295
12207,59
12208,121
12209,93
12210,866
12211,295
12212,85
12213,78
12214,379
12215,434
12216,902
12217,917
12218,77
12219,533
12220,295
12221,426
12222,295
12223,427
12224,896
12225,75
12226,617
12227,667
12228,295
12229,75
12230,295
12231,295
12232,145
12233,259
12234,512
12235,108
12236,295
12237,295
12238,295
12239,72
12240,429
12241,106
12242,352
12243,724
12244,295
12245,61
12246,844
12247,230
12248,72
12249,812
12250,153
12251,72
12252,886
12253,292
12254,295
12255,94
12256,295
12257,477
12258,295
12259,70
12260,951
12261,486
12262,504
12263,865
12264,151
12265,68
12266,295
12267,476
12268,295
12269,295
12270,302
12271,454
12272,538
12273,119
12274,104
12275,122
12276,532
12277,145
12278,402
12279,383
12280,611
12281,445
12282,295
12283,72
12284,93
12285,107
12286,295
12287,512
12288,65
12289,859
12290,127
12291,295
12292,295
12293,438
12294,107
12295,71
12296,77
12297,74
12298,504
12299,776
12300,295
12301,68
12302,634
12303,577
12304,121
12305,295
12306,295
12307,112
12308,119
12309,822
12310,71
12311,299
12312,106
12313,295
12314,906
12315,703
12316,383
12317,295
12318,803
12319,961
12320,72
12321,825
12322,295
12323,124
12324,104
12325,933
12326,295
12327,629
12328,642
12329,823
12330,86
12331,419
12332,295
12333,94
12334,132
12335,295
12336,72
12337,171
12338,295
12339,295
12340,475
12341,295
12342,108
12343,120
12344,295
12345,295
12346,383
12347,137
12348,119
12349,295
12350,303
12351,107
12352,295
12353,685
12354,295
12355,129
12356,61
12357,297
12358,295
12359,120
12360,74
12361,124
12362,83
12363,295
12364,294
12365,110
12366,672
12367,285
12368,475
12369,62
12370,145
12371,275
12372,295
12373,77
12374,295
12375,76
12376,888
12377,159
12378,268
12379,355
12380,675
12381,817
12382,123
12383,119
12384,72
12385,453
12386,447
12387,101
12388,299
12389,76
12390,295
12391,295
12392,903
12393,348
12394,295
12395,295
12396,295
12397,379
12398,299
12399,295
12400,586
12401,105
12402,780
12403,253
12404,282
12405,405
12406,303
12407,800
12408,414
12409,295
12410,355
12411,237
12412,642
12413,163
12414,104
12415,295
12416,649
12417,70
12418,776
12419,295
12420,295
12421,883
12422,263
12423,295
12424,947
12425,160
12426,501
12427,295
12428,99
12429,139
12430,283
12431,315
12432,436
12433,498
12434,415
12435,74
12436,295
12437,295
12438,522
12439,295
12440,295
12441,295
12442,561
12443,103
12444,295
12445,457
12446,681
12447,747
12448,91
12449,133
12450,296
12451,210
12452,295
12453,847
12454,54
12455,768
12456,295
12457,104
12458,404
12459,216
12460,63
12461,782
12462,121
12463,766
12464,101
12465,295
12466,295
12467,115
12468,102
12469,295
12470,759
12471,295
12472,517
12473,295
12474,199
12475,379
12476,295
12477,104
12478,295
12479,72
12480,295
12481,450
12482,295
12483,693
12484,107
12485,295
12486,104
12487,553
12488,412
12489,647
12490,983
12491,295
12492,74
12493,295
12494,295
12495,514
12496,295
12497,295
12498,948
12499,114
12500,305
12501,145
12502,129
12503,426
12504,145
12505,128
12506,827
12507,295
12508,207
12509,119
12510,297
12511,315
12512,876
12513,295
12514,801
12515,153
12516,165
12517,295
12518,86
12519,761
12520,72
12521,135
12522,295
12523,295
12524,246
12525,315
12526,145
12527,130
12528,295
12529,295
12530,881
12531,641
12532,168
12533,112
12534,345
12535,534
12536,362
12537,73
12538,295
12539,805
12540,583
12541,295
12542,771
12543,735
12544,295
12545,83
12546,954
12547,772
12548,819
12549,295
12550,192
12551,341
12552,514
12553,63
12554,293
12555,18
12556,159
12557,101
12558,295
12559,73
12560,107
12561,71
12562,234
12563,701
12564,106
12565,84
12566,956
12567,62
12568,69
12569,601
12570,26
12571,615
12572,654
12573,287
12574,164
12575,138
12576,106
12577,185
12578,43
12579,330
12580,138
12581,295
12582,295
12583,932
12584,119
12585,106
12586,295
12587,625
12588,183
12589,758
12590,446
12591,104
12592,52
12593,81
12594,540
12595,107
12596,623
12597,80
12598,614
12599,484
12600,145
12601,628
12602,102
12603,107
12604,440
12605,259
12606,295
12607,103
12608,295
12609,295
12610,295
12611,145
12612,65
12613,236
12614,72
12615,749
12616,295
12617,299
12618,75
12619,930
12620,600
12621,295
12622,103
12623,512
12624,295
12625,676
12626,126
12627,295
12628,526
12629,109
12630,133
12631,295
12632,542
12633,729
12634,295
12635,419
12636,487
12637,65
12638,543
12639,295
12640,295
12641,394
12642,89
12643,447
12644,564
12645,276
12646,109
12647,724
12648,295
12649,107
12650,145
12651,82
12652,147
12653,542
12654,295
12655,473
12656,295
12657,803
12658,145
12659,261
12660,153
12661,164
12662,295
12663,334
12664,111
12665,78
12666,583
12667,295
12668,107
12669,901
12670,295
12671,878
12672,135
12673,295
12674,101
12675,295
12676,60
12677,295
12678,56
12679,458
12680,295
12681,295
12682,295
12683,70
12684,642
12685,951
12686,315
12687,77
12688,868
12689,863
12690,105
12691,107
12692,295
12693,654
12694,295
12695,295
12696,938
12697,119
12698,295
12699,309
12700,107
12701,295
12702,470
12703,295
12704,709
12705,577
12706,295
12707,71
12708,861
12709,509
12710,295
12711,332
12712,62
12713,874
12714,836
12715,295
12716,717
12717,525
12718,75
12719,295
12720,68
12721,115
12722,135
12723,295
12724,101
12725,819
12726,287
12727,324
12728,295
12729,145
12730,957
12731,295
12732,70
12733,71
12734,878
12735,295
12736,103
12737,295
12738,752
12739,295
12740,295
12741,295
12742,658
12743,295
12744,295
12745,295
12746,86
12747,80
12748,295
12749,293
12750,295
12751,64
12752,295
12753,941
12754,295
12755,567
12756,354
12757,145
12758,295
12759,845
12760,693
12761,94
12762,617
12763,295
12764,687
12765,295
12766,296
12767,302
12768,458
12769,86
12770,555
12771,690
12772,267
12773,295
12774,295
12775,295
12776,295
12777,296
12778,295
12779,564
12780,554
12781,507
12782,295
12783,793
12784,68
12785,300
12786,141
12787,848
12788,607
12789,545
12790,295
12791,730
12792,299
12793,295
12794,295
12795,834
12796,295
12797,567
12798,119
12799,295
12800,938
12801,411
12802,72
12803,295
12804,305
12805,107
12806,613
12807,863
12808,587
12809,505
12810,504
12811,780
12812,884
12813,295
12814,295
12815,289
12816,295
12817,62
12818,94
12819,280
12820,691
12821,490
12822,541
12823,72
12824,295
12825,943
12826,73
12827,695
12828,235
12829,204
12830,98
12831,104
12832,295
12833,100
12834,822
12835,89
12836,510
12837,262
12838,74
12839,140
12840,70
12841,973
12842,121
12843,964
12844,295
12845,530
12846,295
12847,164
12848,134
12849,108
12850,981
12851,72
12852,68
12853,904
12854,703
12855,295
12856,295
12857,72
12858,295
12859,295
12860,303
12861,278
12862,341
12863,295
12864,295
12865,300
12866,145
12867,56
12868,252
12869,295
12870,61
12871,71
12872,522
12873,388
12874,276
12875,295
12876,386
12877,294
12878,365
12879,104
12880,73
12881,390
12882,301
12883,284
12884,307
12885,68
12886,101
12887,373
12888,555
12889,64
12890,88
12891,296
12892,295
12893,96
12894,760
12895,295
12896,754
12897,291
12898,831
12899,295
12900,524
12901,295
12902,92
12903,775
12904,104
12905,99
12906,67
12907,644
12908,427
12909,65
12910,92
12911,392
12912,809
12913,853
12914,295
12915,69
12916,64
12917,257
12918,108
12919,295
12920,295
12921,73
12922,507
12923,840
12924,92
12925,368
12926,295
12927,124
12928,104
12929,873
12930,295
12931,526
12932,109
12933,526
12934,859
12935,874
12936,295
12937,75
12938,295
12939,295
12940,295
12941,222
12942,295
12943,104
12944,110
12945,88
12946,295
12947,331
12948,738
12949,94
12950,253
12951,740
12952,81
12953,108
12954,295
12955,653
12956,295
12957,322
12958,295
12959,605
12960,581
12961,295
12962,296
12963,794
12964,126
12965,76
12966,459
12967,944
12968,326
12969,821
12970,750
12971,54
12972,268
12973,72
12974,91
12975,220
12976,295
12977,308
12978,511
12979,284
12980,148
12981,240
12982,471
12983,99
12984,162
12985,94
12986,787
12987,145
12988,241
12989,291
12990,121
12991,65
12992,295
12993,86
12994,50
12995,82
12996,869
12997,295
12998,65
12999,221
13000,90
13001,295
13002,107
13003,107
13004,255
13005,98
13006,877
13007,108
13008,948
13009,724
13010,72
13011,614
13012,139
13013,295
13014,85
13015,772
13016,295
13017,97
13018,878
13019,866
13020,936
13021,295
13022,297
13023,100
13024,115
13025,295
13026,615
13027,237
13028,102
13029,934
13030,107
13031,853
13032,803
13033,939
13034,355
13035,151
13036,60
13037,787
13038,295
13039,516
13040,459
13041,103
13042,720
13043,481
13044,250
13045,295
13046,932
13047,502
13048,77
13049,295
13050,345
13051,295
13052,73
13053,295
13054,668
13055,295
13056,132
13057,452
13058,916
13059,176
13060,884
13061,491
13062,295
13063,507
13064,295
13065,106
13066,295
13067,53
13068,107
13069,935
13070,295
13071,72
13072,135
13073,304
13074,107
13075,50
13076,295
13077,60
13078,57
13079,570
13080,481
13081,295
13082,105
13083,775
13084,82
13085,295
13086,120
13087,104
13088,107
13089,592
13090,142
13091,285
13092,619
13093,295
13094,630
13095,295
13096,107
13097,295
13098,65
13099,805
13100,910
13101,73
13102,452
13103,295
13104,82
13105,683
13106,763
13107,941
13108,295
13109,96
13110,119
13111,239
13112,735
13113,939
13114,295
13115,878
13116,931
13117,295
13118,295
13119,106
13120,514
13121,64
13122,120
13123,501
13124,295
13125,145
13126,557
13127,399
13128,73
13129,115
13130,517
13131,509
13132,553
13133,464
13134,400
13135,295
13136,96
13137,535
13138,696
13139,369
13140,295
13141,77
13142,930
13143,384
13144,295
13145,996
13146,838
13147,138
13148,295
13149,197
13150,402
13151,858
13152,67
13153,71
13154,73
13155,295
13156,157
13157,362
13158,295
13159,831
13160,107
13161,105
13162,295
13163,295
13164,80
13165,69
13166,296
13167,453
13168,295
13169,533
13170,295
13171,94
13172,732
13173,378
13174,187
13175,108
13176,83
13177,295
13178,94
13179,295
13180,196
13181,456
13182,295
13183,74
13184,972
13185,468
13186,295
13187,295
13188,295
13189,236
13190,295
13191,545
13192,903
13193,466
13194,564
13195,75
13196,107
13197,574
13198,818
13199,82
13200,67
13201,295
13202,937
13203,68
13204,727
13205,295
13206,295
13207,438
13208,463
13209,295
13210,295
13211,973
13212,133
13213,162
13214,295
13215,295
13216,958
13217,107
13218,85
13219,295
13220,59
13221,116
13222,97
13223,189
13224,105
13225,457
13226,132
13227,153
13228,295
13229,997
13230,72
13231,312
13232,295
13233,552
13234,901
13235,923
13236,294
13237,145
13238,69
13239,85
13240,933
13241,238
13242,295
13243,551
13244,139
13245,560
13246,81
13247,145
13248,149
13249,698
13250,295
13251,814
13252,939
13253,935
13254,132
13255,69
13256,135
13257,940
13258,161
13259,295
13260,153
13261,509
13262,295
13263,295
13264,937
13265,116
13266,153
13267,949
13268,85
13269,295
13270,511
13271,810
13272,58
13273,694
13274,295
13275,83
13276,60
13277,295
13278,279
13279,295
13280,939
13281,434
13282,94
13283,433
13284,608
13285,678
13286,778
13287,295
13288,541
13289,125
13290,459
13291,619
13292,398
13293,582
13294,814
13295,164
13296,926
13297,542
13298,579
13299,166
13300,107
13301,108
13302,921
13303,47
13304,108
13305,295
13306,226
13307,777
13308,295
13309,295
13310,341
13311,298
13312,77
13313,62
13314,105
13315,554
13316,299
13317,237
13318,336
13319,145
13320,66
13321,520
13322,529
13323,104
13324,295
13325,78
13326,72
13327,978
13328,954
13329,295
13330,769
13331,295
13332,295
13333,117
13334,939
13335,295
13336,295
13337,343
13338,76
13339,831
13340,295
13341,295
13342,295
13343,184
13344,295
13345,900
13346,295
13347,82
13348,295
13349,295
13350,87
13351,295
13352,295
13353,64
13354,640
13355,882
13356,295
13357,57
13358,948
13359,295
13360,174
13361,73
13362,725
13363,295
13364,62
13365,295
13366,106
13367,295
13368,249
13369,117
13370,114
13371,99
13372,461
13373,295
13374,553
13375,295
13376,57
13377,47
13378,677
13379,84
13380,397
13381,509
13382,293
13383,939
13384,145
13385,533
13386,295
13387,689
13388,440
13389,127
13390,295
13391,417
13392,137
13393,295
13394,295
13395,450
13396,140
13397,162
13398,72
13399,658
13400,295
13401,398
13402,295
13403,78
13404,295
13405,393
13406,72
13407,541
13408,295
13409,451
13410,460
13411,356
13412,295
13413,295
13414,74
13415,295
13416,297
13417,306
13418,295
13419,153
13420,266
13421,141
13422,295
13423,295
13424,527
13425,96
13426,288
13427,141
13428,295
13429,372
13430,295
13431,73
13432,480
13433,394
13434,837
13435,629
13436,441
13437,657
13438,978
13439,178
13440,104
13441,749
13442,295
13443,113
13444,245
13445,947
13446,565
13447,74
13448,84
13449,295
13450,781
13451,699
13452,104
13453,546
13454,922
13455,117
13456,873
13457,40
13458,291
13459,149
13460,108
13461,150
13462,359
13463,295
13464,276
13465,384
13466,456
13467,84
13468,298
13469,295
13470,663
13471,295
13472,104
13473,440
13474,957
13475,295
13476,107
13477,234
13478,62
13479,71
13480,588
13481,924
13482,108
13483,107
13484,345
13485,275
13486,295
13487,487
13488,407
13489,774
13490,295
13491,879
13492,293
13493,145
13494,147
13495,427
13496,107
13497,133
13498,602
13499,295
13500,776
13501,72
13502,442
13503,418
13504,297
13505,538
13506,295
13507,128
13508,288
13509,103
13510,766
13511,144
13512,96
13513,144
13514,252
13515,749
13516,295
13517,827
13518,102
13519,88
13520,71
13521,295
13522,295
13523,546
13524,140
13525,673
13526,523
13527,73
13528,40
13529,114
13530,295
13531,295
13532,107
13533,104
13534,295
13535,530
13536,107
13537,156
13538,662
13539,746
13540,937
13541,995
13542,936
13543,295
13544,73
13545,60
13546,295
13547,107
13548,606
13549,914
13550,472
13551,617
13552,107
13553,104
13554,295
13555,923
13556,107
13557,295
13558,998
13559,191
13560,295
13561,105
13562,397
13563,295
13564,104
13565,787
13566,700
13567,79
13568,966
13569,289
13570,396
13571,528
13572,305
13573,873
13574,295
13575,295
13576,295
13577,566
13578,532
13579,86
13580,89
13581,295
13582,295
13583,295
13584,923
13585,189
13586,954
13587,295
13588,295
13589,295
13590,101
13591,295
13592,295
13593,816
13594,440
13595,824
13596,295
13597,99
13598,698
13599,55
13600,295
13601,295
13602,107
13603,119
13604,116
13605,135
13606,295
13607,111
13608,72
13609,295
13610,295
13611,616
13612,31
13613,98
13614,561
13615,204
13616,589
13617,104
13618,295
13619,298
13620,927
13621,295
13622,295
13623,287
13624,858
13625,298
13626,295
13627,551
13628,295
13629,777
13630,555
13631,76
13632,295
13633,63
13634,102
13635,579
13636,295
13637,938
13638,295
13639,295
13640,960
13641,681
13642,438
13643,295
13644,101
13645,441
13646,295
13647,58
13648,295
13649,336
13650,31
13651,295
13652,560
13653,115
13654,92
13655,296
13656,99
13657,295
13658,364
13659,295
13660,295
13661,271
13662,295
13663,86
13664,848
13665,72
13666,231
13667,68
13668,614
13669,115
13670,450
13671,106
13672,295
13673,110
13674,337
13675,106
13676,764
13677,105
13678,609
13679,463
13680,60
13681,295
13682,75
13683,762
13684,295
13685,982
13686,903
13687,102
13688,83
13689,975
13690,295
13691,755
13692,295
13693,107
13694,134
13695,450
13696,967
13697,681
13698,295
13699,295
13700,295
13701,71
13702,100
13703,749
13704,295
13705,445
13706,295
13707,534
13708,135
13709,522
13710,898
13711,896
13712,73
13713,96
13714,729
13715,911
13716,295
13717,990
13718,692
13719,295
13720,140
13721,576
13722,60
13723,295
13724,522
13725,295
13726,104
13727,849
13728,419
13729,295
13730,127
13731,297
13732,118
13733,165
13734,295
13735,681
13736,66
13737,297
13738,633
13739,97
13740,789
13741,295
13742,107
13743,142
13744,295
13745,295
13746,295
13747,725
13748,939
13749,957
13750,706
13751,546
13752,295
13753,104
13754,295
13755,245
13756,898
13757,60
13758,75
13759,295
13760,87
13761,295
13762,116
13763,689
13764,525
13765,507
13766,284
13767,295
13768,713
13769,295
13770,519
13771,782
13772,247
13773,119
13774,295
13775,427
13776,775
13777,110
13778,147
13779,296
13780,110
13781,264
13782,295
13783,500
13784,295
13785,662
13786,295
13787,295
13788,479
13789,933
13790,350
13791,95
13792,119
13793,476
13794,536
13795,119
13796,246
13797,145
13798,295
13799,295
13800,975
13801,454
13802,295
13803,295
13804,365
13805,648
13806,63
13807,153
13808,839
13809,295
13810,231
13811,226
13812,295
13813,933
13814,71
13815,787
13816,490
13817,454
13818,105
13819,106
13820,295
13821,295
13822,119
13823,768
13824,295
13825,264
13826,336
13827,628
13828,75
13829,106
13830,562
13831,295
13832,295
13833,109
13834,295
13835,798
13836,847
13837,619
13838,295
13839,540
13840,601
13841,92
13842,735
13843,578
13844,111
13845,104
13846,923
13847,890
13848,103
13849,144
13850,101
13851,63
13852,154
13853,594
13854,743
13855,295
13856,295
13857,206
13858,779
13859,85
13860,910
13861,295
13862,552
13863,295
13864,163
13865,295
13866,295
13867,295
13868,71
13869,62
13870,657
13871,107
13872,700
13873,753
13874,138
13875,957
13876,295
13877,388
13878,133
13879,487
13880,427
13881,145
13882,295
13883,799
13884,780
13885,105
13886,106
13887,310
13888,678
13889,295
13890,295
13891,257
13892,70
13893,102
13894,295
13895,295
13896,869
13897,145
13898,153
13899,805
13900,295
13901,295
13902,357
13903,295
13904,295
13905,934
13906,103
13907,802
13908,295
13909,123
13910,900
13911,62
13912,295
13913,719
13914,84
13915,842
13916,515
13917,110
13918,295
13919,506
13920,120
13921,725
13922,507
13923,295
13924,62
13925,96
13926,102
13927,385
13928,403
13929,672
13930,340
13931,494
13932,106
13933,104
13934,590
13935,275
13936,97
13937,390
13938,293
13939,295
13940,657
13941,598
13942,833
13943,706
13944,879
13945,423
13946,295
13947,607
13948,72
13949,604
13950,95
13951,153
13952,119
13953,768
13954,295
13955,789
13956,430
13957,346
13958,693
13959,379
13960,177
13961,295
13962,108
13963,643
13964,295
13965,295
13966,295
13967,145
13968,295
13969,295
13970,641
13971,104
13972,615
13973,71
13974,501
13975,295
13976,437
13977,107
13978,187
13979,295
13980,454
13981,295
13982,980
13983,577
13984,295
13985,51
13986,628
13987,128
13988,362
13989,553
13990,837
13991,399
13992,295
13993,295
13994,79
13995,628
13996,894
13997,811
13998,295
13999,295
14000,208
14001,756
14002,295
14003,383
14004,298
14005,295
14006,405
14007,77
14008,671
14009,149
14010,131
14011,460
14012,750
14013,698
14014,602
14015,663
14016,295
14017,781
14018,587
14019,960
14020,295
14021,574
14022,297
14023,856
14024,103
14025,581
14026,523
14027,295
14028,892
14029,571
14030,272
14031,295
14032,803
14033,295
14034,80
14035,213
14036,462
14037,295
14038,62
14039,118
14040,66
14041,562
14042,102
14043,777
14044,295
14045,314
14046,295
14047,709
14048,290
14049,812
14050,56
14051,519
14052,598
14053,611
14054,297
14055,295
14056,959
14057,418
14058,295
14059,138
14060,279
14061,510
14062,757
14063,94
14064,295
14065,811
14066,470
14067,295
14068,617
14069,66
14070,104
14071,298
14072,107
14073,137
14074,561
14075,61
14076,81
14077,127
14078,857
14079,72
14080,87
14081,297
14082,131
14083,85
14084,295
14085,141
14086,449
14087,295
14088,473
14089,256
14090,925
14091,295
14092,295
14093,790
14094,540
14095,200
14096,64
14097,295
14098,295
14099,295
14100,295
14101,690
14102,110
14103,66
14104,560
14105,103
14106,534
14107,295
14108,152
14109,107
14110,153
14111,295
14112,295
14113,98
14114,928
14115,599
14116,75
14117,93
14118,549
14119,120
14120,100
14121,931
14122,104
14123,506
14124,994
14125,137
14126,151
14127,101
14128,295
14129,98
14130,295
14131,878
14132,266
14133,104
14134,282
14135,107
14136,295
14137,658
14138,129
14139,191
14140,295
14141,585
14142,295
14143,944
14144,133
14145,819
14146,100
14147,293
14148,947
14149,69
14150,781
14151,105
14152,707
14153,297
14154,888
14155,295
14156,994
14157,99
14158,103
14159,320
14160,491
14161,85
14162,295
14163,73
14164,295
14165,371
14166,107
14167,272
14168,448
14169,67
14170,285
14171,107
14172,295
14173,308
14174,166
14175,73
14176,295
14177,524
14178,188
14179,562
14180,295
14181,933
14182,996
14183,612
14184,501
14185,295
14186,446
14187,97
14188,295
14189,143
14190,295
14191,295
14192,83
14193,295
14194,91
14195,397
14196,895
14197,101
14198,80
14199,572
14200,403
14201,100
14202,508
14203,71
14204,507
14205,295
14206,72
14207,295
14208,75
14209,118
14210,92
14211,526
14212,523
14213,295
14214,222
14215,295
14216,295
14217,292
14218,84
14219,295
14220,240
14221,838
14222,937
14223,98
14224,297
14225,107
14226,143
14227,191
14228,106
14229,295
14230,926
14231,939
14232,905
14233,131
14234,95
14235,295
14236,980
14237,315
14238,611
14239,995
14240,1000
14241,104
14242,295
14243,295
14244,295
14245,85
14246,153
14247,652
14248,131
14249,295
14250,295
14251,69
14252,295
14253,270
14254,73
14255,295
14256,153
14257,101
14258,165
14259,295
14260,148
14261,295
14262,295
14263,753
14264,670
14265,295
14266,96
14267,456
14268,73
14269,118
14270,295
14271,329
14272,897
14273,295
14274,477
14275,589
14276,212
14277,145
14278,287
14279,959
14280,20
14281,435
14282,950
14283,435
14284,295
14285,758
14286,647
14287,126
14288,379
14289,107
14290,94
14291,551
14292,966
14293,746
14294,444
14295,98
14296,495
14297,982
14298,501
14299,914
14300,932
14301,108
14302,268
14303,756
14304,295
14305,95
14306,870
14307,290
14308,145
14309,71
14310,109
14311,136
14312,392
14313,930
14314,715
14315,441
14316,119
14317,503
14318,295
14319,342
14320,295
14321,498
14322,62
14323,377
14324,77
14325,295
14326,295
14327,71
14328,48
14329,86
14330,92
14331,414
14332,547
14333,586
14334,71
14335,295
14336,153
14337,83
14338,527
14339,140
14340,141
14341,806
14342,427
14343,295
14344,634
14345,302
14346,104
14347,687
14348,295
14349,74
14350,220
14351,295
14352,467
14353,73
14354,148
14355,247
14356,101
14357,913
14358,93
14359,295
14360,295
14361,295
14362,940
14363,59
14364,295
14365,295
14366,58
14367,295
14368,550
14369,317
14370,145
14371,978
14372,119
14373,295
14374,295
14375,109
14376,650
14377,94
14378,295
14379,98
14380,934
14381,97
14382,547
14383,295
14384,910
14385,982
14386,517
14387,839
14388,411
14389,609
14390,105
14391,134
14392,733
14393,945
14394,409
14395,119
14396,295
14397,295
14398,84
14399,919
14400,84
14401,512
14402,405
14403,295
14404,793
14405,107
14406,295
14407,73
14408,295
14409,295
14410,98
14411,210
14412,435
14413,99
14414,295
14415,992
14416,73
14417,59
14418,295
14419,81
14420,606
14421,181
14422,629
14423,152
14424,84
14425,103
14426,103
14427,560
14428,295
14429,544
14430,919
14431,295
14432,153
14433,721
14434,614
14435,853
14436,295
14437,295
14438,458
14439,106
14440,107
14441,951
14442,168
14443,47
14444,237
14445,697
14446,536
14447,101
14448,95
14449,87
14450,168
14451,937
14452,295
14453,391
14454,70
14455,121
14456,745
14457,558
14458,122
14459,153
14460,72
14461,497
14462,485
14463,499
14464,295
14465,295
14466,295
14467,799
14468,295
14469,295
14470,216
14471,190
14472,77
14473,295
14474,309
14475,783
14476,295
14477,530
14478,695
14479,895
14480,107
14481,72
14482,352
14483,275
14484,78
14485,875
14486,295
14487,106
14488,355
14489,295
14490,82
14491,334
14492,782
14493,354
14494,470
14495,71
14496,295
14497,136
14498,703
14499,468
14500,299
14501,935
14502,100
14503,108
14504,444
14505,442
14506,295
14507,82
14508,295
14509,682
14510,295
14511,211
14512,93
14513,295
14514,66
14515,295
14516,295
14517,79
14518,138
14519,107
14520,100
14521,124
14522,351
14523,107
14524,295
14525,799
14526,57
14527,107
14528,771
14529,57
14530,397
14531,295
14532,73
14533,60
14534,947
14535,907
14536,99
14537,471
14538,625
14539,382
14540,81
14541,524
14542,77
14543,513
14544,946
14545,128
14546,295
14547,189
14548,584
14549,295
14550,553
14551,942
14552,446
14553,295
14554,445
14555,107
14556,295
14557,113
14558,721
14559,753
14560,295
14561,740
14562,657
14563,536
14564,295
14565,295
14566,290
14567,74
14568,779
14569,542
14570,860
14571,335
14572,294
14573,731
14574,216
14575,933
14576,89
14577,985
14578,536
14579,632
14580,729
14581,295
14582,94
14583,757
14584,484
14585,750
14586,295
14587,954
14588,295
14589,260
14590,295
14591,69
14592,73
14593,295
14594,107
14595,295
14596,280
14597,295
14598,295
14599,74
14600,94
14601,295
14602,250
14603,502
14604,684
14605,120
14606,112
14607,543
14608,295
14609,135
14610,786
14611,295
14612,404
14613,295
14614,70
14615,574
14616,56
14617,922
14618,295
14619,770
14620,295
14621,475
14622,102
14623,300
14624,102
14625,125
14626,67
14627,295
14628,397
14629,104
14630,295
14631,132
14632,248
14633,153
14634,145
14635,295
14636,104
14637,135
14638,527
14639,220
14640,104
14641,91
14642,72
14643,438
14644,940
14645,849
14646,870
14647,106
14648,136
14649,300
14650,863
14651,482
14652,918
14653,74
14654,516
14655,165
14656,145
14657,71
14658,63
14659,98
14660,295
14661,295
14662,134
14663,107
14664,437
14665,880
14666,292
14667,295
14668,295
14669,102
14670,344
14671,295
14672,295
14673,76
14674,62
14675,239
14676,295
14677,295
14678,97
14679,972
14680,295
14681,490
14682,71
14683,313
14684,295
14685,858
14686,85
14687,327
14688,153
14689,295
14690,295
14691,580
14692,82
14693,520
14694,295
14695,104
14696,100
14697,592
14698,295
14699,112
14700,95
14701,834
14702,153
14703,119
14704,295
14705,72
14706,288
14707,295
14708,479
14709,82
14710,71
14711,620
14712,107
14713,281
14714,137
14715,327
14716,104
14717,96
14718,120
14719,427
14720,295
14721,890
14722,297
14723,295
14724,88
14725,290
14726,908
14727,501
14728,295
14729,295
14730,81
14731,111
14732,104
14733,272
14734,295
14735,720
14736,295
14737,51
14738,948
14739,110
14740,182
14741,295
14742,295
14743,55
14744,615
14745,633
14746,154
14747,101
14748,902
14749,295
14750,295
14751,895
14752,112
14753,931
14754,620
14755,341
14756,625
14757,295
14758,95
14759,108
14760,295
14761,84
14762,569
14763,302
14764,956
14765,295
14766,876
14767,708
14768,940
14769,295
14770,843
14771,193
14772,295
14773,89
14774,235
14775,295
14776,266
14777,295
14778,521
14779,130
14780,243
14781,502
14782,541
14783,104
14784,678
14785,860
14786,195
14787,342
14788,965
14789,948
14790,967
14791,303
14792,295
14793,99
14794,629
14795,82
14796,186
14797,124
14798,958
14799,913
14800,96
14801,295
14802,295
14803,942
14804,321
14805,103
14806,465
14807,107
14808,295
14809,540
14810,555
14811,105
14812,216
14813,91
14814,295
14815,295
14816,915
14817,472
14818,119
14819,295
14820,101
14821,539
14822,295
14823,489
14824,722
14825,98
14826,89
14827,295
14828,295
14829,404
14830,672
14831,107
14832,253
14833,341
14834,77
14835,779
14836,768
14837,83
14838,572
14839,281
14840,64
14841,943
14842,655
14843,107
14844,957
14845,295
14846,833
14847,100
14848,127
14849,931
14850,110
14851,58
14852,775
14853,56
14854,78
14855,739
14856,607
14857,152
14858,468
14859,332
14860,112
14861,145
14862,617
14863,798
14864,525
14865,537
14866,553
14867,295
14868,105
14869,662
14870,104
14871,107
14872,670
14873,735
14874,298
14875,295
14876,784
14877,288
14878,228
14879,295
14880,85
14881,295
14882,282
14883,107
14884,444
14885,975
14886,81
14887,985
14888,613
14889,694
14890,336
14891,833
14892,107
14893,948
14894,762
14895,295
14896,136
14897,74
14898,973
14899,111
14900,331
14901,295
14902,480
14903,295
14904,443
14905,167
14906,84
14907,118
14908,298
14909,295
14910,72
14911,295
14912,119
14913,110
14914,104
14915,76
14916,295
14917,818
14918,295
14919,403
14920,489
14921,659
14922,132
14923,295
14924,294
14925,526
14926,808
14927,72
14928,295
14929,104
14930,65
14931,295
14932,998
14933,295
14934,104
14935,295
14936,597
14937,768
14938,608
14939,606
14940,99
14941,295
14942,295
14943,108
14944,746
14945,94
14946,984
14947,743
14948,535
14949,781
14950,320
14951,295
14952,72
14953,504
14954,118
14955,59
14956,951
14957,295
14958,849
14959,295
14960,107
14961,379
14962,295
14963,295
14964,295
14965,295
14966,107
14967,119
14968,78
14969,164
14970,76
14971,291
14972,366
14973,509
14974,636
14975,78
14976,295
14977,314
14978,690
14979,122
14980,515
14981,94
14982,295
14983,89
14984,703
14985,145
14986,465
14987,239
14988,480
14989,74
14990,295
14991,577
14992,295
14993,706
14994,120
14995,790
14996,595
14997,295
14998,139
14999,546
15000,63
15001,948
15002,295
15003,145
15004,295
15005,933
15006,73
15007,295
15008,295
15009,68
15010,913
15011,383
15012,874
15013,141
15014,113
15015,717
15016,740
15017,104
15018,295
15019,295
15020,295
15021,295
15022,82
15023,831
15024,394
15025,295
15026,295
15027,61
15028,133
15029,295
15030,107
15031,919
15032,453
15033,295
15034,288
15035,510
15036,948
15037,295
15038,295
15039,454
15040,846
15041,835
15042,295
15043,117
15044,107
15045,648
15046,963
15047,86
15048,295
15049,127
15050,295
15051,135
15052,346
15053,496
15054,295
15055,189
15056,295
15057,467
15058,950
15059,295
15060,107
15061,121
15062,73
15063,295
15064,440
15065,153
15066,80
15067,295
15068,760
15069,97
15070,153
15071,289
15072,104
15073,141
15074,367
15075,298
15076,483
15077,102
15078,107
15079,61
15080,615
15081,69
15082,126
15083,574
15084,722
15085,193
15086,295
15087,295
15088,295
15089,119
15090,660
15091,295
15092,237
15093,517
15094,886
15095,282
15096,295
15097,104
15098,490
15099,82
15100,787
15101,273
15102,126
15103,995
15104,123
15105,295
15106,745
15107,144
15108,86
15109,209
15110,284
15111,340
15112,934
15113,301
15114,295
15115,509
15116,78
15117,126
15118,61
15119,95
15120,295
15121,153
15122,295
15123,388
15124,615
15125,287
15126,295
15127,218
15128,104
15129,110
15130,295
15131,96
15132,108
15133,123
15134,295
15135,457
15136,102
15137,801
15138,754
15139,822
15140,295
15141,106
15142,104
15143,139
15144,295
15145,295
15146,295
15147,107
15148,573
15149,295
15150,70
15151,100
15152,81
15153,295
15154,290
15155,764
15156,974
15157,119
15158,295
15159,295
15160,507
15161,295
15162,295
15163,513
15164,294
15165,295
15166,93
15167,935
15168,295
15169,714
15170,62
15171,619
15172,295
15173,295
15174,989
15175,153
15176,107
15177,295
15178,823
15179,87
15180,938
15181,656
15182,814
15183,594
15184,105
15185,914
15186,295
15187,593
15188,499
15189,295
15190,295
15191,59
15192,72
15193,266
15194,431
15195,84
15196,551
15197,232
15198,295
15199,383
15200,654
15201,295
15202,129
15203,72
15204,176
15205,295
15206,133
15207,107
15208,72
15209,107
15210,71
15211,82
15212,295
15213,622
15214,295
15215,647
15216,295
15217,295
15218,208
15219,120
15220,135
15221,295
15222,80
15223,472
15224,588
15225,295
15226,396
15227,295
15228,590
15229,72
15230,510
15231,295
15232,69
15233,575
15234,97
15235,74
15236,117
15237,228
15238,145
15239,279
15240,462
15241,684
15242,62
15243,396
15244,168
15245,977
15246,295
15247,826
15248,512
15249,84
15250,796
15251,105
15252,295
15253,295
15254,295
15255,275
15256,295
15257,116
15258,219
15259,879
15260,113
15261,873
15262,72
15263,188
15264,134
15265,295
15266,128
15267,561
15268,295
15269,371
15270,764
15271,84
15272,295
15273,295
15274,295
15275,86
15276,157
15277,921
15278,856
15279,699
15280,153
15281,107
15282,295
15283,295
15284,67
15285,107
15286,295
15287,67
15288,545
15289,295
15290,107
15291,83
15292,145
15293,80
15294,295
15295,806
15296,289
15297,847
15298,295
15299,244
15300,68
15301,328
15302,102
15303,295
15304,295
15305,678
15306,107
15307,105
15308,812
15309,305
15310,103
15311,113
15312,295
15313,73
15314,845
15315,300
15316,295
15317,119
15318,137
15319,295
15320,183
15321,800
15322,924
15323,295
15324,674
15325,75
15326,67
15327,295
15328,295
15329,295
15330,627
15331,987
15332,295
15333,153
15334,299
15335,789
15336,108
15337,153
15338,295
15339,295
15340,295
15341,186
15342,145
15343,857
15344,72
15345,214
15346,93
15347,374
15348,102
15349,764
15350,781
15351,522
15352,387
15353,104
15354,607
15355,85
15356,462
15357,528
15358,295
15359,96
15360,105
15361,295
15362,776
15363,204
15364,295
15365,474
15366,295
15367,295
15368,230
15369,544
15370,718
15371,938
15372,295
15373,904
15374,94
15375,208
15376,295
15377,654
15378,787
15379,558
15380,505
15381,295
15382,615
15383,454
15384,295
15385,837
15386,304
15387,468
15388,61
15389,650
15390,295
15391,295
15392,295
15393,522
15394,67
15395,978
15396,191
15397,766
15398,534
15399,70
15400,424
15401,296
15402,621
15403,367
15404,153
15405,745
15406,100
15407,295
15408,295
15409,295
15410,88
15411,543
15412,704
15413,200
15414,153
15415,137
15416,679
15417,290
15418,295
15419,646
15420,295
15421,87
15422,520
15423,816
15424,533
15425,686
15426,137
15427,295
15428,295
15429,932
15430,303
15431,297
15432,295
15433,106
15434,106
15435,225
15436,373
15437,97
15438,468
15439,434
15440,102
15441,295
15442,579
15443,295
15444,87
15445,315
15446,295
15447,392
15448,932
15449,295
15450,295
15451,107
15452,790
15453,566
15454,72
15455,119
15456,295
15457,107
15458,295
15459,705
15460,732
15461,619
15462,295
15463,563
15464,93
15465,295
15466,337
15467,153
15468,295
15469,299
15470,923
15471,88
15472,519
15473,463
15474,304
15475,718
15476,154
15477,297
15478,282
15479,295
15480,295
15481,117
15482,107
15483,972
15484,330
15485,450
15486,126
15487,918
15488,970
15489,592
15490,522
15491,912
15492,274
15493,85
15494,295
15495,308
15496,115
15497,106
15498,701
15499,655
15500,145
15501,219
15502,917
15503,295
15504,724
15505,187
15506,107
15507,295
15508,517
15509,71
15510,59
15511,153
15512,631
15513,74
15514,64
15515,91
15516,459
15517,295
15518,651
15519,71
15520,106
15521,454
15522,295
15523,104
15524,72
15525,446
15526,204
15527,727
15528,969
15529,130
15530,601
15531,540
15532,145
15533,295
15534,59
15535,153
15536,76
15537,200
15538,641
15539,118
15540,103
15541,357
15542,704
15543,295
15544,48
15545,69
15546,73
15547,525
15548,295
15549,110
15550,870
15551,479
15552,467
15553,83
15554,107
15555,186
15556,295
15557,295
15558,420
15559,295
15560,295
15561,61
15562,159
15563,649
15564,295
15565,96
15566,749
15567,217
15568,675
15569,72
15570,72
15571,553
15572,332
15573,893
15574,384
15575,295
15576,725
15577,112
15578,106
15579,411
15580,110
15581,504
15582,803
15583,295
15584,105
15585,97
15586,500
15587,975
15588,72
15589,120
15590,115
15591,76
15592,101
15593,211
15594,295
15595,73
15596,295
15597,164
15598,125
15599,475
15600,668
15601,930
15602,606
15603,214
15604,70
15605,82
15606,153
15607,74
15608,578
15609,107
15610,654
15611,858
15612,114
15613,107
15614,358
15615,295
15616,323
15617,104
15618,295
15619,295
15620,86
15621,75
15622,312
15623,176
15624,783
15625,295
15626,532
15627,349
15628,733
15629,497
15630,72
15631,376
15632,389
15633,295
15634,295
15635,295
15636,109
15637,295
15638,282
15639,393
15640,776
15641,85
15642,694
15643,295
15644,293
15645,150
15646,957
15647,71
15648,295
15649,731
15650,143
15651,975
15652,129
15653,110
15654,127
15655,73
15656,684
15657,295
15658,105
15659,972
15660,96
15661,400
15662,484
15663,295
15664,295
15665,653
15666,107
15667,835
15668,295
15669,295
15670,718
15671,654
15672,295
15673,295
15674,150
15675,104
15676,115
15677,302
15678,641
15679,978
15680,455
15681,94
15682,295
15683,348
15684,64
15685,295
15686,295
15687,95
15688,358
15689,699
15690,295
15691,106
15692,118
15693,295
15694,733
15695,153
15696,295
15697,295
15698,107
15699,124
15700,295
15701,153
15702,74
15703,206
15704,267
15705,401
15706,461
15707,94
15708,887
15709,295
15710,280
15711,295
15712,295
15713,589
15714,566
15715,295
15716,295
15717,838
15718,949
15719,482
15720,320
15721,556
15722,521
15723,79
15724,295
15725,68
15726,295
15727,107
15728,164
15729,510
15730,295
15731,649
15732,791
15733,107
15734,603
15735,841
15736,850
15737,996
15738,560
15739,164
15740,295
15741,926
15742,295
15743,452
15744,282
15745,295
15746,31
15747,118
15748,535
15749,399
15750,295
15751,295
15752,210
15753,87
15754,295
15755,658
15756,249
15757,326
15758,557
15759,327
15760,145
15761,951
15762,151
15763,219
15764,295
15765,295
15766,510
15767,106
15768,121
15769,295
15770,64
15771,718
15772,295
15773,295
15774,295
15775,295
15776,713
15777,295
15778,295
15779,114
15780,295
15781,125
15782,192
15783,136
15784,468
15785,145
15786,104
15787,243
15788,578
15789,466
15790,874
15791,828
15792,92
15793,295
15794,78
15795,295
15796,249
15797,295
15798,948
15799,153
15800,348
15801,210
15802,471
15803,295
15804,295
15805,977
15806,424
15807,295
15808,295
15809,575
15810,103
15811,434
15812,295
15813,881
15814,295
15815,540
15816,56
15817,295
15818,63
15819,295
15820,82
15821,113
15822,295
15823,361
15824,795
15825,153
15826,295
15827,100
15828,521
15829,295
15830,295
15831,295
15832,939
15833,60
15834,884
15835,295
15836,295
15837,849
15838,295
15839,295
15840,110
15841,84
15842,295
15843,389
15844,862
15845,94
15846,70
15847,295
15848,920
15849,295
15850,295
15851,462
15852,259
15853,489
15854,295
15855,431
15856,106
15857,768
15858,640
15859,295
15860,89
15861,969
15862,295
15863,202
15864,295
15865,710
15866,82
15867,940
15868,295
15869,827
15870,72
15871,377
15872,71
15873,295
15874,902
15875,847
15876,861
15877,133
15878,318
15879,99
15880,107
15881,55
15882,60
15883,250
15884,295
15885,747
15886,788
15887,383
15888,327
15889,681
15890,438
15891,295
15892,103
15893,87
15894,777
15895,757
15896,494
15897,248
15898,143
15899,126
15900,295
15901,119
15902,859
15903,502
15904,201
15905,539
15906,595
15907,859
15908,424
15909,76
15910,118
15911,295
15912,241
15913,295
15914,752
15915,873
15916,471
15917,266
15918,168
15919,685
15920,663
15921,105
15922,506
15923,82
15924,492
15925,254
15926,295
15927,295
15928,315
15929,867
15930,82
15931,844
15932,819
15933,243
15934,299
15935,290
15936,295
15937,68
15938,97
15939,753
15940,82
15941,146
15942,706
15943,849
15944,361
15945,295
15946,295
15947,153
15948,774
15949,602
15950,882
15951,295
15952,108
15953,116
15954,510
15955,66
15956,932
15957,295
15958,521
15959,511
15960,295
15961,295
15962,116
15963,295
15964,481
15965,115
15966,890
15967,295
15968,295
15969,191
15970,62
15971,917
15972,600
15973,325
15974,295
15975,216
15976,83
15977,107
15978,295
15979,777
15980,519
15981,744
15982,905
15983,782
15984,368
15985,295
15986,295
15987,44
15988,990
15989,91
15990,460
15991,941
15992,755
15993,772
15994,343
15995,983
15996,979
15997,938
15998,86
15999,493
16000,295
16001,295
16002,134
16003,295
16004,539
16005,873
16006,657
16007,391
16008,295
16009,261
16010,519
16011,95
16012,142
16013,38
16014,153
16015,115
16016,295
16017,106
16018,295
16019,398
16020,547
16021,78
16022,297
16023,289
16024,300
16025,709
16026,76
16027,106
16028,143
16029,994
16030,96
16031,109
16032,469
16033,285
16034,78
16035,317
16036,175
16037,504
16038,991
16039,448
16040,259
16041,115
16042,295
16043,277
16044,359
16045,97
16046,634
16047,81
16048,978
16049,295
16050,661
16051,404
16052,295
16053,295
16054,933
16055,74
16056,383
16057,65
16058,955
16059,198
16060,104
16061,295
16062,295
16063,358
16064,295
16065,963
16066,102
16067,806
16068,918
16069,632
16070,81
16071,150
16072,280
16073,588
16074,296
16075,104
16076,858
16077,786
16078,295
16079,690
16080,888
16081,127
16082,298
16083,295
16084,295
16085,59
16086,653
16087,961
16088,98
16089,120
16090,467
16091,50
16092,500
16093,989
16094,99
16095,715
16096,909
16097,598
16098,157
16099,295
16100,295
16101,558
16102,730
16103,947
16104,123
16105,107
16106,712
16107,491
16108,74
16109,295
16110,98
16111,295
16112,295
16113,107
16114,102
16115,295
16116,79
16117,107
16118,530
16119,73
16120,295
16121,770
16122,295
16123,295
16124,102
16125,789
16126,97
16127,904
16128,104
16129,295
16130,758
16131,104
16132,295
16133,108
16134,188
16135,74
16136,295
16137,677
16138,180
16139,526
16140,105
16141,490
16142,295
16143,396
16144,96
16145,145
16146,192
16147,72
16148,693
16149,295
16150,100
16151,295
16152,295
16153,474
16154,295
16155,111
16156,542
16157,97
16158,94
16159,711
16160,105
16161,135
16162,104
16163,287
16164,295
16165,368
16166,145
16167,400
16168,754
16169,295
16170,961
16171,659
16172,851
16173,295
16174,627
16175,727
16176,90
16177,538
16178,569
16179,86
16180,535
16181,438
16182,295
16183,840
16184,936
16185,928
16186,701
16187,295
16188,630
16189,72
16190,364
16191,103
16192,295
16193,107
16194,558
16195,405
16196,556
16197,295
16198,295
16199,85
16200,103
16201,295
16202,295
16203,295
16204,295
16205,463
16206,160
16207,103
16208,295
16209,945
16210,295
16211,306
16212,115
16213,450
16214,76
16215,107
16216,715
16217,295
16218,585
16219,100
16220,165
16221,103
16222,791
16223,710
16224,573
16225,295
16226,137
16227,396
16228,681
16229,739
16230,128
16231,467
16232,295
16233,129
16234,295
16235,372
16236,295
16237,165
16238,295
16239,532
16240,104
16241,664
16242,694
16243,107
16244,295
16245,446
16246,295
16247,295
16248,72
16249,295
16250,295
16251,79
16252,309
16253,72
16254,220
16255,295
16256,499
16257,501
16258,533
16259,841
16260,467
16261,436
16262,842
16263,62
16264,107
16265,975
16266,108
16267,295
16268,107
16269,921
16270,628
16271,295
16272,830
16273,74
16274,52
16275,137
16276,462
16277,760
16278,295
16279,295
16280,295
16281,902
16282,693
16283,932
16284,38
16285,75
16286,64
16287,145
16288,295
16289,98
16290,213
16291,522
16292,305
16293,831
16294,67
16295,7
16296,295
16297,295
16298,295
16299,295
16300,105
16301,112
16302,740
16303,453
16304,490
16305,295
16306,295
16307,295
16308,71
16309,134
16310,295
16311,107
16312,658
16313,166
16314,82
16315,104
16316,295
16317,780
16318,464
16319,114
16320,931
16321,789
16322,666
16323,80
16324,288
16325,107
16326,295
16327,514
16328,993
16329,295
16330,295
16331,688
16332,990
16333,85
16334,735
16335,66
16336,121
16337,108
16338,458
16339,295
16340,499
16341,926
16342,478
16343,917
16344,295
16345,105
16346,295
16347,133
16348,102
16349,999
16350,685
16351,625
16352,164
16353,268
16354,295
16355,456
16356,902
16357,386
16358,554
16359,295
16360,110
16361,295
16362,295
16363,579
16364,106
16365,949
16366,103
16367,295
16368,295
16369,295
16370,74
16371,95
16372,126
16373,537
16374,107
16375,85
16376,295
16377,107
16378,331
16379,396
16380,98
16381,711
16382,295
16383,295
16384,133
16385,145
16386,557
16387,295
16388,295
16389,538
16390,145
16391,123
16392,906
16393,107
16394,259
16395,104
16396,430
16397,146
16398,104
16399,403
16400,145
16401,295
16402,295
16403,72
16404,295
16405,295
16406,295
16407,295
16408,297
16409,303
16410,647
16411,966
16412,768
16413,147
16414,957
16415,600
16416,72
16417,847
16418,82
16419,295
16420,105
16421,108
16422,157
16423,295
16424,647
16425,295
16426,967
16427,688
16428,295
16429,72
16430,824
16431,416
16432,749
16433,295
16434,295
16435,319
16436,62
16437,440
16438,157
16439,295
16440,295
16441,257
16442,662
16443,786
16444,403
16445,872
16446,311
16447,750
16448,550
16449,178
16450,243
16451,295
16452,322
16453,71
16454,295
16455,181
16456,85
16457,295
16458,295
16459,411
16460,295
16461,295
16462,75
16463,295
16464,295
16465,279
16466,779
16467,96
16468,785
16469,72
16470,141
16471,63
16472,295
16473,99
16474,74
16475,141
16476,907
16477,107
16478,82
16479,295
16480,295
16481,295
16482,912
16483,100
16484,107
16485,295
16486,80
16487,741
16488,295
16489,327
16490,74
16491,344
16492,797
16493,255
16494,111
16495,357
16496,290
16497,468
16498,295
16499,295
16500,101
16501,295
16502,104
16503,83
16504,153
16505,415
16506,878
16507,484
16508,307
16509,107
16510,295
16511,101
16512,698
16513,431
16514,824
16515,418
16516,382
16517,923
16518,284
16519,295
16520,160
16521,847
16522,375
16523,87
16524,901
16525,422
16526,60
16527,295
16528,295
16529,69
16530,295
16531,162
16532,295
16533,423
16534,295
16535,107
16536,107
16537,295
16538,76
16539,292
16540,203
16541,262
16542,101
16543,95
16544,107
16545,295
16546,153
16547,295
16548,102
16549,85
16550,295
16551,295
16552,72
16553,216
16554,628
16555,295
16556,295
16557,487
16558,952
16559,295
16560,66
16561,977
16562,295
16563,295
16564,933
16565,295
16566,108
16567,712
16568,62
16569,277
16570,534
16571,104
16572,174
16573,102
16574,77
16575,295
16576,493
16577,212
16578,76
16579,368
16580,322
16581,104
16582,582
16583,976
16584,295
16585,484
16586,295
16587,101
16588,125
16589,456
16590,153
16591,295
16592,295
16593,78
16594,161
16595,115
16596,119
16597,134
16598,104
16599,938
16600,455
16601,104
16602,119
16603,703
16604,295
16605,355
16606,60
16607,827
16608,295
16609,111
16610,987
16611,997
16612,295
16613,799
16614,866
16615,943
16616,680
16617,72
16618,986
16619,229
16620,692
16621,298
16622,100
16623,304
16624,271
16625,298
16626,71
16627,323
16628,969
16629,319
16630,295
16631,626
16632,504
16633,95
16634,106
16635,598
16636,437
16637,460
16638,295
16639,125
16640,258
16641,526
16642,104
16643,295
16644,73
16645,295
16646,661
16647,102
16648,876
16649,63
16650,295
16651,295
16652,768
16653,613
16654,555
16655,982
16656,74
16657,107
16658,723
16659,85
16660,151
16661,576
16662,107
16663,295
16664,561
16665,295
16666,457
16667,471
16668,72
16669,712
16670,378
16671,295
16672,78
16673,425
16674,60
16675,136
16676,72
16677,65
16678,128
16679,295
16680,477
16681,295
16682,103
16683,153
16684,295
16685,756
16686,99
16687,295
16688,104
16689,89
16690,295
16691,295
16692,293
16693,295
16694,65
16695,295
16696,898
16697,107
16698,939
16699,568
16700,430
16701,712
16702,110
16703,104
16704,958
16705,610
16706,984
16707,320
16708,295
16709,295
16710,978
16711,496
16712,295
16713,667
16714,295
16715,96
16716,458
16717,228
16718,978
16719,533
16720,459
16721,955
16722,339
16723,295
16724,32
16725,259
16726,295
16727,295
16728,106
16729,942
16730,320
16731,105
16732,295
16733,998
16734,80
16735,302
16736,295
16737,409
16738,530
16739,863
16740,303
16741,107
16742,295
16743,601
16744,438
16745,72
16746,50
16747,74
16748,107
16749,711
16750,635
16751,463
16752,797
16753,295
16754,767
16755,295
16756,98
16757,295
16758,89
16759,295
16760,377
16761,97
16762,614
16763,295
16764,293
16765,870
16766,431
16767,473
16768,85
16769,876
16770,295
16771,107
16772,295
16773,344
16774,295
16775,111
16776,99
16777,295
16778,470
16779,582
16780,854
16781,135
16782,295
16783,848
16784,295
16785,295
16786,101
16787,295
16788,295
16789,97
16790,295
16791,76
16792,276
16793,295
16794,917
16795,338
16796,295
16797,84
16798,476
16799,529
16800,908
16801,74
16802,119
16803,335
16804,73
16805,104
16806,954
16807,694
16808,295
16809,60
16810,781
16811,90
16812,295
16813,854
16814,119
16815,303
16816,525
16817,295
16818,257
16819,494
16820,295
16821,433
16822,848
16823,326
16824,72
16825,965
16826,295
16827,1000
16828,764
16829,295
16830,91
16831,346
16832,392
16833,87
16834,579
16835,295
16836,760
16837,295
16838,89
16839,60
16840,295
16841,112
16842,605
16843,180
16844,196
16845,295
16846,295
16847,203
16848,295
16849,295
16850,88
16851,363
16852,565
16853,104
16854,295
16855,72
16856,693
16857,295
16858,824
16859,295
16860,295
16861,681
16862,271
16863,116
16864,72
16865,88
16866,97
16867,98
16868,499
16869,957
16870,477
16871,295
16872,81
16873,829
16874,97
16875,79
16876,301
16877,119
16878,295
16879,101
16880,939
16881,500
16882,295
16883,631
16884,295
16885,715
16886,298
16887,71
16888,625
16889,106
16890,747
16891,119
16892,79
16893,709
16894,963
16895,662
16896,72
16897,395
16898,295
16899,455
16900,145
16901,295
16902,280
16903,295
16904,295
16905,65
16906,295
16907,295
16908,71
16909,936
16910,66
16911,100
16912,72
16913,919
16914,145
16915,462
16916,98
16917,113
16918,71
16919,295
16920,107
16921,966
16922,922
16923,434
16924,332
16925,100
16926,295
16927,290
16928,589
16929,291
16930,64
16931,992
16932,295
16933,971
16934,62
16935,329
16936,102
16937,105
16938,295
16939,705
16940,466
16941,947
16942,104
16943,295
16944,550
16945,669
16946,106
16947,882
16948,295
16949,907
16950,106
16951,295
16952,295
16953,83
16954,574
16955,215
16956,80
16957,102
16958,295
16959,295
16960,295
16961,106
16962,779
16963,295
16964,509
16965,295
16966,105
16967,950
16968,295
16969,295
16970,598
16971,99
16972,295
16973,544
16974,282
16975,115
16976,918
16977,100
16978,400
16979,439
16980,295
16981,295
16982,49
16983,253
16984,102
16985,377
16986,295
16987,479
16988,119
16989,283
16990,75
16991,77
16992,538
16993,295
16994,287
16995,501
16996,178
16997,145
16998,163
16999,812
17000,295
17001,107
17002,295
17003,947
17004,567
17005,295
17006,295
17007,579
17008,295
17009,500
17010,792
17011,102
17012,615
17013,74
17014,295
17015,87
17016,709
17017,532
17018,80
17019,533
17020,121
17021,626
17022,295
17023,295
17024,295
17025,510
17026,295
17027,66
17028,396
17029,295
17030,107
17031,631
17032,100
17033,100
17034,433
17035,842
17036,295
17037,295
17038,604
17039,295
17040,104
17041,295
17042,506
17043,295
17044,100
17045,735
17046,295
17047,295
17048,472
17049,501
17050,74
17051,86
17052,339
17053,295
17054,903
17055,179
17056,823
17057,81
17058,295
17059,651
17060,71
17061,884
17062,580
17063,295
17064,373
17065,68
17066,433
17067,639
17068,64
17069,66
17070,295
17071,248
17072,813
17073,115
17074,216
17075,84
17076,295
17077,995
17078,880
17079,295
17080,711
17081,295
17082,559
17083,495
17084,670
17085,322
17086,295
17087,528
17088,16
17089,65
17090,202
17091,121
17092,926
17093,72
17094,82
17095,395
17096,92
17097,295
17098,470
17099,101
17100,82
17101,82
17102,931
17103,118
17104,70
17105,75
17106,295
17107,450
17108,107
17109,463
17110,107
17111,110
17112,429
17113,927
17114,296
17115,991
17116,104
17117,150
17118,295
17119,341
17120,105
17121,242
17122,220
17123,295
17124,233
17125,295
17126,295
17127,72
17128,713
17129,295
17130,102
17131,72
17132,106
17133,295
17134,82
17135,395
17136,82
17137,102
17138,343
17139,106
17140,87
17141,462
17142,295
17143,630
17144,645
17145,529
17146,98
17147,407
17148,280
17149,803
17150,295
17151,307
17152,107
17153,295
17154,119
17155,774
17156,203
17157,295
17158,988
17159,295
17160,857
17161,104
17162,295
17163,107
17164,633
17165,72
17166,929
17167,553
17168,916
17169,952
17170,480
17171,295
17172,675
17173,696
17174,97
17175,660
17176,295
17177,787
17178,893
17179,145
17180,133
17181,82
17182,69
17183,315
17184,106
17185,416
17186,99
17187,999
17188,119
17189,911
17190,47
17191,122
17192,295
17193,295
17194,295
17195,971
17196,831
17197,930
17198,517
17199,295
17200,874
17201,295
17202,82
17203,295
17204,59
17205,601
17206,978
17207,295
17208,467
17209,88
17210,132
17211,153
17212,295
17213,966
17214,849
17215,103
17216,504
17217,295
17218,240
17219,82
17220,103
17221,81
17222,304
17223,66
17224,85
17225,964
17226,983
17227,164
17228,295
17229,295
17230,295
17231,295
17232,239
17233,277
17234,295
17235,336
17236,295
17237,153
17238,295
17239,873
17240,677
17241,227
17242,107
17243,625
17244,607
17245,97
17246,295
17247,107
17248,72
17249,458
17250,676
17251,327
17252,106
17253,813
17254,295
17255,295
17256,451
17257,91
17258,355
17259,73
17260,295
17261,69
17262,947
17263,295
17264,295
17265,495
17266,295
17267,295
17268,98
17269,679
17270,71
17271,60
17272,295
17273,295
17274,780
17275,316
17276,997
17277,295
17278,135
17279,94
17280,664
17281,523
17282,295
17283,501
17284,295
17285,105
17286,86
17287,107
17288,855
17289,456
17290,216
17291,295
17292,646
17293,295
17294,522
17295,855
17296,993
17297,76
17298,295
17299,120
17300,93
17301,295
17302,107
17303,295
17304,61
17305,646
17306,295
17307,420
17308,301
17309,295
17310,483
17311,113
17312,295
17313,295
17314,596
17315,126
17316,525
17317,62
17318,309
17319,64
17320,295
17321,368
17322,416
17323,495
17324,295
17325,927
17326,107
17327,304
17328,803
17329,381
17330,478
17331,295
17332,745
17333,295
17334,223
17335,31
17336,105
17337,719
17338,109
17339,134
17340,106
17341,499
17342,295
17343,132
17344,145
17345,758
17346,295
17347,894
17348,369
17349,295
17350,766
17351,87
17352,212
17353,460
17354,295
17355,510
17356,295
17357,66
17358,104
17359,69
17360,75
17361,49
17362,503
17363,295
17364,969
17365,104
17366,105
17367,76
17368,89
17369,679
17370,503
17371,788
17372,691
17373,122
17374,125
17375,670
17376,475
17377,272
17378,86
17379,103
17380,734
17381,107
17382,921
17383,102
17384,364
17385,73
17386,295
17387,295
17388,295
17389,100
17390,98
17391,295
17392,96
17393,51
17394,97
17395,106
17396,295
17397,514
17398,133
17399,295
17400,481
17401,295
17402,898
17403,104
17404,79
17405,270
17406,699
17407,753
17408,104
17409,295
17410,433
17411,295
17412,100
17413,440
17414,644
17415,79
17416,295
17417,161
17418,490
17419,72
17420,153
17421,295
17422,102
17423,110
17424,457
17425,72
17426,865
17427,675
17428,54
17429,72
17430,371
17431,678
17432,52
17433,295
17434,81
17435,607
17436,980
17437,295
17438,647
17439,73
17440,945
17441,843
17442,169
17443,363
17444,106
17445,122
17446,519
17447,688
17448,82
17449,684
17450,454
17451,73
17452,444
17453,444
17454,298
17455,92
17456,295
17457,295
17458,295
17459,686
17460,112
17461,54
17462,295
17463,236
17464,295
17465,295
17466,891
17467,649
17468,97
17469,930
17470,387
17471,295
17472,295
17473,603
17474,295
17475,90
17476,325
17477,943
17478,682
17479,642
17480,924
17481,295
17482,554
17483,75
17484,295
17485,129
17486,633
17487,507
17488,496
17489,553
17490,660
17491,514
17492,72
17493,484
17494,267
17495,370
17496,526
17497,630
17498,71
17499,454
17500,71
17501,594
17502,549
17503,90
17504,295
17505,83
17506,130
17507,295
17508,295
17509,315
17510,447
17511,117
17512,471
17513,295
17514,95
17515,1000
17516,149
17517,295
17518,79
17519,106
17520,106
17521,149
17522,491
17523,315
17524,763
17525,470
17526,848
17527,290
17528,295
17529,295
17530,628
17531,295
17532,184
17533,295
17534,512
17535,631
17536,122
17537,530
17538,307
17539,169
17540,295
17541,668
17542,96
17543,58
17544,295
17545,830
17546,315
17547,83
17548,321
17549,640
17550,121
17551,295
17552,515
17553,863
17554,127
17555,295
17556,552
17557,295
17558,105
17559,295
17560,475
17561,106
17562,102
17563,295
17564,118
17565,708
17566,820
17567,295
17568,67
17569,110
17570,485
17571,94
17572,84
17573,295
17574,106
17575,295
17576,107
17577,743
17578,554
17579,80
17580,75
17581,439
17582,336
17583,96
17584,647
17585,557
17586,295
17587,295
17588,74
17589,186
17590,384
17591,925
17592,295
17593,104
17594,823
17595,650
17596,613
17597,295
17598,295
17599,756
17600,295
17601,85
17602,983
17603,295
17604,285
17605,870
17606,132
17607,299
17608,295
17609,900
17610,934
17611,39
17612,387
17613,102
17614,441
17615,61
17616,295
17617,55
17618,159
17619,88
17620,97
17621,866
17622,83
17623,76
17624,137
17625,109
17626,445
17627,409
17628,295
17629,181
17630,295
17631,107
17632,295
17633,69
17634,74
17635,713
17636,107
17637,50
17638,295
17639,295
17640,295
17641,53
17642,122
17643,896
17644,295
17645,73
17646,295
17647,549
17648,295
17649,127
17650,666
17651,295
17652,171
17653,398
17654,478
17655,58
17656,295
17657,295
17658,638
17659,720
17660,284
17661,993
17662,571
17663,295
17664,59
17665,295
17666,667
17667,232
17668,295
17669,90
17670,917
17671,550
17672,282
17673,535
17674,153
17675,452
17676,153
17677,295
17678,137
17679,107
17680,340
17681,145
17682,79
17683,295
17684,302
17685,81
17686,67
17687,295
17688,295
17689,101
17690,295
17691,978
17692,674
17693,957
17694,595
17695,284
17696,295
17697,103
17698,153
17699,295
17700,295
17701,163
17702,847
17703,317
17704,261
17705,295
17706,295
17707,295
17708,701
17709,464
17710,295
17711,734
17712,924
17713,107
17714,295
17715,423
17716,107
17717,295
17718,928
17719,295
17720,66
17721,638
17722,295
17723,71
17724,487
17725,160
17726,747
17727,310
17728,295
17729,857
17730,106
17731,523
17732,114
17733,368
17734,549
17735,295
17736,119
17737,595
17738,73
17739,295
17740,394
17741,94
17742,129
17743,110
17744,663
17745,295
17746,72
17747,110
17748,850
17749,757
17750,73
17751,701
17752,286
17753,295
17754,145
17755,394
17756,73
17757,207
17758,73
17759,354
17760,295
17761,297
17762,259
17763,295
17764,295
17765,63
17766,619
17767,252
17768,578
17769,824
17770,81
17771,116
17772,701
17773,104
17774,614
17775,295
17776,295
17777,296
17778,120
17779,295
17780,143
17781,87
17782,102
17783,705
17784,297
17785,925
17786,404
17787,295
17788,96
17789,119
17790,152
17791,295
17792,74
17793,106
17794,295
17795,295
17796,377
17797,107
17798,153
17799,137
17800,392
17801,295
17802,295
17803,133
17804,295
17805,627
17806,295
17807,475
17808,289
17809,978
17810,627
17811,303
17812,295
17813,295
17814,82
17815,295
17816,236
17817,162
17818,901
17819,295
17820,140
17821,884
17822,287
17823,817
17824,493
17825,128
17826,295
17827,648
17828,105
17829,796
17830,140
17831,482
17832,295
17833,72
17834,191
17835,521
17836,94
17837,876
17838,295
17839,153
17840,104
17841,294
17842,102
17843,375
17844,307
17845,731
17846,295
17847,99
17848,985
17849,109
17850,456
17851,73
17852,105
17853,743
17854,174
17855,295
17856,100
17857,113
17858,295
17859,770
17860,856
17861,531
17862,145
17863,35
17864,165
17865,70
17866,295
17867,129
17868,90
17869,145
17870,521
17871,295
17872,319
17873,91
17874,72
17875,104
17876,437
17877,295
17878,38
17879,295
17880,74
17881,105
17882,107
17883,295
17884,961
17885,296
17886,310
17887,876
17888,295
17889,438
17890,513
17891,295
17892,295
17893,295
17894,295
17895,72
17896,108
17897,776
17898,295
17899,402
17900,864
17901,62
17902,827
17903,295
17904,522
17905,295
17906,295
17907,471
17908,145
17909,295
17910,605
17911,295
17912,480
17913,104
17914,295
17915,744
17916,205
17917,73
17918,401
17919,72
17920,847
17921,754
17922,485
17923,482
17924,71
17925,344
17926,945
17927,828
17928,295
17929,342
17930,97
17931,295
17932,69
17933,73
17934,554
17935,578
17936,295
17937,960
17938,295
17939,507
17940,295
17941,295
17942,549
17943,485
17944,561
17945,696
17946,295
17947,866
17948,471
17949,378
17950,295
17951,98
17952,295
17953,295
17954,116
17955,83
17956,177
17957,102
17958,74
17959,890
17960,295
17961,295
17962,145
17963,202
17964,119
17965,52
17966,432
17967,295
17968,153
17969,295
17970,73
17971,138
17972,295
17973,943
17974,962
17975,295
17976,62
17977,586
17978,239
17979,946
17980,949
17981,145
17982,978
17983,269
17984,157
17985,71
17986,109
17987,107
17988,75
17989,295
17990,839
17991,369
17992,793
17993,326
17994,103
17995,137
17996,167
17997,295
17998,137
17999,295
18000,295
18001,104
18002,557
18003,72
18004,105
18005,291
18006,437
18007,295
18008,295
18009,66
18010,295
18011,295
18012,295
18013,613
18014,73
18015,110
18016,90
18017,911
18018,635
18019,956
18020,72
18021,295
18022,72
18023,566
18024,463
18025,295
18026,261
18027,443
18028,311
18029,110
18030,295
18031,103
18032,445
18033,295
18034,73
18035,295
18036,922
18037,58
18038,295
18039,464
18040,295
18041,162
18042,60
18043,511
18044,117
18045,978
18046,355
18047,295
18048,522
18049,694
18050,788
18051,101
18052,295
18053,84
18054,295
18055,162
18056,62
18057,295
18058,399
18059,403
18060,348
18061,425
18062,295
18063,204
18064,420
18065,452
18066,113
18067,107
18068,835
18069,977
18070,129
18071,877
18072,104
18073,528
18074,216
18075,295
18076,104
18077,123
18078,633
18079,789
18080,295
18081,405
18082,248
18083,119
18084,923
18085,745
18086,96
18087,452
18088,354
18089,298
18090,295
18091,666
18092,110
18093,80
18094,508
18095,72
18096,922
18097,295
18098,100
18099,759
18100,59
18101,691
18102,552
18103,104
18104,974
18105,133
18106,813
18107,295
18108,295
18109,107
18110,954
18111,295
18112,83
18113,295
18114,185
18115,681
18116,295
18117,509
18118,637
18119,105
18120,644
18121,295
18122,120
18123,547
18124,972
18125,295
18126,62
18127,585
18128,240
18129,295
18130,553
18131,786
18132,295
18133,472
18134,84
18135,56
18136,90
18137,835
18138,528
18139,295
18140,231
18141,632
18142,373
18143,295
18144,94
18145,295
18146,76
18147,91
18148,295
18149,299
18150,550
18151,145
18152,93
18153,682
18154,295
18155,295
18156,145
18157,106
18158,295
18159,295
18160,935
18161,295
18162,295
18163,585
18164,139
18165,696
18166,516
18167,295
18168,221
18169,163
18170,435
18171,62
18172,299
18173,85
18174,295
18175,98
18176,101
18177,611
18178,288
18179,295
18180,145
18181,64
18182,295
18183,295
18184,101
18185,86
18186,950
18187,126
18188,518
18189,601
18190,363
18191,261
18192,295
18193,295
18194,295
18195,165
18196,104
18197,860
18198,295
18199,379
18200,295
18201,72
18202,101
18203,642
18204,138
18205,682
18206,124
18207,49
18208,252
18209,110
18210,295
18211,295
18212,72
18213,670
18214,941
18215,82
18216,588
18217,180
18218,295
18219,72
18220,986
18221,462
18222,108
18223,60
18224,119
18225,464
18226,203
18227,295
18228,60
18229,72
18230,58
18231,948
18232,690
18233,77
18234,110
18235,295
18236,295
18237,295
18238,107
18239,336
18240,652
18241,17
18242,629
18243,74
18244,552
18245,636
18246,107
18247,889
18248,546
18249,295
18250,295
18251,114
18252,757
18253,295
18254,106
18255,383
18256,885
18257,295
18258,295
18259,240
18260,295
18261,101
18262,101
18263,295
18264,121
18265,100
18266,339
18267,103
18268,295
18269,81
18270,56
18271,665
18272,988
18273,119
18274,295
18275,104
18276,864
18277,295
18278,874
18279,115
18280,63
18281,687
18282,333
18283,424
18284,295
18285,426
18286,295
18287,295
18288,110
18289,834
18290,102
18291,853
18292,177
18293,256
18294,108
18295,104
18296,295
18297,100
18298,90
18299,713
18300,280
18301,104
18302,295
18303,532
18304,769
18305,442
18306,855
18307,295
18308,295
18309,57
18310,108
18311,607
18312,72
18313,295
18314,582
18315,996
18316,356
18317,74
18318,117
18319,82
18320,470
18321,552
18322,717
18323,95
18324,681
18325,65
18326,819
18327,65
18328,876
18329,904
18330,443
18331,96
18332,70
18333,295
18334,153
18335,295
18336,295
18337,294
18338,295
18339,295
18340,81
18341,982
18342,295
18343,295
18344,78
18345,978
18346,295
18347,103
18348,305
18349,89
18350,295
18351,145
18352,531
18353,299
18354,154
18355,110
18356,519
18357,234
18358,73
18359,74
18360,622
18361,571
18362,89
18363,295
18364,274
18365,121
18366,72
18367,88
18368,295
18369,295
18370,295
18371,104
18372,120
18373,82
18374,533
18375,77
18376,300
18377,295
18378,304
18379,295
18380,774
18381,80
18382,104
18383,678
18384,507
18385,129
18386,295
18387,87
18388,542
18389,164
18390,122
18391,295
18392,97
18393,324
18394,295
18395,466
18396,966
18397,831
18398,494
18399,295
18400,150
18401,60
18402,759
18403,54
18404,71
18405,295
18406,723
18407,107
18408,104
18409,75
18410,99
18411,295
18412,295
18413,332
18414,149
18415,435
18416,101
18417,125
18418,295
18419,510
18420,295
18421,75
18422,829
18423,145
18424,295
18425,293
18426,72
18427,295
18428,330
18429,480
18430,295
18431,696
18432,107
18433,295
18434,73
18435,301
18436,80
18437,295
18438,733
18439,295
18440,558
18441,145
18442,295
18443,30
18444,295
18445,71
18446,102
18447,312
18448,115
18449,835
18450,145
18451,83
18452,145
18453,295
18454,661
18455,394
18456,105
18457,98
18458,295
18459,968
18460,705
18461,486
18462,75
18463,129
18464,105
18465,295
18466,104
18467,528
18468,134
18469,939
18470,766
18471,602
18472,73
18473,104
18474,776
18475,550
18476,499
18477,295
18478,295
18479,849
18480,104
18481,295
18482,295
18483,540
18484,295
18485,526
18486,303
18487,680
18488,295
18489,113
18490,493
18491,90
18492,114
18493,107
18494,988
18495,481
18496,985
18497,728
18498,295
18499,295
18500,295
18501,295
18502,72
18503,316
18504,295
18505,98
18506,894
18507,72
18508,295
18509,119
18510,295
18511,295
18512,256
18513,871
18514,117
18515,506
18516,247
18517,295
18518,247
18519,919
18520,295
18521,302
18522,71
18523,92
18524,295
18525,295
18526,99
18527,119
18528,295
18529,320
18530,438
18531,731
18532,84
18533,295
18534,295
18535,112
18536,593
18537,221
18538,420
18539,295
18540,71
18541,70
18542,295
18543,588
18544,959
18545,72
18546,295
18547,106
18548,145
18549,98
18550,134
18551,295
18552,295
18553,298
18554,89
18555,392
18556,585
18557,910
18558,275
18559,472
18560,107
18561,601
18562,295
18563,883
18564,153
18565,754
18566,590
18567,819
18568,136
18569,295
18570,71
18571,1000
18572,617
18573,295
18574,62
18575,795
18576,96
18577,270
18578,295
18579,83
18580,745
18581,754
18582,393
18583,103
18584,267
18585,938
18586,295
18587,82
18588,295
18589,292
18590,72
18591,295
18592,394
18593,295
18594,291
18595,295
18596,476
18597,295
18598,335
18599,295
18600,710
18601,69
18602,465
18603,295
18604,295
18605,198
18606,548
18607,384
18608,97
18609,342
18610,85
18611,73
18612,626
18613,101
18614,62
18615,38
18616,295
18617,295
18618,153
18619,72
18620,906
18621,295
18622,545
18623,79
18624,462
18625,295
18626,714
18627,679
18628,87
18629,107
18630,296
18631,295
18632,244
18633,104
18634,879
18635,544
18636,295
18637,105
18638,72
18639,121
18640,295
18641,790
18642,295
18643,468
18644,171
18645,295
18646,62
18647,276
18648,59
18649,295
18650,430
18651,724
18652,107
18653,403
18654,107
18655,83
18656,442
18657,110
18658,106
18659,94
18660,688
18661,269
18662,700
18663,105
18664,106
18665,217
18666,145
18667,125
18668,97
18669,685
18670,887
18671,632
18672,107
18673,107
18674,295
18675,295
18676,295
18677,295
18678,107
18679,110
18680,978
18681,71
18682,295
18683,852
18684,473
18685,315
18686,100
18687,799
18688,710
18689,915
18690,487
18691,250
18692,66
18693,927
18694,295
18695,295
18696,107
18697,293
18698,87
18699,493
18700,295
18701,106
18702,72
18703,84
18704,936
18705,98
18706,553
18707,879
18708,538
18709,295
18710,79
18711,106
18712,295
18713,37
18714,295
18715,948
18716,863
18717,83
18718,96
18719,582
18720,490
18721,244
18722,569
18723,134
18724,295
18725,75
18726,295
18727,534
18728,771
18729,776
18730,295
18731,85
18732,153
18733,295
18734,153
18735,70
18736,294
18737,933
18738,117
18739,270
18740,732
18741,688
18742,295
18743,478
18744,295
18745,824
18746,106
18747,676
18748,73
18749,295
18750,106
18751,295
18752,65
18753,98
18754,638
18755,72
18756,700
18757,75
18758,295
18759,295
18760,92
18761,295
18762,295
18763,446
18764,61
18765,138
18766,295
18767,82
18768,468
18769,300
18770,132
18771,600
18772,295
18773,295
18774,562
18775,295
18776,295
18777,906
18778,293
18779,514
18780,295
18781,683
18782,108
18783,295
18784,290
18785,69
18786,342
18787,748
18788,295
18789,83
18790,295
18791,106
18792,138
18793,102
18794,72
18795,734
18796,104
18797,109
18798,579
18799,295
18800,295
18801,125
18802,462
18803,90
18804,295
18805,740
18806,102
18807,136
18808,104
18809,295
18810,113
18811,611
18812,84
18813,295
18814,104
18815,295
18816,651
18817,300
18818,295
18819,649
18820,921
18821,295
18822,295
18823,294
18824,295
18825,801
18826,326
18827,86
18828,295
18829,543
18830,887
18831,862
18832,295
18833,692
18834,971
18835,792
18836,107
18837,871
18838,295
18839,295
18840,467
18841,264
18842,438
18843,75
18844,105
18845,382
18846,295
18847,295
18848,595
18849,600
18850,145
18851,107
18852,187
18853,295
18854,103
18855,712
18856,62
18857,268
18858,295
18859,984
18860,295
18861,34
18862,69
18863,73
18864,336
18865,284
18866,73
18867,295
18868,843
18869,136
18870,645
18871,368
18872,82
18873,938
18874,295
18875,921
18876,295
18877,295
18878,77
18879,423
18880,131
18881,137
18882,586
18883,89
18884,261
18885,95
18886,386
18887,721
18888,295
18889,501
18890,94
18891,295
18892,76
18893,532
18894,70
18895,70
18896,256
18897,73
18898,99
18899,595
18900,113
18901,782
18902,112
18903,77
18904,105
18905,98
18906,531
18907,930
18908,71
18909,295
18910,98
18911,102
18912,243
18913,649
18914,969
18915,153
18916,295
18917,829
18918,402
18919,954
18920,936
18921,295
18922,295
18923,295
18924,236
18925,295
18926,295
18927,112
18928,295
18929,686
18930,884
18931,295
18932,295
18933,168
18934,295
18935,116
18936,277
18937,271
18938,409
18939,848
18940,71
18941,992
18942,107
18943,127
18944,240
18945,864
18946,577
18947,295
18948,72
18949,64
18950,714
18951,273
18952,89
18953,823
18954,953
18955,891
18956,295
18957,295
18958,248
18959,295
18960,394
18961,950
18962,690
18963,283
18964,152
18965,84
18966,468
18967,876
18968,303
18969,340
18970,295
18971,63
18972,81
18973,187
18974,364
18975,111
18976,295
18977,295
18978,639
18979,480
18980,295
18981,299
18982,295
18983,295
18984,295
18985,127
18986,745
18987,284
18988,107
18989,352
18990,295
18991,80
18992,82
18993,146
18994,295
18995,946
18996,86
18997,460
18998,295
18999,106
19000,316
19001,883
19002,808
19003,103
19004,295
19005,90
19006,295
19007,713
19008,835
19009,978
19010,94
19011,138
19012,106
19013,145
19014,101
19015,273
19016,295
19017,78
19018,295
19019,381
19020,558
19021,72
19022,954
