row_index,GeneType,class_index
0,BIOLOGICAL_REGION,0
1,BIOLOGICAL_REGION,0
2,BIOLOGICAL_REGION,0
3,ncRNA,4
4,BIOLOGICAL_REGION,0
5,PSEUDO,3
6,PSEUDO,3
7,tRNA,9
8,PSEUDO,3
9,PSEUDO,3
10,PSEUDO,3
11,BIOLOGICAL_REGION,0
12,PROTEIN_CODING,2
13,PSEUDO,3
14,PSEUDO,3
15,ncRNA,4
16,BIOLOGICAL_REGION,0
17,BIOLOGICAL_REGION,0
18,BIOLOGICAL_REGION,0
19,PSEUDO,3
20,OTHER,1
21,PSEUDO,3
22,BIOLOGICAL_REGION,0
23,BIOLOGICAL_REGION,0
24,PSEUDO,3
25,PSEUDO,3
26,OTHER,1
27,BIOLOGICAL_REGION,0
28,PSEUDO,3
29,PSEUDO,3
30,snoRNA,8
31,snoRNA,8
32,PSEUDO,3
33,snoRNA,8
34,BIOLOGICAL_REGION,0
35,ncRNA,4
36,BIOLOGICAL_REGION,0
37,BIOLOGICAL_REGION,0
38,PSEUDO,3
39,PSEUDO,3
40,BIOLOGICAL_REGION,0
41,PSEUDO,3
42,PSEUDO,3
43,PROTEIN_CODING,2
44,PSEUDO,3
45,tRNA,9
46,BIOLOGICAL_REGION,0
47,PSEUDO,3
48,ncRNA,4
49,BIOLOGICAL_REGION,0
50,snoRNA,8
51,ncRNA,4
52,PSEUDO,3
53,BIOLOGICAL_REGION,0
54,PSEUDO,3
55,BIOLOGICAL_REGION,0
56,PSEUDO,3
57,PSEUDO,3
58,ncRNA,4
59,PSEUDO,3
60,ncRNA,4
61,PSEUDO,3
62,tRNA,9
63,PSEUDO,3
64,PSEUDO,3
65,PSEUDO,3
66,PSEUDO,3
67,PSEUDO,3
68,PSEUDO,3
69,ncRNA,4
70,PSEUDO,3
71,PSEUDO,3
72,BIOLOGICAL_REGION,0
73,PSEUDO,3
74,snoRNA,8
75,BIOLOGICAL_REGION,0
76,snoRNA,8
77,PSEUDO,3
78,PSEUDO,3
79,ncRNA,4
80,snoRNA,8
81,ncRNA,4
82,BIOLOGICAL_REGION,0
83,BIOLOGICAL_REGION,0
84,tRNA,9
85,PSEUDO,3
86,PSEUDO,3
87,snoRNA,8
88,BIOLOGICAL_REGION,0
89,PSEUDO,3
90,PSEUDO,3
91,PSEUDO,3
92,BIOLOGICAL_REGION,0
93,PSEUDO,3
94,OTHER,1
95,PSEUDO,3
96,PSEUDO,3
97,PROTEIN_CODING,2
98,PSEUDO,3
99,PROTEIN_CODING,2
100,BIOLOGICAL_REGION,0
101,snoRNA,8
102,BIOLOGICAL_REGION,0
103,BIOLOGICAL_REGION,0
104,BIOLOGICAL_REGION,0
105,PSEUDO,3
106,BIOLOGICAL_REGION,0
107,PSEUDO,3
108,BIOLOGICAL_REGION,0
109,PSEUDO,3
110,PSEUDO,3
111,BIOLOGICAL_REGION,0
112,PROTEIN_CODING,2
113,PSEUDO,3
114,BIOLOGICAL_REGION,0
115,BIOLOGICAL_REGION,0
116,PSEUDO,3
117,OTHER,1
118,PSEUDO,3
119,PSEUDO,3
120,PSEUDO,3
121,PSEUDO,3
122,ncRNA,4
123,BIOLOGICAL_REGION,0
124,PSEUDO,3
125,BIOLOGICAL_REGION,0
126,BIOLOGICAL_REGION,0
127,PSEUDO,3
128,BIOLOGICAL_REGION,0
129,ncRNA,4
130,PSEUDO,3
131,snoRNA,8
132,BIOLOGICAL_REGION,0
133,PSEUDO,3
134,snoRNA,8
135,PSEUDO,3
136,ncRNA,4
137,PSEUDO,3
138,PSEUDO,3
139,PSEUDO,3
140,PROTEIN_CODING,2
141,tRNA,9
142,BIOLOGICAL_REGION,0
143,snoRNA,8
144,snRNA,7
145,PSEUDO,3
146,BIOLOGICAL_REGION,0
147,BIOLOGICAL_REGION,0
148,PSEUDO,3
149,BIOLOGICAL_REGION,0
150,BIOLOGICAL_REGION,0
151,PSEUDO,3
152,snoRNA,8
153,PSEUDO,3
154,BIOLOGICAL_REGION,0
155,tRNA,9
156,ncRNA,4
157,BIOLOGICAL_REGION,0
158,BIOLOGICAL_REGION,0
159,PSEUDO,3
160,BIOLOGICAL_REGION,0
161,BIOLOGICAL_REGION,0
162,BIOLOGICAL_REGION,0
163,BIOLOGICAL_REGION,0
164,PSEUDO,3
165,PSEUDO,3
166,ncRNA,4
167,PSEUDO,3
168,PSEUDO,3
169,ncRNA,4
170,PROTEIN_CODING,2
171,snoRNA,8
172,BIOLOGICAL_REGION,0
173,BIOLOGICAL_REGION,0
174,PSEUDO,3
175,BIOLOGICAL_REGION,0
176,PSEUDO,3
177,PSEUDO,3
178,OTHER,1
179,PSEUDO,3
180,PSEUDO,3
181,snoRNA,8
182,PSEUDO,3
183,PROTEIN_CODING,2
184,PSEUDO,3
185,tRNA,9
186,BIOLOGICAL_REGION,0
187,ncRNA,4
188,PSEUDO,3
189,PSEUDO,3
190,PSEUDO,3
191,PSEUDO,3
192,PSEUDO,3
193,snoRNA,8
194,PSEUDO,3
195,PROTEIN_CODING,2
196,snoRNA,8
197,PSEUDO,3
198,PSEUDO,3
199,ncRNA,4
200,BIOLOGICAL_REGION,0
201,PSEUDO,3
202,PSEUDO,3
203,PROTEIN_CODING,2
204,PSEUDO,3
205,PSEUDO,3
206,OTHER,1
207,PSEUDO,3
208,PSEUDO,3
209,PSEUDO,3
210,ncRNA,4
211,ncRNA,4
212,ncRNA,4
213,ncRNA,4
214,BIOLOGICAL_REGION,0
215,PSEUDO,3
216,snoRNA,8
217,OTHER,1
218,BIOLOGICAL_REGION,0
219,PSEUDO,3
220,PSEUDO,3
221,ncRNA,4
222,BIOLOGICAL_REGION,0
223,ncRNA,4
224,PSEUDO,3
225,ncRNA,4
226,BIOLOGICAL_REGION,0
227,PSEUDO,3
228,ncRNA,4
229,PSEUDO,3
230,BIOLOGICAL_REGION,0
231,ncRNA,4
232,tRNA,9
233,PSEUDO,3
234,BIOLOGICAL_REGION,0
235,PSEUDO,3
236,PSEUDO,3
237,PSEUDO,3
238,PSEUDO,3
239,PSEUDO,3
240,PROTEIN_CODING,2
241,BIOLOGICAL_REGION,0
242,BIOLOGICAL_REGION,0
243,BIOLOGICAL_REGION,0
244,PSEUDO,3
245,PSEUDO,3
246,BIOLOGICAL_REGION,0
247,snoRNA,8
248,OTHER,1
249,PSEUDO,3
250,PSEUDO,3
251,BIOLOGICAL_REGION,0
252,PSEUDO,3
253,PSEUDO,3
254,BIOLOGICAL_REGION,0
255,PSEUDO,3
256,PSEUDO,3
257,BIOLOGICAL_REGION,0
258,PSEUDO,3
259,PSEUDO,3
260,PSEUDO,3
261,PSEUDO,3
262,BIOLOGICAL_REGION,0
263,ncRNA,4
264,PSEUDO,3
265,PROTEIN_CODING,2
266,PSEUDO,3
267,PROTEIN_CODING,2
268,PSEUDO,3
269,PSEUDO,3
270,BIOLOGICAL_REGION,0
271,PSEUDO,3
272,PROTEIN_CODING,2
273,PSEUDO,3
274,ncRNA,4
275,PSEUDO,3
276,snoRNA,8
277,ncRNA,4
278,ncRNA,4
279,ncRNA,4
280,PSEUDO,3
281,PSEUDO,3
282,PSEUDO,3
283,PSEUDO,3
284,PSEUDO,3
285,PSEUDO,3
286,PSEUDO,3
287,ncRNA,4
288,snoRNA,8
289,BIOLOGICAL_REGION,0
290,BIOLOGICAL_REGION,0
291,BIOLOGICAL_REGION,0
292,BIOLOGICAL_REGION,0
293,ncRNA,4
294,snRNA,7
295,PSEUDO,3
296,PSEUDO,3
297,PSEUDO,3
298,BIOLOGICAL_REGION,0
299,PSEUDO,3
300,PSEUDO,3
301,PSEUDO,3
302,ncRNA,4
303,PSEUDO,3
304,ncRNA,4
305,PSEUDO,3
306,BIOLOGICAL_REGION,0
307,ncRNA,4
308,ncRNA,4
309,BIOLOGICAL_REGION,0
310,BIOLOGICAL_REGION,0
311,PSEUDO,3
312,PSEUDO,3
313,BIOLOGICAL_REGION,0
314,PSEUDO,3
315,BIOLOGICAL_REGION,0
316,PSEUDO,3
317,PSEUDO,3
318,PSEUDO,3
319,OTHER,1
320,snRNA,7
321,BIOLOGICAL_REGION,0
322,PSEUDO,3
323,PSEUDO,3
324,BIOLOGICAL_REGION,0
325,PSEUDO,3
326,tRNA,9
327,PSEUDO,3
328,PSEUDO,3
329,PSEUDO,3
330,ncRNA,4
331,BIOLOGICAL_REGION,0
332,snoRNA,8
333,BIOLOGICAL_REGION,0
334,BIOLOGICAL_REGION,0
335,PSEUDO,3
336,PSEUDO,3
337,ncRNA,4
338,OTHER,1
339,PSEUDO,3
340,PSEUDO,3
341,PSEUDO,3
342,ncRNA,4
343,BIOLOGICAL_REGION,0
344,BIOLOGICAL_REGION,0
345,PSEUDO,3
346,BIOLOGICAL_REGION,0
347,PSEUDO,3
348,ncRNA,4
349,PSEUDO,3
350,BIOLOGICAL_REGION,0
351,OTHER,1
352,tRNA,9
353,PSEUDO,3
354,BIOLOGICAL_REGION,0
355,OTHER,1
356,BIOLOGICAL_REGION,0
357,ncRNA,4
358,BIOLOGICAL_REGION,0
359,PSEUDO,3
360,PSEUDO,3
361,BIOLOGICAL_REGION,0
362,BIOLOGICAL_REGION,0
363,PSEUDO,3
364,BIOLOGICAL_REGION,0
365,ncRNA,4
366,BIOLOGICAL_REGION,0
367,PSEUDO,3
368,PSEUDO,3
369,PSEUDO,3
370,BIOLOGICAL_REGION,0
371,ncRNA,4
372,PSEUDO,3
373,ncRNA,4
374,BIOLOGICAL_REGION,0
375,BIOLOGICAL_REGION,0
376,rRNA,5
377,BIOLOGICAL_REGION,0
378,snoRNA,8
379,BIOLOGICAL_REGION,0
380,BIOLOGICAL_REGION,0
381,snoRNA,8
382,BIOLOGICAL_REGION,0
383,PSEUDO,3
384,PSEUDO,3
385,BIOLOGICAL_REGION,0
386,ncRNA,4
387,PSEUDO,3
388,BIOLOGICAL_REGION,0
389,BIOLOGICAL_REGION,0
390,PSEUDO,3
391,tRNA,9
392,PSEUDO,3
393,PSEUDO,3
394,PSEUDO,3
395,PSEUDO,3
396,PSEUDO,3
397,ncRNA,4
398,PSEUDO,3
399,PSEUDO,3
400,BIOLOGICAL_REGION,0
401,ncRNA,4
402,ncRNA,4
403,BIOLOGICAL_REGION,0
404,PSEUDO,3
405,PSEUDO,3
406,PSEUDO,3
407,PSEUDO,3
408,BIOLOGICAL_REGION,0
409,ncRNA,4
410,PSEUDO,3
411,PSEUDO,3
412,PSEUDO,3
413,BIOLOGICAL_REGION,0
414,PSEUDO,3
415,tRNA,9
416,BIOLOGICAL_REGION,0
417,BIOLOGICAL_REGION,0
418,snoRNA,8
419,PSEUDO,3
420,ncRNA,4
421,PSEUDO,3
422,BIOLOGICAL_REGION,0
423,PSEUDO,3
424,BIOLOGICAL_REGION,0
425,BIOLOGICAL_REGION,0
426,PSEUDO,3
427,PSEUDO,3
428,ncRNA,4
429,OTHER,1
430,ncRNA,4
431,ncRNA,4
432,BIOLOGICAL_REGION,0
433,PSEUDO,3
434,OTHER,1
435,BIOLOGICAL_REGION,0
436,PSEUDO,3
437,ncRNA,4
438,BIOLOGICAL_REGION,0
439,PSEUDO,3
440,PSEUDO,3
441,BIOLOGICAL_REGION,0
442,BIOLOGICAL_REGION,0
443,tRNA,9
444,BIOLOGICAL_REGION,0
445,ncRNA,4
446,BIOLOGICAL_REGION,0
447,snoRNA,8
448,PSEUDO,3
449,BIOLOGICAL_REGION,0
450,snoRNA,8
451,snoRNA,8
452,PSEUDO,3
453,PSEUDO,3
454,snRNA,7
455,BIOLOGICAL_REGION,0
456,snoRNA,8
457,PSEUDO,3
458,PSEUDO,3
459,BIOLOGICAL_REGION,0
460,BIOLOGICAL_REGION,0
461,PSEUDO,3
462,rRNA,5
463,ncRNA,4
464,PSEUDO,3
465,BIOLOGICAL_REGION,0
466,BIOLOGICAL_REGION,0
467,BIOLOGICAL_REGION,0
468,ncRNA,4
469,BIOLOGICAL_REGION,0
470,BIOLOGICAL_REGION,0
471,ncRNA,4
472,PSEUDO,3
473,ncRNA,4
474,PSEUDO,3
475,BIOLOGICAL_REGION,0
476,BIOLOGICAL_REGION,0
477,PSEUDO,3
478,BIOLOGICAL_REGION,0
479,BIOLOGICAL_REGION,0
480,PSEUDO,3
481,PSEUDO,3
482,PSEUDO,3
483,PSEUDO,3
484,BIOLOGICAL_REGION,0
485,PSEUDO,3
486,snoRNA,8
487,PSEUDO,3
488,BIOLOGICAL_REGION,0
489,ncRNA,4
490,ncRNA,4
491,tRNA,9
492,PSEUDO,3
493,BIOLOGICAL_REGION,0
494,snoRNA,8
495,PSEUDO,3
496,rRNA,5
497,PSEUDO,3
498,PSEUDO,3
499,BIOLOGICAL_REGION,0
500,BIOLOGICAL_REGION,0
501,PSEUDO,3
502,PSEUDO,3
503,tRNA,9
504,BIOLOGICAL_REGION,0
505,BIOLOGICAL_REGION,0
506,PSEUDO,3
507,snoRNA,8
508,PSEUDO,3
509,PSEUDO,3
510,BIOLOGICAL_REGION,0
511,PSEUDO,3
512,PSEUDO,3
513,PSEUDO,3
514,BIOLOGICAL_REGION,0
515,snoRNA,8
516,PSEUDO,3
517,PSEUDO,3
518,tRNA,9
519,PSEUDO,3
520,PSEUDO,3
521,BIOLOGICAL_REGION,0
522,PROTEIN_CODING,2
523,PSEUDO,3
524,ncRNA,4
525,BIOLOGICAL_REGION,0
526,BIOLOGICAL_REGION,0
527,BIOLOGICAL_REGION,0
528,BIOLOGICAL_REGION,0
529,PSEUDO,3
530,ncRNA,4
531,BIOLOGICAL_REGION,0
532,PSEUDO,3
533,BIOLOGICAL_REGION,0
534,PSEUDO,3
535,ncRNA,4
536,PSEUDO,3
537,PSEUDO,3
538,PSEUDO,3
539,snoRNA,8
540,PSEUDO,3
541,ncRNA,4
542,PSEUDO,3
543,BIOLOGICAL_REGION,0
544,PSEUDO,3
545,PSEUDO,3
546,PSEUDO,3
547,PSEUDO,3
548,BIOLOGICAL_REGION,0
549,PSEUDO,3
550,ncRNA,4
551,BIOLOGICAL_REGION,0
552,BIOLOGICAL_REGION,0
553,BIOLOGICAL_REGION,0
554,PSEUDO,3
555,BIOLOGICAL_REGION,0
556,PROTEIN_CODING,2
557,snoRNA,8
558,ncRNA,4
559,PSEUDO,3
560,BIOLOGICAL_REGION,0
561,PSEUDO,3
562,PSEUDO,3
563,PSEUDO,3
564,BIOLOGICAL_REGION,0
565,PSEUDO,3
566,PSEUDO,3
567,PSEUDO,3
568,PSEUDO,3
569,tRNA,9
570,PSEUDO,3
571,PSEUDO,3
572,PSEUDO,3
573,BIOLOGICAL_REGION,0
574,PSEUDO,3
575,snRNA,7
576,ncRNA,4
577,PSEUDO,3
578,tRNA,9
579,ncRNA,4
580,PSEUDO,3
581,PSEUDO,3
582,PSEUDO,3
583,PSEUDO,3
584,PSEUDO,3
585,PSEUDO,3
586,PSEUDO,3
587,PSEUDO,3
588,PSEUDO,3
589,ncRNA,4
590,BIOLOGICAL_REGION,0
591,snoRNA,8
592,PSEUDO,3
593,PSEUDO,3
594,rRNA,5
595,PSEUDO,3
596,PSEUDO,3
597,PSEUDO,3
598,BIOLOGICAL_REGION,0
599,BIOLOGICAL_REGION,0
600,PSEUDO,3
601,PSEUDO,3
602,PSEUDO,3
603,snRNA,7
604,BIOLOGICAL_REGION,0
605,BIOLOGICAL_REGION,0
606,BIOLOGICAL_REGION,0
607,PSEUDO,3
608,BIOLOGICAL_REGION,0
609,ncRNA,4
610,BIOLOGICAL_REGION,0
611,PSEUDO,3
612,BIOLOGICAL_REGION,0
613,PSEUDO,3
614,PSEUDO,3
615,BIOLOGICAL_REGION,0
616,BIOLOGICAL_REGION,0
617,PSEUDO,3
618,ncRNA,4
619,BIOLOGICAL_REGION,0
620,PSEUDO,3
621,BIOLOGICAL_REGION,0
622,ncRNA,4
623,BIOLOGICAL_REGION,0
624,ncRNA,4
625,BIOLOGICAL_REGION,0
626,ncRNA,4
627,PSEUDO,3
628,PROTEIN_CODING,2
629,BIOLOGICAL_REGION,0
630,BIOLOGICAL_REGION,0
631,snoRNA,8
632,BIOLOGICAL_REGION,0
633,PSEUDO,3
634,snoRNA,8
635,PSEUDO,3
636,PSEUDO,3
637,PROTEIN_CODING,2
638,PSEUDO,3
639,PSEUDO,3
640,PSEUDO,3
641,PSEUDO,3
642,BIOLOGICAL_REGION,0
643,BIOLOGICAL_REGION,0
644,PSEUDO,3
645,PSEUDO,3
646,PSEUDO,3
647,PSEUDO,3
648,PSEUDO,3
649,ncRNA,4
650,BIOLOGICAL_REGION,0
651,PSEUDO,3
652,BIOLOGICAL_REGION,0
653,snoRNA,8
654,PSEUDO,3
655,BIOLOGICAL_REGION,0
656,ncRNA,4
657,rRNA,5
658,PSEUDO,3
659,PSEUDO,3
660,PSEUDO,3
661,snoRNA,8
662,PSEUDO,3
663,PSEUDO,3
664,PSEUDO,3
665,ncRNA,4
666,BIOLOGICAL_REGION,0
667,BIOLOGICAL_REGION,0
668,ncRNA,4
669,BIOLOGICAL_REGION,0
670,ncRNA,4
671,snoRNA,8
672,PSEUDO,3
673,ncRNA,4
674,PSEUDO,3
675,BIOLOGICAL_REGION,0
676,BIOLOGICAL_REGION,0
677,PSEUDO,3
678,PSEUDO,3
679,BIOLOGICAL_REGION,0
680,tRNA,9
681,PSEUDO,3
682,BIOLOGICAL_REGION,0
683,ncRNA,4
684,PROTEIN_CODING,2
685,PSEUDO,3
686,rRNA,5
687,PROTEIN_CODING,2
688,BIOLOGICAL_REGION,0
689,snRNA,7
690,PROTEIN_CODING,2
691,PSEUDO,3
692,PSEUDO,3
693,BIOLOGICAL_REGION,0
694,PSEUDO,3
695,PSEUDO,3
696,BIOLOGICAL_REGION,0
697,BIOLOGICAL_REGION,0
698,PSEUDO,3
699,PSEUDO,3
700,BIOLOGICAL_REGION,0
701,BIOLOGICAL_REGION,0
702,ncRNA,4
703,ncRNA,4
704,BIOLOGICAL_REGION,0
705,BIOLOGICAL_REGION,0
706,PSEUDO,3
707,BIOLOGICAL_REGION,0
708,ncRNA,4
709,BIOLOGICAL_REGION,0
710,OTHER,1
711,OTHER,1
712,PSEUDO,3
713,BIOLOGICAL_REGION,0
714,BIOLOGICAL_REGION,0
715,PSEUDO,3
716,PSEUDO,3
717,PSEUDO,3
718,PSEUDO,3
719,rRNA,5
720,BIOLOGICAL_REGION,0
721,ncRNA,4
722,BIOLOGICAL_REGION,0
723,PSEUDO,3
724,snRNA,7
725,ncRNA,4
726,ncRNA,4
727,PSEUDO,3
728,PSEUDO,3
729,tRNA,9
730,PSEUDO,3
731,BIOLOGICAL_REGION,0
732,BIOLOGICAL_REGION,0
733,PSEUDO,3
734,rRNA,5
735,PSEUDO,3
736,BIOLOGICAL_REGION,0
737,BIOLOGICAL_REGION,0
738,ncRNA,4
739,tRNA,9
740,snoRNA,8
741,PSEUDO,3
742,ncRNA,4
743,PROTEIN_CODING,2
744,BIOLOGICAL_REGION,0
745,PSEUDO,3
746,ncRNA,4
747,PSEUDO,3
748,ncRNA,4
749,BIOLOGICAL_REGION,0
750,BIOLOGICAL_REGION,0
751,PSEUDO,3
752,PROTEIN_CODING,2
753,PSEUDO,3
754,BIOLOGICAL_REGION,0
755,PSEUDO,3
756,PSEUDO,3
757,PSEUDO,3
758,rRNA,5
759,PSEUDO,3
760,ncRNA,4
761,PSEUDO,3
762,tRNA,9
763,BIOLOGICAL_REGION,0
764,PSEUDO,3
765,BIOLOGICAL_REGION,0
766,PSEUDO,3
767,snRNA,7
768,BIOLOGICAL_REGION,0
769,PSEUDO,3
770,PSEUDO,3
771,BIOLOGICAL_REGION,0
772,PSEUDO,3
773,PSEUDO,3
774,PSEUDO,3
775,PSEUDO,3
776,BIOLOGICAL_REGION,0
777,ncRNA,4
778,PSEUDO,3
779,BIOLOGICAL_REGION,0
780,PSEUDO,3
781,ncRNA,4
782,PSEUDO,3
783,snoRNA,8
784,rRNA,5
785,BIOLOGICAL_REGION,0
786,ncRNA,4
787,BIOLOGICAL_REGION,0
788,rRNA,5
789,PSEUDO,3
790,ncRNA,4
791,PSEUDO,3
792,PSEUDO,3
793,PSEUDO,3
794,ncRNA,4
795,BIOLOGICAL_REGION,0
796,ncRNA,4
797,PSEUDO,3
798,BIOLOGICAL_REGION,0
799,PSEUDO,3
800,PSEUDO,3
801,snoRNA,8
802,BIOLOGICAL_REGION,0
803,BIOLOGICAL_REGION,0
804,ncRNA,4
805,ncRNA,4
806,PSEUDO,3
807,PSEUDO,3
808,BIOLOGICAL_REGION,0
809,PSEUDO,3
810,ncRNA,4
811,PSEUDO,3
812,PSEUDO,3
813,snoRNA,8
814,ncRNA,4
815,PSEUDO,3
816,BIOLOGICAL_REGION,0
817,PSEUDO,3
818,PSEUDO,3
819,PSEUDO,3
820,PSEUDO,3
821,ncRNA,4
822,BIOLOGICAL_REGION,0
823,BIOLOGICAL_REGION,0
824,BIOLOGICAL_REGION,0
825,BIOLOGICAL_REGION,0
826,ncRNA,4
827,PSEUDO,3
828,PSEUDO,3
829,PSEUDO,3
830,PSEUDO,3
831,PSEUDO,3
832,PSEUDO,3
833,BIOLOGICAL_REGION,0
834,PSEUDO,3
835,BIOLOGICAL_REGION,0
836,rRNA,5
837,PSEUDO,3
838,PSEUDO,3
839,PSEUDO,3
840,BIOLOGICAL_REGION,0
841,PSEUDO,3
842,snoRNA,8
843,snoRNA,8
844,snoRNA,8
845,BIOLOGICAL_REGION,0
846,ncRNA,4
847,PROTEIN_CODING,2
848,BIOLOGICAL_REGION,0
849,BIOLOGICAL_REGION,0
850,PSEUDO,3
851,BIOLOGICAL_REGION,0
852,ncRNA,4
853,BIOLOGICAL_REGION,0
854,BIOLOGICAL_REGION,0
855,PSEUDO,3
856,PSEUDO,3
857,tRNA,9
858,ncRNA,4
859,BIOLOGICAL_REGION,0
860,snoRNA,8
861,PSEUDO,3
862,PSEUDO,3
863,PSEUDO,3
864,PSEUDO,3
865,BIOLOGICAL_REGION,0
866,rRNA,5
867,PSEUDO,3
868,BIOLOGICAL_REGION,0
869,PSEUDO,3
870,BIOLOGICAL_REGION,0
871,BIOLOGICAL_REGION,0
872,BIOLOGICAL_REGION,0
873,PSEUDO,3
874,PSEUDO,3
875,BIOLOGICAL_REGION,0
876,PSEUDO,3
877,PSEUDO,3
878,BIOLOGICAL_REGION,0
879,PSEUDO,3
880,PSEUDO,3
881,PSEUDO,3
882,BIOLOGICAL_REGION,0
883,PSEUDO,3
884,PSEUDO,3
885,ncRNA,4
886,PSEUDO,3
887,BIOLOGICAL_REGION,0
888,BIOLOGICAL_REGION,0
889,PSEUDO,3
890,ncRNA,4
891,PSEUDO,3
892,PSEUDO,3
893,ncRNA,4
894,PSEUDO,3
895,BIOLOGICAL_REGION,0
896,PSEUDO,3
897,BIOLOGICAL_REGION,0
898,ncRNA,4
899,PSEUDO,3
900,PSEUDO,3
901,PSEUDO,3
902,PSEUDO,3
903,BIOLOGICAL_REGION,0
904,PSEUDO,3
905,BIOLOGICAL_REGION,0
906,BIOLOGICAL_REGION,0
907,ncRNA,4
908,BIOLOGICAL_REGION,0
909,BIOLOGICAL_REGION,0
910,PSEUDO,3
911,PSEUDO,3
912,BIOLOGICAL_REGION,0
913,PSEUDO,3
914,PSEUDO,3
915,BIOLOGICAL_REGION,0
916,PSEUDO,3
917,PSEUDO,3
918,PSEUDO,3
919,PSEUDO,3
920,ncRNA,4
921,PSEUDO,3
922,PSEUDO,3
923,ncRNA,4
924,BIOLOGICAL_REGION,0
925,BIOLOGICAL_REGION,0
926,BIOLOGICAL_REGION,0
927,BIOLOGICAL_REGION,0
928,tRNA,9
929,PSEUDO,3
930,BIOLOGICAL_REGION,0
931,BIOLOGICAL_REGION,0
932,snoRNA,8
933,BIOLOGICAL_REGION,0
934,PSEUDO,3
935,PSEUDO,3
936,BIOLOGICAL_REGION,0
937,PSEUDO,3
938,BIOLOGICAL_REGION,0
939,BIOLOGICAL_REGION,0
940,BIOLOGICAL_REGION,0
941,BIOLOGICAL_REGION,0
942,BIOLOGICAL_REGION,0
943,PSEUDO,3
944,PSEUDO,3
945,ncRNA,4
946,BIOLOGICAL_REGION,0
947,PSEUDO,3
948,BIOLOGICAL_REGION,0
949,BIOLOGICAL_REGION,0
950,ncRNA,4
951,PSEUDO,3
952,PSEUDO,3
953,PSEUDO,3
954,PSEUDO,3
955,BIOLOGICAL_REGION,0
956,PSEUDO,3
957,ncRNA,4
958,snoRNA,8
959,PSEUDO,3
960,BIOLOGICAL_REGION,0
961,PSEUDO,3
962,PSEUDO,3
963,PSEUDO,3
964,PSEUDO,3
965,ncRNA,4
966,ncRNA,4
967,PROTEIN_CODING,2
968,BIOLOGICAL_REGION,0
969,BIOLOGICAL_REGION,0
970,PSEUDO,3
971,rRNA,5
972,PROTEIN_CODING,2
973,snoRNA,8
974,PSEUDO,3
975,BIOLOGICAL_REGION,0
976,BIOLOGICAL_REGION,0
977,BIOLOGICAL_REGION,0
978,ncRNA,4
979,tRNA,9
980,snoRNA,8
981,PSEUDO,3
982,PROTEIN_CODING,2
983,PSEUDO,3
984,BIOLOGICAL_REGION,0
985,BIOLOGICAL_REGION,0
986,ncRNA,4
987,BIOLOGICAL_REGION,0
988,PSEUDO,3
989,BIOLOGICAL_REGION,0
990,PSEUDO,3
991,BIOLOGICAL_REGION,0
992,PSEUDO,3
993,BIOLOGICAL_REGION,0
994,PSEUDO,3
995,BIOLOGICAL_REGION,0
996,BIOLOGICAL_REGION,0
997,ncRNA,4
998,ncRNA,4
999,PSEUDO,3
1000,PSEUDO,3
1001,rRNA,5
1002,BIOLOGICAL_REGION,0
1003,PSEUDO,3
1004,ncRNA,4
1005,ncRNA,4
1006,PSEUDO,3
1007,PSEUDO,3
1008,PROTEIN_CODING,2
1009,BIOLOGICAL_REGION,0
1010,PSEUDO,3
1011,ncRNA,4
1012,PSEUDO,3
1013,BIOLOGICAL_REGION,0
1014,BIOLOGICAL_REGION,0
1015,PSEUDO,3
1016,BIOLOGICAL_REGION,0
1017,tRNA,9
1018,PSEUDO,3
1019,PSEUDO,3
1020,BIOLOGICAL_REGION,0
1021,PSEUDO,3
1022,PSEUDO,3
1023,ncRNA,4
1024,PROTEIN_CODING,2
1025,PSEUDO,3
1026,BIOLOGICAL_REGION,0
1027,ncRNA,4
1028,snoRNA,8
1029,ncRNA,4
1030,BIOLOGICAL_REGION,0
1031,ncRNA,4
1032,PSEUDO,3
1033,BIOLOGICAL_REGION,0
1034,PSEUDO,3
1035,PSEUDO,3
1036,PSEUDO,3
1037,rRNA,5
1038,BIOLOGICAL_REGION,0
1039,PSEUDO,3
1040,PSEUDO,3
1041,BIOLOGICAL_REGION,0
1042,PSEUDO,3
1043,ncRNA,4
1044,PSEUDO,3
1045,BIOLOGICAL_REGION,0
1046,PSEUDO,3
1047,PSEUDO,3
1048,BIOLOGICAL_REGION,0
1049,PSEUDO,3
1050,PROTEIN_CODING,2
1051,BIOLOGICAL_REGION,0
1052,BIOLOGICAL_REGION,0
1053,BIOLOGICAL_REGION,0
1054,BIOLOGICAL_REGION,0
1055,PSEUDO,3
1056,BIOLOGICAL_REGION,0
1057,BIOLOGICAL_REGION,0
1058,PSEUDO,3
1059,PSEUDO,3
1060,BIOLOGICAL_REGION,0
1061,PSEUDO,3
1062,ncRNA,4
1063,PSEUDO,3
1064,BIOLOGICAL_REGION,0
1065,PSEUDO,3
1066,BIOLOGICAL_REGION,0
1067,ncRNA,4
1068,snoRNA,8
1069,BIOLOGICAL_REGION,0
1070,PSEUDO,3
1071,PSEUDO,3
1072,BIOLOGICAL_REGION,0
1073,ncRNA,4
1074,PSEUDO,3
1075,BIOLOGICAL_REGION,0
1076,PSEUDO,3
1077,PSEUDO,3
1078,BIOLOGICAL_REGION,0
1079,PSEUDO,3
1080,BIOLOGICAL_REGION,0
1081,PSEUDO,3
1082,ncRNA,4
1083,ncRNA,4
1084,BIOLOGICAL_REGION,0
1085,PSEUDO,3
1086,ncRNA,4
1087,PSEUDO,3
1088,PSEUDO,3
1089,PSEUDO,3
1090,BIOLOGICAL_REGION,0
1091,snoRNA,8
1092,PSEUDO,3
1093,BIOLOGICAL_REGION,0
1094,rRNA,5
1095,PSEUDO,3
1096,PSEUDO,3
1097,PSEUDO,3
1098,ncRNA,4
1099,PSEUDO,3
1100,BIOLOGICAL_REGION,0
1101,ncRNA,4
1102,BIOLOGICAL_REGION,0
1103,BIOLOGICAL_REGION,0
1104,BIOLOGICAL_REGION,0
1105,PSEUDO,3
1106,snRNA,7
1107,PSEUDO,3
1108,PSEUDO,3
1109,PSEUDO,3
1110,BIOLOGICAL_REGION,0
1111,PSEUDO,3
1112,PSEUDO,3
1113,PSEUDO,3
1114,BIOLOGICAL_REGION,0
1115,BIOLOGICAL_REGION,0
1116,PSEUDO,3
1117,PSEUDO,3
1118,BIOLOGICAL_REGION,0
1119,PSEUDO,3
1120,PSEUDO,3
1121,PSEUDO,3
1122,PSEUDO,3
1123,ncRNA,4
1124,PSEUDO,3
1125,BIOLOGICAL_REGION,0
1126,PSEUDO,3
1127,ncRNA,4
1128,BIOLOGICAL_REGION,0
1129,rRNA,5
1130,BIOLOGICAL_REGION,0
1131,BIOLOGICAL_REGION,0
1132,PSEUDO,3
1133,BIOLOGICAL_REGION,0
1134,BIOLOGICAL_REGION,0
1135,PSEUDO,3
1136,BIOLOGICAL_REGION,0
1137,BIOLOGICAL_REGION,0
1138,PSEUDO,3
1139,BIOLOGICAL_REGION,0
1140,PSEUDO,3
1141,BIOLOGICAL_REGION,0
1142,BIOLOGICAL_REGION,0
1143,BIOLOGICAL_REGION,0
1144,ncRNA,4
1145,PSEUDO,3
1146,snoRNA,8
1147,BIOLOGICAL_REGION,0
1148,PSEUDO,3
1149,rRNA,5
1150,PROTEIN_CODING,2
1151,BIOLOGICAL_REGION,0
1152,BIOLOGICAL_REGION,0
1153,PSEUDO,3
1154,BIOLOGICAL_REGION,0
1155,PSEUDO,3
1156,BIOLOGICAL_REGION,0
1157,PSEUDO,3
1158,snoRNA,8
1159,BIOLOGICAL_REGION,0
1160,tRNA,9
1161,PSEUDO,3
1162,PSEUDO,3
1163,snoRNA,8
1164,BIOLOGICAL_REGION,0
1165,BIOLOGICAL_REGION,0
1166,BIOLOGICAL_REGION,0
1167,PSEUDO,3
1168,PSEUDO,3
1169,PSEUDO,3
1170,snoRNA,8
1171,BIOLOGICAL_REGION,0
1172,BIOLOGICAL_REGION,0
1173,PSEUDO,3
1174,PROTEIN_CODING,2
1175,PSEUDO,3
1176,PSEUDO,3
1177,BIOLOGICAL_REGION,0
1178,BIOLOGICAL_REGION,0
1179,BIOLOGICAL_REGION,0
1180,BIOLOGICAL_REGION,0
1181,ncRNA,4
1182,PSEUDO,3
1183,PSEUDO,3
1184,PSEUDO,3
1185,PSEUDO,3
1186,PSEUDO,3
1187,PSEUDO,3
1188,snoRNA,8
1189,PSEUDO,3
1190,PSEUDO,3
1191,PSEUDO,3
1192,ncRNA,4
1193,PSEUDO,3
1194,PSEUDO,3
1195,snoRNA,8
1196,PSEUDO,3
1197,PSEUDO,3
1198,BIOLOGICAL_REGION,0
1199,BIOLOGICAL_REGION,0
1200,PSEUDO,3
1201,ncRNA,4
1202,ncRNA,4
1203,ncRNA,4
1204,BIOLOGICAL_REGION,0
1205,PSEUDO,3
1206,PSEUDO,3
1207,ncRNA,4
1208,ncRNA,4
1209,PROTEIN_CODING,2
1210,PSEUDO,3
1211,PSEUDO,3
1212,ncRNA,4
1213,PSEUDO,3
1214,PSEUDO,3
1215,PSEUDO,3
1216,ncRNA,4
1217,PSEUDO,3
1218,PSEUDO,3
1219,ncRNA,4
1220,PSEUDO,3
1221,BIOLOGICAL_REGION,0
1222,rRNA,5
1223,PROTEIN_CODING,2
1224,PSEUDO,3
1225,ncRNA,4
1226,snoRNA,8
1227,PSEUDO,3
1228,PSEUDO,3
1229,ncRNA,4
1230,PSEUDO,3
1231,BIOLOGICAL_REGION,0
1232,ncRNA,4
1233,BIOLOGICAL_REGION,0
1234,PSEUDO,3
1235,PSEUDO,3
1236,BIOLOGICAL_REGION,0
1237,PSEUDO,3
1238,PSEUDO,3
1239,BIOLOGICAL_REGION,0
1240,PSEUDO,3
1241,BIOLOGICAL_REGION,0
1242,PSEUDO,3
1243,BIOLOGICAL_REGION,0
1244,PSEUDO,3
1245,PSEUDO,3
1246,BIOLOGICAL_REGION,0
1247,PSEUDO,3
1248,snoRNA,8
1249,ncRNA,4
1250,ncRNA,4
1251,ncRNA,4
1252,BIOLOGICAL_REGION,0
1253,BIOLOGICAL_REGION,0
1254,PSEUDO,3
1255,BIOLOGICAL_REGION,0
1256,PSEUDO,3
1257,snoRNA,8
1258,BIOLOGICAL_REGION,0
1259,PSEUDO,3
1260,BIOLOGICAL_REGION,0
1261,PSEUDO,3
1262,BIOLOGICAL_REGION,0
1263,PSEUDO,3
1264,PSEUDO,3
1265,PSEUDO,3
1266,PSEUDO,3
1267,PSEUDO,3
1268,BIOLOGICAL_REGION,0
1269,BIOLOGICAL_REGION,0
1270,ncRNA,4
1271,PSEUDO,3
1272,PSEUDO,3
1273,PSEUDO,3
1274,BIOLOGICAL_REGION,0
1275,BIOLOGICAL_REGION,0
1276,BIOLOGICAL_REGION,0
1277,snoRNA,8
1278,BIOLOGICAL_REGION,0
1279,BIOLOGICAL_REGION,0
1280,PSEUDO,3
1281,BIOLOGICAL_REGION,0
1282,PSEUDO,3
1283,PSEUDO,3
1284,PSEUDO,3
1285,snRNA,7
1286,PSEUDO,3
1287,PSEUDO,3
1288,PSEUDO,3
1289,ncRNA,4
1290,OTHER,1
1291,BIOLOGICAL_REGION,0
1292,PSEUDO,3
1293,PSEUDO,3
1294,BIOLOGICAL_REGION,0
1295,snoRNA,8
1296,PSEUDO,3
1297,OTHER,1
1298,PSEUDO,3
1299,PSEUDO,3
1300,PSEUDO,3
1301,PSEUDO,3
1302,PSEUDO,3
1303,BIOLOGICAL_REGION,0
1304,BIOLOGICAL_REGION,0
1305,PSEUDO,3
1306,snoRNA,8
1307,PSEUDO,3
1308,BIOLOGICAL_REGION,0
1309,BIOLOGICAL_REGION,0
1310,PSEUDO,3
1311,snoRNA,8
1312,PSEUDO,3
1313,BIOLOGICAL_REGION,0
1314,PSEUDO,3
1315,BIOLOGICAL_REGION,0
1316,BIOLOGICAL_REGION,0
1317,PSEUDO,3
1318,ncRNA,4
1319,PSEUDO,3
1320,BIOLOGICAL_REGION,0
1321,PSEUDO,3
1322,BIOLOGICAL_REGION,0
1323,PSEUDO,3
1324,PSEUDO,3
1325,PSEUDO,3
1326,PSEUDO,3
1327,PSEUDO,3
1328,PSEUDO,3
1329,BIOLOGICAL_REGION,0
1330,PSEUDO,3
1331,ncRNA,4
1332,PSEUDO,3
1333,ncRNA,4
1334,BIOLOGICAL_REGION,0
1335,PSEUDO,3
1336,ncRNA,4
1337,PSEUDO,3
1338,PSEUDO,3
1339,BIOLOGICAL_REGION,0
1340,BIOLOGICAL_REGION,0
1341,PSEUDO,3
1342,BIOLOGICAL_REGION,0
1343,BIOLOGICAL_REGION,0
1344,BIOLOGICAL_REGION,0
1345,PSEUDO,3
1346,PSEUDO,3
1347,PSEUDO,3
1348,BIOLOGICAL_REGION,0
1349,PSEUDO,3
1350,BIOLOGICAL_REGION,0
1351,BIOLOGICAL_REGION,0
1352,BIOLOGICAL_REGION,0
1353,ncRNA,4
1354,PSEUDO,3
1355,PSEUDO,3
1356,ncRNA,4
1357,PSEUDO,3
1358,PROTEIN_CODING,2
1359,BIOLOGICAL_REGION,0
1360,PSEUDO,3
1361,BIOLOGICAL_REGION,0
1362,BIOLOGICAL_REGION,0
1363,ncRNA,4
1364,BIOLOGICAL_REGION,0
1365,ncRNA,4
1366,BIOLOGICAL_REGION,0
1367,BIOLOGICAL_REGION,0
1368,PSEUDO,3
1369,BIOLOGICAL_REGION,0
1370,rRNA,5
1371,BIOLOGICAL_REGION,0
1372,PSEUDO,3
1373,PSEUDO,3
1374,BIOLOGICAL_REGION,0
1375,PSEUDO,3
1376,BIOLOGICAL_REGION,0
1377,PSEUDO,3
1378,PSEUDO,3
1379,ncRNA,4
1380,tRNA,9
1381,ncRNA,4
1382,BIOLOGICAL_REGION,0
1383,rRNA,5
1384,BIOLOGICAL_REGION,0
1385,PROTEIN_CODING,2
1386,PSEUDO,3
1387,PSEUDO,3
1388,ncRNA,4
1389,snoRNA,8
1390,PSEUDO,3
1391,PSEUDO,3
1392,PSEUDO,3
1393,PSEUDO,3
1394,BIOLOGICAL_REGION,0
1395,BIOLOGICAL_REGION,0
1396,BIOLOGICAL_REGION,0
1397,PSEUDO,3
1398,ncRNA,4
1399,PSEUDO,3
1400,BIOLOGICAL_REGION,0
1401,PSEUDO,3
1402,BIOLOGICAL_REGION,0
1403,PSEUDO,3
1404,rRNA,5
1405,ncRNA,4
1406,PSEUDO,3
1407,PSEUDO,3
1408,ncRNA,4
1409,snoRNA,8
1410,PSEUDO,3
1411,ncRNA,4
1412,ncRNA,4
1413,ncRNA,4
1414,tRNA,9
1415,PSEUDO,3
1416,PSEUDO,3
1417,PSEUDO,3
1418,PSEUDO,3
1419,PSEUDO,3
1420,BIOLOGICAL_REGION,0
1421,BIOLOGICAL_REGION,0
1422,PSEUDO,3
1423,BIOLOGICAL_REGION,0
1424,PSEUDO,3
1425,ncRNA,4
1426,BIOLOGICAL_REGION,0
1427,PROTEIN_CODING,2
1428,rRNA,5
1429,BIOLOGICAL_REGION,0
1430,BIOLOGICAL_REGION,0
1431,PSEUDO,3
1432,PROTEIN_CODING,2
1433,BIOLOGICAL_REGION,0
1434,PSEUDO,3
1435,PSEUDO,3
1436,PROTEIN_CODING,2
1437,BIOLOGICAL_REGION,0
1438,PSEUDO,3
1439,BIOLOGICAL_REGION,0
1440,PSEUDO,3
1441,PSEUDO,3
1442,snoRNA,8
1443,PSEUDO,3
1444,PSEUDO,3
1445,PROTEIN_CODING,2
1446,PSEUDO,3
1447,ncRNA,4
1448,BIOLOGICAL_REGION,0
1449,PSEUDO,3
1450,PSEUDO,3
1451,rRNA,5
1452,PSEUDO,3
1453,PSEUDO,3
1454,snoRNA,8
1455,ncRNA,4
1456,PSEUDO,3
1457,PROTEIN_CODING,2
1458,BIOLOGICAL_REGION,0
1459,PSEUDO,3
1460,BIOLOGICAL_REGION,0
1461,PSEUDO,3
1462,BIOLOGICAL_REGION,0
1463,BIOLOGICAL_REGION,0
1464,PSEUDO,3
1465,PSEUDO,3
1466,PSEUDO,3
1467,PSEUDO,3
1468,ncRNA,4
1469,BIOLOGICAL_REGION,0
1470,ncRNA,4
1471,tRNA,9
1472,BIOLOGICAL_REGION,0
1473,PSEUDO,3
1474,PSEUDO,3
1475,BIOLOGICAL_REGION,0
1476,PSEUDO,3
1477,BIOLOGICAL_REGION,0
1478,PROTEIN_CODING,2
1479,BIOLOGICAL_REGION,0
1480,BIOLOGICAL_REGION,0
1481,BIOLOGICAL_REGION,0
1482,BIOLOGICAL_REGION,0
1483,BIOLOGICAL_REGION,0
1484,BIOLOGICAL_REGION,0
1485,PSEUDO,3
1486,PSEUDO,3
1487,BIOLOGICAL_REGION,0
1488,ncRNA,4
1489,ncRNA,4
1490,PSEUDO,3
1491,PSEUDO,3
1492,PSEUDO,3
1493,PSEUDO,3
1494,ncRNA,4
1495,ncRNA,4
1496,PSEUDO,3
1497,BIOLOGICAL_REGION,0
1498,BIOLOGICAL_REGION,0
1499,PROTEIN_CODING,2
1500,BIOLOGICAL_REGION,0
1501,snoRNA,8
1502,PSEUDO,3
1503,ncRNA,4
1504,PSEUDO,3
1505,ncRNA,4
1506,OTHER,1
1507,BIOLOGICAL_REGION,0
1508,PSEUDO,3
1509,snoRNA,8
1510,ncRNA,4
1511,BIOLOGICAL_REGION,0
1512,BIOLOGICAL_REGION,0
1513,BIOLOGICAL_REGION,0
1514,PSEUDO,3
1515,BIOLOGICAL_REGION,0
1516,ncRNA,4
1517,BIOLOGICAL_REGION,0
1518,PSEUDO,3
1519,BIOLOGICAL_REGION,0
1520,PSEUDO,3
1521,tRNA,9
1522,BIOLOGICAL_REGION,0
1523,BIOLOGICAL_REGION,0
1524,BIOLOGICAL_REGION,0
1525,PSEUDO,3
1526,rRNA,5
1527,PSEUDO,3
1528,PSEUDO,3
1529,BIOLOGICAL_REGION,0
1530,BIOLOGICAL_REGION,0
1531,PSEUDO,3
1532,BIOLOGICAL_REGION,0
1533,PSEUDO,3
1534,OTHER,1
1535,PSEUDO,3
1536,PSEUDO,3
1537,BIOLOGICAL_REGION,0
1538,BIOLOGICAL_REGION,0
1539,PSEUDO,3
1540,BIOLOGICAL_REGION,0
1541,BIOLOGICAL_REGION,0
1542,PSEUDO,3
1543,ncRNA,4
1544,OTHER,1
1545,snoRNA,8
1546,BIOLOGICAL_REGION,0
1547,ncRNA,4
1548,snoRNA,8
1549,PSEUDO,3
1550,PSEUDO,3
1551,BIOLOGICAL_REGION,0
1552,PSEUDO,3
1553,PSEUDO,3
1554,BIOLOGICAL_REGION,0
1555,BIOLOGICAL_REGION,0
1556,PSEUDO,3
1557,PSEUDO,3
1558,BIOLOGICAL_REGION,0
1559,BIOLOGICAL_REGION,0
1560,rRNA,5
1561,PSEUDO,3
1562,PSEUDO,3
1563,PSEUDO,3
1564,BIOLOGICAL_REGION,0
1565,BIOLOGICAL_REGION,0
1566,snoRNA,8
1567,BIOLOGICAL_REGION,0
1568,PSEUDO,3
1569,ncRNA,4
1570,PSEUDO,3
1571,snoRNA,8
1572,PSEUDO,3
1573,PSEUDO,3
1574,snoRNA,8
1575,PSEUDO,3
1576,snoRNA,8
1577,PSEUDO,3
1578,PSEUDO,3
1579,PSEUDO,3
1580,PSEUDO,3
1581,BIOLOGICAL_REGION,0
1582,PSEUDO,3
1583,PSEUDO,3
1584,PSEUDO,3
1585,tRNA,9
1586,PSEUDO,3
1587,PSEUDO,3
1588,BIOLOGICAL_REGION,0
1589,snoRNA,8
1590,PROTEIN_CODING,2
1591,PSEUDO,3
1592,PSEUDO,3
1593,BIOLOGICAL_REGION,0
1594,PROTEIN_CODING,2
1595,PSEUDO,3
1596,BIOLOGICAL_REGION,0
1597,ncRNA,4
1598,PSEUDO,3
1599,snoRNA,8
1600,BIOLOGICAL_REGION,0
1601,PSEUDO,3
1602,PSEUDO,3
1603,BIOLOGICAL_REGION,0
1604,BIOLOGICAL_REGION,0
1605,PSEUDO,3
1606,PSEUDO,3
1607,PSEUDO,3
1608,ncRNA,4
1609,PSEUDO,3
1610,OTHER,1
1611,BIOLOGICAL_REGION,0
1612,PSEUDO,3
1613,BIOLOGICAL_REGION,0
1614,OTHER,1
1615,BIOLOGICAL_REGION,0
1616,ncRNA,4
1617,BIOLOGICAL_REGION,0
1618,PSEUDO,3
1619,BIOLOGICAL_REGION,0
1620,PSEUDO,3
1621,BIOLOGICAL_REGION,0
1622,ncRNA,4
1623,PSEUDO,3
1624,PSEUDO,3
1625,ncRNA,4
1626,ncRNA,4
1627,BIOLOGICAL_REGION,0
1628,BIOLOGICAL_REGION,0
1629,BIOLOGICAL_REGION,0
1630,BIOLOGICAL_REGION,0
1631,BIOLOGICAL_REGION,0
1632,PSEUDO,3
1633,PSEUDO,3
1634,BIOLOGICAL_REGION,0
1635,BIOLOGICAL_REGION,0
1636,BIOLOGICAL_REGION,0
1637,ncRNA,4
1638,PSEUDO,3
1639,ncRNA,4
1640,PSEUDO,3
1641,ncRNA,4
1642,ncRNA,4
1643,ncRNA,4
1644,PSEUDO,3
1645,snoRNA,8
1646,PSEUDO,3
1647,PSEUDO,3
1648,BIOLOGICAL_REGION,0
1649,BIOLOGICAL_REGION,0
1650,PSEUDO,3
1651,BIOLOGICAL_REGION,0
1652,snoRNA,8
1653,PSEUDO,3
1654,PSEUDO,3
1655,PSEUDO,3
1656,PSEUDO,3
1657,PSEUDO,3
1658,PSEUDO,3
1659,BIOLOGICAL_REGION,0
1660,PSEUDO,3
1661,PSEUDO,3
1662,ncRNA,4
1663,ncRNA,4
1664,BIOLOGICAL_REGION,0
1665,PSEUDO,3
1666,BIOLOGICAL_REGION,0
1667,PSEUDO,3
1668,PSEUDO,3
1669,PSEUDO,3
1670,ncRNA,4
1671,PSEUDO,3
1672,PSEUDO,3
1673,BIOLOGICAL_REGION,0
1674,BIOLOGICAL_REGION,0
1675,ncRNA,4
1676,ncRNA,4
1677,ncRNA,4
1678,ncRNA,4
1679,PSEUDO,3
1680,PSEUDO,3
1681,tRNA,9
1682,BIOLOGICAL_REGION,0
1683,PSEUDO,3
1684,PSEUDO,3
1685,PSEUDO,3
1686,PSEUDO,3
1687,snoRNA,8
1688,BIOLOGICAL_REGION,0
1689,PSEUDO,3
1690,BIOLOGICAL_REGION,0
1691,ncRNA,4
1692,PSEUDO,3
1693,PSEUDO,3
1694,PSEUDO,3
1695,ncRNA,4
1696,PSEUDO,3
1697,PSEUDO,3
1698,PSEUDO,3
1699,BIOLOGICAL_REGION,0
1700,BIOLOGICAL_REGION,0
1701,PSEUDO,3
1702,BIOLOGICAL_REGION,0
1703,ncRNA,4
1704,PSEUDO,3
1705,PSEUDO,3
1706,PSEUDO,3
1707,BIOLOGICAL_REGION,0
1708,PSEUDO,3
1709,ncRNA,4
1710,BIOLOGICAL_REGION,0
1711,OTHER,1
1712,PSEUDO,3
1713,PSEUDO,3
1714,BIOLOGICAL_REGION,0
1715,snRNA,7
1716,tRNA,9
1717,ncRNA,4
1718,ncRNA,4
1719,BIOLOGICAL_REGION,0
1720,BIOLOGICAL_REGION,0
1721,BIOLOGICAL_REGION,0
1722,PSEUDO,3
1723,ncRNA,4
1724,ncRNA,4
1725,BIOLOGICAL_REGION,0
1726,snoRNA,8
1727,PSEUDO,3
1728,PROTEIN_CODING,2
1729,BIOLOGICAL_REGION,0
1730,PSEUDO,3
1731,PSEUDO,3
1732,snoRNA,8
1733,PSEUDO,3
1734,PSEUDO,3
1735,PSEUDO,3
1736,rRNA,5
1737,snoRNA,8
1738,PSEUDO,3
1739,BIOLOGICAL_REGION,0
1740,OTHER,1
1741,snoRNA,8
1742,PSEUDO,3
1743,PSEUDO,3
1744,PSEUDO,3
1745,BIOLOGICAL_REGION,0
1746,PSEUDO,3
1747,PSEUDO,3
1748,PSEUDO,3
1749,BIOLOGICAL_REGION,0
1750,PSEUDO,3
1751,BIOLOGICAL_REGION,0
1752,PSEUDO,3
1753,BIOLOGICAL_REGION,0
1754,BIOLOGICAL_REGION,0
1755,PSEUDO,3
1756,BIOLOGICAL_REGION,0
1757,PSEUDO,3
1758,ncRNA,4
1759,PSEUDO,3
1760,rRNA,5
1761,PSEUDO,3
1762,PSEUDO,3
1763,BIOLOGICAL_REGION,0
1764,PSEUDO,3
1765,PSEUDO,3
1766,snoRNA,8
1767,PSEUDO,3
1768,PSEUDO,3
1769,PSEUDO,3
1770,PSEUDO,3
1771,BIOLOGICAL_REGION,0
1772,BIOLOGICAL_REGION,0
1773,PSEUDO,3
1774,BIOLOGICAL_REGION,0
1775,BIOLOGICAL_REGION,0
1776,ncRNA,4
1777,OTHER,1
1778,PSEUDO,3
1779,PSEUDO,3
1780,BIOLOGICAL_REGION,0
1781,PSEUDO,3
1782,ncRNA,4
1783,PSEUDO,3
1784,PSEUDO,3
1785,snoRNA,8
1786,BIOLOGICAL_REGION,0
1787,PSEUDO,3
1788,ncRNA,4
1789,PSEUDO,3
1790,ncRNA,4
1791,PSEUDO,3
1792,ncRNA,4
1793,rRNA,5
1794,BIOLOGICAL_REGION,0
1795,PSEUDO,3
1796,ncRNA,4
1797,PSEUDO,3
1798,ncRNA,4
1799,PSEUDO,3
1800,PSEUDO,3
1801,PSEUDO,3
1802,BIOLOGICAL_REGION,0
1803,PROTEIN_CODING,2
1804,BIOLOGICAL_REGION,0
1805,BIOLOGICAL_REGION,0
1806,PSEUDO,3
1807,PSEUDO,3
1808,PSEUDO,3
1809,PSEUDO,3
1810,PSEUDO,3
1811,PSEUDO,3
1812,PROTEIN_CODING,2
1813,BIOLOGICAL_REGION,0
1814,PSEUDO,3
1815,BIOLOGICAL_REGION,0
1816,BIOLOGICAL_REGION,0
1817,BIOLOGICAL_REGION,0
1818,ncRNA,4
1819,PSEUDO,3
1820,BIOLOGICAL_REGION,0
1821,PSEUDO,3
1822,ncRNA,4
1823,PSEUDO,3
1824,tRNA,9
1825,PSEUDO,3
1826,PSEUDO,3
1827,ncRNA,4
1828,PSEUDO,3
1829,ncRNA,4
1830,BIOLOGICAL_REGION,0
1831,PSEUDO,3
1832,BIOLOGICAL_REGION,0
1833,tRNA,9
1834,PSEUDO,3
1835,rRNA,5
1836,ncRNA,4
1837,BIOLOGICAL_REGION,0
1838,PSEUDO,3
1839,BIOLOGICAL_REGION,0
1840,ncRNA,4
1841,BIOLOGICAL_REGION,0
1842,BIOLOGICAL_REGION,0
1843,PSEUDO,3
1844,BIOLOGICAL_REGION,0
1845,BIOLOGICAL_REGION,0
1846,PSEUDO,3
1847,BIOLOGICAL_REGION,0
1848,BIOLOGICAL_REGION,0
1849,PSEUDO,3
1850,PSEUDO,3
1851,ncRNA,4
1852,PSEUDO,3
1853,PROTEIN_CODING,2
1854,PSEUDO,3
1855,ncRNA,4
1856,PSEUDO,3
1857,PSEUDO,3
1858,PSEUDO,3
1859,PSEUDO,3
1860,rRNA,5
1861,PSEUDO,3
1862,PSEUDO,3
1863,BIOLOGICAL_REGION,0
1864,BIOLOGICAL_REGION,0
1865,rRNA,5
1866,BIOLOGICAL_REGION,0
1867,snoRNA,8
1868,ncRNA,4
1869,BIOLOGICAL_REGION,0
1870,PSEUDO,3
1871,PSEUDO,3
1872,PSEUDO,3
1873,BIOLOGICAL_REGION,0
1874,snoRNA,8
1875,PSEUDO,3
1876,PSEUDO,3
1877,PSEUDO,3
1878,PSEUDO,3
1879,ncRNA,4
1880,ncRNA,4
1881,PSEUDO,3
1882,PROTEIN_CODING,2
1883,snoRNA,8
1884,PSEUDO,3
1885,OTHER,1
1886,tRNA,9
1887,snoRNA,8
1888,PSEUDO,3
1889,PSEUDO,3
1890,BIOLOGICAL_REGION,0
1891,PSEUDO,3
1892,PSEUDO,3
1893,PSEUDO,3
1894,BIOLOGICAL_REGION,0
1895,BIOLOGICAL_REGION,0
1896,PSEUDO,3
1897,PSEUDO,3
1898,BIOLOGICAL_REGION,0
1899,tRNA,9
1900,PSEUDO,3
1901,PSEUDO,3
1902,BIOLOGICAL_REGION,0
1903,PSEUDO,3
1904,PSEUDO,3
1905,PSEUDO,3
1906,BIOLOGICAL_REGION,0
1907,PSEUDO,3
1908,PSEUDO,3
1909,PSEUDO,3
1910,snRNA,7
1911,PSEUDO,3
1912,PSEUDO,3
1913,BIOLOGICAL_REGION,0
1914,ncRNA,4
1915,BIOLOGICAL_REGION,0
1916,BIOLOGICAL_REGION,0
1917,BIOLOGICAL_REGION,0
1918,PSEUDO,3
1919,PSEUDO,3
1920,BIOLOGICAL_REGION,0
1921,tRNA,9
1922,PROTEIN_CODING,2
1923,BIOLOGICAL_REGION,0
1924,PSEUDO,3
1925,BIOLOGICAL_REGION,0
1926,PSEUDO,3
1927,BIOLOGICAL_REGION,0
1928,PSEUDO,3
1929,BIOLOGICAL_REGION,0
1930,PSEUDO,3
1931,PSEUDO,3
1932,BIOLOGICAL_REGION,0
1933,PSEUDO,3
1934,PSEUDO,3
1935,rRNA,5
1936,ncRNA,4
1937,PSEUDO,3
1938,PSEUDO,3
1939,BIOLOGICAL_REGION,0
1940,BIOLOGICAL_REGION,0
1941,BIOLOGICAL_REGION,0
1942,BIOLOGICAL_REGION,0
1943,PSEUDO,3
1944,BIOLOGICAL_REGION,0
1945,BIOLOGICAL_REGION,0
1946,ncRNA,4
1947,PSEUDO,3
1948,PSEUDO,3
1949,PSEUDO,3
1950,snoRNA,8
1951,tRNA,9
1952,PSEUDO,3
1953,BIOLOGICAL_REGION,0
1954,BIOLOGICAL_REGION,0
1955,PSEUDO,3
1956,BIOLOGICAL_REGION,0
1957,BIOLOGICAL_REGION,0
1958,BIOLOGICAL_REGION,0
1959,snoRNA,8
1960,PSEUDO,3
1961,BIOLOGICAL_REGION,0
1962,BIOLOGICAL_REGION,0
1963,BIOLOGICAL_REGION,0
1964,PSEUDO,3
1965,PSEUDO,3
1966,BIOLOGICAL_REGION,0
1967,BIOLOGICAL_REGION,0
1968,PSEUDO,3
1969,ncRNA,4
1970,rRNA,5
1971,ncRNA,4
1972,ncRNA,4
1973,BIOLOGICAL_REGION,0
1974,BIOLOGICAL_REGION,0
1975,PSEUDO,3
1976,BIOLOGICAL_REGION,0
1977,BIOLOGICAL_REGION,0
1978,ncRNA,4
1979,ncRNA,4
1980,PSEUDO,3
1981,PSEUDO,3
1982,BIOLOGICAL_REGION,0
1983,BIOLOGICAL_REGION,0
1984,snoRNA,8
1985,BIOLOGICAL_REGION,0
1986,BIOLOGICAL_REGION,0
1987,PSEUDO,3
1988,BIOLOGICAL_REGION,0
1989,PSEUDO,3
1990,BIOLOGICAL_REGION,0
1991,PSEUDO,3
1992,BIOLOGICAL_REGION,0
1993,PSEUDO,3
1994,PSEUDO,3
1995,BIOLOGICAL_REGION,0
1996,ncRNA,4
1997,BIOLOGICAL_REGION,0
1998,BIOLOGICAL_REGION,0
1999,PSEUDO,3
2000,BIOLOGICAL_REGION,0
2001,PROTEIN_CODING,2
2002,PSEUDO,3
2003,PROTEIN_CODING,2
2004,PSEUDO,3
2005,PSEUDO,3
2006,PSEUDO,3
2007,BIOLOGICAL_REGION,0
2008,BIOLOGICAL_REGION,0
2009,PSEUDO,3
2010,BIOLOGICAL_REGION,0
2011,PSEUDO,3
2012,BIOLOGICAL_REGION,0
2013,BIOLOGICAL_REGION,0
2014,BIOLOGICAL_REGION,0
2015,PSEUDO,3
2016,PSEUDO,3
2017,ncRNA,4
2018,snoRNA,8
2019,BIOLOGICAL_REGION,0
2020,BIOLOGICAL_REGION,0
2021,BIOLOGICAL_REGION,0
2022,PSEUDO,3
2023,BIOLOGICAL_REGION,0
2024,BIOLOGICAL_REGION,0
2025,PSEUDO,3
2026,BIOLOGICAL_REGION,0
2027,PSEUDO,3
2028,BIOLOGICAL_REGION,0
2029,PSEUDO,3
2030,ncRNA,4
2031,ncRNA,4
2032,PSEUDO,3
2033,BIOLOGICAL_REGION,0
2034,OTHER,1
2035,tRNA,9
2036,BIOLOGICAL_REGION,0
2037,PSEUDO,3
2038,BIOLOGICAL_REGION,0
2039,PROTEIN_CODING,2
2040,OTHER,1
2041,BIOLOGICAL_REGION,0
2042,snoRNA,8
2043,BIOLOGICAL_REGION,0
2044,PSEUDO,3
2045,BIOLOGICAL_REGION,0
2046,PSEUDO,3
2047,PSEUDO,3
2048,BIOLOGICAL_REGION,0
2049,PSEUDO,3
2050,BIOLOGICAL_REGION,0
2051,PSEUDO,3
2052,PSEUDO,3
2053,PSEUDO,3
2054,BIOLOGICAL_REGION,0
2055,BIOLOGICAL_REGION,0
2056,PSEUDO,3
2057,PSEUDO,3
2058,PROTEIN_CODING,2
2059,rRNA,5
2060,PSEUDO,3
2061,BIOLOGICAL_REGION,0
2062,PSEUDO,3
2063,PSEUDO,3
2064,PSEUDO,3
2065,snoRNA,8
2066,ncRNA,4
2067,BIOLOGICAL_REGION,0
2068,BIOLOGICAL_REGION,0
2069,PSEUDO,3
2070,BIOLOGICAL_REGION,0
2071,BIOLOGICAL_REGION,0
2072,BIOLOGICAL_REGION,0
2073,PSEUDO,3
2074,PSEUDO,3
2075,BIOLOGICAL_REGION,0
2076,PSEUDO,3
2077,PSEUDO,3
2078,PSEUDO,3
2079,PSEUDO,3
2080,BIOLOGICAL_REGION,0
2081,PSEUDO,3
2082,BIOLOGICAL_REGION,0
2083,PSEUDO,3
2084,BIOLOGICAL_REGION,0
2085,ncRNA,4
2086,BIOLOGICAL_REGION,0
2087,tRNA,9
2088,PSEUDO,3
2089,ncRNA,4
2090,PSEUDO,3
2091,PSEUDO,3
2092,PSEUDO,3
2093,BIOLOGICAL_REGION,0
2094,OTHER,1
2095,ncRNA,4
2096,PSEUDO,3
2097,PSEUDO,3
2098,BIOLOGICAL_REGION,0
2099,BIOLOGICAL_REGION,0
2100,BIOLOGICAL_REGION,0
2101,PSEUDO,3
2102,BIOLOGICAL_REGION,0
2103,PSEUDO,3
2104,PSEUDO,3
2105,PSEUDO,3
2106,PSEUDO,3
2107,BIOLOGICAL_REGION,0
2108,snoRNA,8
2109,BIOLOGICAL_REGION,0
2110,PSEUDO,3
2111,BIOLOGICAL_REGION,0
2112,snoRNA,8
2113,snoRNA,8
2114,PROTEIN_CODING,2
2115,BIOLOGICAL_REGION,0
2116,BIOLOGICAL_REGION,0
2117,BIOLOGICAL_REGION,0
2118,PSEUDO,3
2119,BIOLOGICAL_REGION,0
2120,PSEUDO,3
2121,BIOLOGICAL_REGION,0
2122,PSEUDO,3
2123,PSEUDO,3
2124,PSEUDO,3
2125,ncRNA,4
2126,PSEUDO,3
2127,PSEUDO,3
2128,PSEUDO,3
2129,ncRNA,4
2130,PSEUDO,3
2131,PSEUDO,3
2132,BIOLOGICAL_REGION,0
2133,PSEUDO,3
2134,BIOLOGICAL_REGION,0
2135,PSEUDO,3
2136,ncRNA,4
2137,PSEUDO,3
2138,PSEUDO,3
2139,PSEUDO,3
2140,tRNA,9
2141,PSEUDO,3
2142,PSEUDO,3
2143,BIOLOGICAL_REGION,0
2144,ncRNA,4
2145,BIOLOGICAL_REGION,0
2146,BIOLOGICAL_REGION,0
2147,PSEUDO,3
2148,BIOLOGICAL_REGION,0
2149,PSEUDO,3
2150,PSEUDO,3
2151,PROTEIN_CODING,2
2152,ncRNA,4
2153,BIOLOGICAL_REGION,0
2154,BIOLOGICAL_REGION,0
2155,PSEUDO,3
2156,PSEUDO,3
2157,PSEUDO,3
2158,ncRNA,4
2159,PSEUDO,3
2160,BIOLOGICAL_REGION,0
2161,PSEUDO,3
2162,PSEUDO,3
2163,PSEUDO,3
2164,BIOLOGICAL_REGION,0
2165,rRNA,5
2166,BIOLOGICAL_REGION,0
2167,PSEUDO,3
2168,BIOLOGICAL_REGION,0
2169,BIOLOGICAL_REGION,0
2170,BIOLOGICAL_REGION,0
2171,BIOLOGICAL_REGION,0
2172,PSEUDO,3
2173,ncRNA,4
2174,PSEUDO,3
2175,snRNA,7
2176,PROTEIN_CODING,2
2177,snRNA,7
2178,PSEUDO,3
2179,PSEUDO,3
2180,PSEUDO,3
2181,PSEUDO,3
2182,PSEUDO,3
2183,PSEUDO,3
2184,ncRNA,4
2185,PSEUDO,3
2186,snoRNA,8
2187,PSEUDO,3
2188,BIOLOGICAL_REGION,0
2189,ncRNA,4
2190,ncRNA,4
2191,PSEUDO,3
2192,BIOLOGICAL_REGION,0
2193,PSEUDO,3
2194,ncRNA,4
2195,snRNA,7
2196,snoRNA,8
2197,BIOLOGICAL_REGION,0
2198,PSEUDO,3
2199,rRNA,5
2200,ncRNA,4
2201,BIOLOGICAL_REGION,0
2202,BIOLOGICAL_REGION,0
2203,PSEUDO,3
2204,ncRNA,4
2205,PSEUDO,3
2206,BIOLOGICAL_REGION,0
2207,BIOLOGICAL_REGION,0
2208,PSEUDO,3
2209,PSEUDO,3
2210,PSEUDO,3
2211,ncRNA,4
2212,BIOLOGICAL_REGION,0
2213,BIOLOGICAL_REGION,0
2214,PSEUDO,3
2215,BIOLOGICAL_REGION,0
2216,PSEUDO,3
2217,BIOLOGICAL_REGION,0
2218,ncRNA,4
2219,BIOLOGICAL_REGION,0
2220,BIOLOGICAL_REGION,0
2221,PSEUDO,3
2222,PSEUDO,3
2223,ncRNA,4
2224,PSEUDO,3
2225,PSEUDO,3
2226,PSEUDO,3
2227,BIOLOGICAL_REGION,0
2228,BIOLOGICAL_REGION,0
2229,PSEUDO,3
2230,BIOLOGICAL_REGION,0
2231,PSEUDO,3
2232,PSEUDO,3
2233,PSEUDO,3
2234,ncRNA,4
2235,PSEUDO,3
2236,BIOLOGICAL_REGION,0
2237,PSEUDO,3
2238,ncRNA,4
2239,PSEUDO,3
2240,ncRNA,4
2241,PSEUDO,3
2242,PSEUDO,3
2243,PSEUDO,3
2244,ncRNA,4
2245,BIOLOGICAL_REGION,0
2246,PSEUDO,3
2247,BIOLOGICAL_REGION,0
2248,PSEUDO,3
2249,PSEUDO,3
2250,BIOLOGICAL_REGION,0
2251,PSEUDO,3
2252,PSEUDO,3
2253,BIOLOGICAL_REGION,0
2254,PSEUDO,3
2255,PSEUDO,3
2256,BIOLOGICAL_REGION,0
2257,BIOLOGICAL_REGION,0
2258,PSEUDO,3
2259,PSEUDO,3
2260,ncRNA,4
2261,PSEUDO,3
2262,ncRNA,4
2263,BIOLOGICAL_REGION,0
2264,PSEUDO,3
2265,PSEUDO,3
2266,PSEUDO,3
2267,BIOLOGICAL_REGION,0
2268,PSEUDO,3
2269,BIOLOGICAL_REGION,0
2270,PSEUDO,3
2271,tRNA,9
2272,PSEUDO,3
2273,PSEUDO,3
2274,BIOLOGICAL_REGION,0
2275,PROTEIN_CODING,2
2276,PSEUDO,3
2277,PSEUDO,3
2278,PSEUDO,3
2279,PSEUDO,3
2280,ncRNA,4
2281,PSEUDO,3
2282,PSEUDO,3
2283,BIOLOGICAL_REGION,0
2284,BIOLOGICAL_REGION,0
2285,PSEUDO,3
2286,snRNA,7
2287,ncRNA,4
2288,PSEUDO,3
2289,BIOLOGICAL_REGION,0
2290,PSEUDO,3
2291,PSEUDO,3
2292,PSEUDO,3
2293,BIOLOGICAL_REGION,0
2294,PSEUDO,3
2295,PROTEIN_CODING,2
2296,ncRNA,4
2297,PSEUDO,3
2298,PSEUDO,3
2299,BIOLOGICAL_REGION,0
2300,BIOLOGICAL_REGION,0
2301,ncRNA,4
2302,PSEUDO,3
2303,PSEUDO,3
2304,BIOLOGICAL_REGION,0
2305,BIOLOGICAL_REGION,0
2306,PSEUDO,3
2307,BIOLOGICAL_REGION,0
2308,ncRNA,4
2309,BIOLOGICAL_REGION,0
2310,BIOLOGICAL_REGION,0
2311,PSEUDO,3
2312,BIOLOGICAL_REGION,0
2313,snoRNA,8
2314,rRNA,5
2315,snoRNA,8
2316,PSEUDO,3
2317,PSEUDO,3
2318,BIOLOGICAL_REGION,0
2319,PSEUDO,3
2320,BIOLOGICAL_REGION,0
2321,PSEUDO,3
2322,PSEUDO,3
2323,PSEUDO,3
2324,BIOLOGICAL_REGION,0
2325,BIOLOGICAL_REGION,0
2326,BIOLOGICAL_REGION,0
2327,BIOLOGICAL_REGION,0
2328,PSEUDO,3
2329,ncRNA,4
2330,BIOLOGICAL_REGION,0
2331,ncRNA,4
2332,ncRNA,4
2333,PSEUDO,3
2334,ncRNA,4
2335,BIOLOGICAL_REGION,0
2336,ncRNA,4
2337,PSEUDO,3
2338,BIOLOGICAL_REGION,0
2339,ncRNA,4
2340,OTHER,1
2341,BIOLOGICAL_REGION,0
2342,PSEUDO,3
2343,BIOLOGICAL_REGION,0
2344,PSEUDO,3
2345,ncRNA,4
2346,BIOLOGICAL_REGION,0
2347,PSEUDO,3
2348,OTHER,1
2349,PSEUDO,3
2350,ncRNA,4
2351,PSEUDO,3
2352,PSEUDO,3
2353,ncRNA,4
2354,snoRNA,8
2355,rRNA,5
2356,PSEUDO,3
2357,ncRNA,4
2358,PSEUDO,3
2359,PSEUDO,3
2360,BIOLOGICAL_REGION,0
2361,PSEUDO,3
2362,BIOLOGICAL_REGION,0
2363,ncRNA,4
2364,PSEUDO,3
2365,BIOLOGICAL_REGION,0
2366,BIOLOGICAL_REGION,0
2367,PSEUDO,3
2368,BIOLOGICAL_REGION,0
2369,OTHER,1
2370,PROTEIN_CODING,2
2371,PSEUDO,3
2372,OTHER,1
2373,PSEUDO,3
2374,BIOLOGICAL_REGION,0
2375,BIOLOGICAL_REGION,0
2376,BIOLOGICAL_REGION,0
2377,PSEUDO,3
2378,BIOLOGICAL_REGION,0
2379,PSEUDO,3
2380,PSEUDO,3
2381,BIOLOGICAL_REGION,0
2382,PSEUDO,3
2383,BIOLOGICAL_REGION,0
2384,BIOLOGICAL_REGION,0
2385,PSEUDO,3
2386,ncRNA,4
2387,BIOLOGICAL_REGION,0
2388,PSEUDO,3
2389,BIOLOGICAL_REGION,0
2390,BIOLOGICAL_REGION,0
2391,BIOLOGICAL_REGION,0
2392,BIOLOGICAL_REGION,0
2393,PSEUDO,3
2394,BIOLOGICAL_REGION,0
2395,PSEUDO,3
2396,OTHER,1
2397,PSEUDO,3
2398,snoRNA,8
2399,PSEUDO,3
2400,PSEUDO,3
2401,PSEUDO,3
2402,ncRNA,4
2403,BIOLOGICAL_REGION,0
2404,PSEUDO,3
2405,ncRNA,4
2406,BIOLOGICAL_REGION,0
2407,PSEUDO,3
2408,BIOLOGICAL_REGION,0
2409,BIOLOGICAL_REGION,0
2410,BIOLOGICAL_REGION,0
2411,BIOLOGICAL_REGION,0
2412,rRNA,5
2413,PSEUDO,3
2414,PROTEIN_CODING,2
2415,OTHER,1
2416,PROTEIN_CODING,2
2417,BIOLOGICAL_REGION,0
2418,ncRNA,4
2419,BIOLOGICAL_REGION,0
2420,BIOLOGICAL_REGION,0
2421,BIOLOGICAL_REGION,0
2422,BIOLOGICAL_REGION,0
2423,PSEUDO,3
2424,PSEUDO,3
2425,PSEUDO,3
2426,rRNA,5
2427,PSEUDO,3
2428,snoRNA,8
2429,BIOLOGICAL_REGION,0
2430,PSEUDO,3
2431,BIOLOGICAL_REGION,0
2432,PSEUDO,3
2433,rRNA,5
2434,ncRNA,4
2435,ncRNA,4
2436,ncRNA,4
2437,ncRNA,4
2438,PSEUDO,3
2439,PSEUDO,3
2440,BIOLOGICAL_REGION,0
2441,BIOLOGICAL_REGION,0
2442,BIOLOGICAL_REGION,0
2443,PSEUDO,3
2444,PSEUDO,3
2445,PSEUDO,3
2446,BIOLOGICAL_REGION,0
2447,PSEUDO,3
2448,ncRNA,4
2449,tRNA,9
2450,BIOLOGICAL_REGION,0
2451,PSEUDO,3
2452,rRNA,5
2453,ncRNA,4
2454,PSEUDO,3
2455,BIOLOGICAL_REGION,0
2456,BIOLOGICAL_REGION,0
2457,PSEUDO,3
2458,BIOLOGICAL_REGION,0
2459,PSEUDO,3
2460,PSEUDO,3
2461,BIOLOGICAL_REGION,0
2462,PSEUDO,3
2463,PSEUDO,3
2464,PSEUDO,3
2465,BIOLOGICAL_REGION,0
2466,BIOLOGICAL_REGION,0
2467,PSEUDO,3
2468,PSEUDO,3
2469,PSEUDO,3
2470,BIOLOGICAL_REGION,0
2471,BIOLOGICAL_REGION,0
2472,ncRNA,4
2473,BIOLOGICAL_REGION,0
2474,ncRNA,4
2475,PSEUDO,3
2476,BIOLOGICAL_REGION,0
2477,BIOLOGICAL_REGION,0
2478,PSEUDO,3
2479,PSEUDO,3
2480,ncRNA,4
2481,PSEUDO,3
2482,snoRNA,8
2483,ncRNA,4
2484,BIOLOGICAL_REGION,0
2485,ncRNA,4
2486,ncRNA,4
2487,BIOLOGICAL_REGION,0
2488,PSEUDO,3
2489,PSEUDO,3
2490,ncRNA,4
2491,PSEUDO,3
2492,BIOLOGICAL_REGION,0
2493,rRNA,5
2494,BIOLOGICAL_REGION,0
2495,BIOLOGICAL_REGION,0
2496,PSEUDO,3
2497,PSEUDO,3
2498,BIOLOGICAL_REGION,0
2499,tRNA,9
2500,ncRNA,4
2501,snoRNA,8
2502,BIOLOGICAL_REGION,0
2503,ncRNA,4
2504,PROTEIN_CODING,2
2505,BIOLOGICAL_REGION,0
2506,PSEUDO,3
2507,PSEUDO,3
2508,ncRNA,4
2509,PROTEIN_CODING,2
2510,PSEUDO,3
2511,BIOLOGICAL_REGION,0
2512,BIOLOGICAL_REGION,0
2513,PSEUDO,3
2514,PROTEIN_CODING,2
2515,snoRNA,8
2516,PSEUDO,3
2517,tRNA,9
2518,BIOLOGICAL_REGION,0
2519,PSEUDO,3
2520,PSEUDO,3
2521,OTHER,1
2522,PSEUDO,3
2523,PSEUDO,3
2524,BIOLOGICAL_REGION,0
2525,BIOLOGICAL_REGION,0
2526,BIOLOGICAL_REGION,0
2527,PSEUDO,3
2528,rRNA,5
2529,BIOLOGICAL_REGION,0
2530,BIOLOGICAL_REGION,0
2531,BIOLOGICAL_REGION,0
2532,PSEUDO,3
2533,PSEUDO,3
2534,BIOLOGICAL_REGION,0
2535,BIOLOGICAL_REGION,0
2536,ncRNA,4
2537,ncRNA,4
2538,BIOLOGICAL_REGION,0
2539,snoRNA,8
2540,BIOLOGICAL_REGION,0
2541,PSEUDO,3
2542,PSEUDO,3
2543,PSEUDO,3
2544,BIOLOGICAL_REGION,0
2545,PSEUDO,3
2546,snoRNA,8
2547,BIOLOGICAL_REGION,0
2548,PSEUDO,3
2549,PSEUDO,3
2550,PSEUDO,3
2551,PSEUDO,3
2552,BIOLOGICAL_REGION,0
2553,PSEUDO,3
2554,BIOLOGICAL_REGION,0
2555,BIOLOGICAL_REGION,0
2556,PSEUDO,3
2557,ncRNA,4
2558,PSEUDO,3
2559,PSEUDO,3
2560,PSEUDO,3
2561,PSEUDO,3
2562,BIOLOGICAL_REGION,0
2563,PSEUDO,3
2564,PSEUDO,3
2565,tRNA,9
2566,ncRNA,4
2567,BIOLOGICAL_REGION,0
2568,BIOLOGICAL_REGION,0
2569,snoRNA,8
2570,tRNA,9
2571,BIOLOGICAL_REGION,0
2572,BIOLOGICAL_REGION,0
2573,tRNA,9
2574,BIOLOGICAL_REGION,0
2575,PSEUDO,3
2576,ncRNA,4
2577,PSEUDO,3
2578,PSEUDO,3
2579,PSEUDO,3
2580,BIOLOGICAL_REGION,0
2581,snoRNA,8
2582,PSEUDO,3
2583,PSEUDO,3
2584,PSEUDO,3
2585,PSEUDO,3
2586,PSEUDO,3
2587,PSEUDO,3
2588,PSEUDO,3
2589,BIOLOGICAL_REGION,0
2590,rRNA,5
2591,OTHER,1
2592,BIOLOGICAL_REGION,0
2593,ncRNA,4
2594,BIOLOGICAL_REGION,0
2595,BIOLOGICAL_REGION,0
2596,rRNA,5
2597,PSEUDO,3
2598,BIOLOGICAL_REGION,0
2599,PSEUDO,3
2600,PSEUDO,3
2601,PSEUDO,3
2602,PSEUDO,3
2603,snRNA,7
2604,PSEUDO,3
2605,BIOLOGICAL_REGION,0
2606,PSEUDO,3
2607,BIOLOGICAL_REGION,0
2608,BIOLOGICAL_REGION,0
2609,BIOLOGICAL_REGION,0
2610,ncRNA,4
2611,PSEUDO,3
2612,PSEUDO,3
2613,PSEUDO,3
2614,BIOLOGICAL_REGION,0
2615,PSEUDO,3
2616,OTHER,1
2617,snoRNA,8
2618,PSEUDO,3
2619,PSEUDO,3
2620,snoRNA,8
2621,ncRNA,4
2622,PSEUDO,3
2623,PSEUDO,3
2624,PSEUDO,3
2625,BIOLOGICAL_REGION,0
2626,PSEUDO,3
2627,PSEUDO,3
2628,BIOLOGICAL_REGION,0
2629,BIOLOGICAL_REGION,0
2630,PSEUDO,3
2631,snoRNA,8
2632,PSEUDO,3
2633,BIOLOGICAL_REGION,0
2634,PSEUDO,3
2635,ncRNA,4
2636,snoRNA,8
2637,PROTEIN_CODING,2
2638,PSEUDO,3
2639,snoRNA,8
2640,BIOLOGICAL_REGION,0
2641,ncRNA,4
2642,tRNA,9
2643,PSEUDO,3
2644,PSEUDO,3
2645,PSEUDO,3
2646,rRNA,5
2647,PSEUDO,3
2648,BIOLOGICAL_REGION,0
2649,BIOLOGICAL_REGION,0
2650,ncRNA,4
2651,ncRNA,4
2652,PSEUDO,3
2653,rRNA,5
2654,PSEUDO,3
2655,PSEUDO,3
2656,PSEUDO,3
2657,ncRNA,4
2658,ncRNA,4
2659,BIOLOGICAL_REGION,0
2660,ncRNA,4
2661,BIOLOGICAL_REGION,0
2662,PSEUDO,3
2663,BIOLOGICAL_REGION,0
2664,PSEUDO,3
2665,PSEUDO,3
2666,ncRNA,4
2667,ncRNA,4
2668,snoRNA,8
2669,ncRNA,4
2670,BIOLOGICAL_REGION,0
2671,PSEUDO,3
2672,PSEUDO,3
2673,PSEUDO,3
2674,snRNA,7
2675,BIOLOGICAL_REGION,0
2676,PSEUDO,3
2677,PSEUDO,3
2678,PSEUDO,3
2679,snoRNA,8
2680,BIOLOGICAL_REGION,0
2681,PSEUDO,3
2682,PSEUDO,3
2683,ncRNA,4
2684,PSEUDO,3
2685,PSEUDO,3
2686,PSEUDO,3
2687,PSEUDO,3
2688,snoRNA,8
2689,BIOLOGICAL_REGION,0
2690,BIOLOGICAL_REGION,0
2691,ncRNA,4
2692,BIOLOGICAL_REGION,0
2693,snoRNA,8
2694,BIOLOGICAL_REGION,0
2695,BIOLOGICAL_REGION,0
2696,PSEUDO,3
2697,PSEUDO,3
2698,rRNA,5
2699,PSEUDO,3
2700,BIOLOGICAL_REGION,0
2701,snoRNA,8
2702,snoRNA,8
2703,PSEUDO,3
2704,BIOLOGICAL_REGION,0
2705,BIOLOGICAL_REGION,0
2706,PSEUDO,3
2707,tRNA,9
2708,tRNA,9
2709,PSEUDO,3
2710,BIOLOGICAL_REGION,0
2711,OTHER,1
2712,OTHER,1
2713,rRNA,5
2714,PSEUDO,3
2715,PSEUDO,3
2716,PSEUDO,3
2717,PSEUDO,3
2718,PSEUDO,3
2719,PSEUDO,3
2720,BIOLOGICAL_REGION,0
2721,PSEUDO,3
2722,PSEUDO,3
2723,PSEUDO,3
2724,snoRNA,8
2725,ncRNA,4
2726,BIOLOGICAL_REGION,0
2727,PSEUDO,3
2728,PSEUDO,3
2729,BIOLOGICAL_REGION,0
2730,BIOLOGICAL_REGION,0
2731,ncRNA,4
2732,PSEUDO,3
2733,ncRNA,4
2734,OTHER,1
2735,BIOLOGICAL_REGION,0
2736,PSEUDO,3
2737,rRNA,5
2738,PSEUDO,3
2739,PSEUDO,3
2740,BIOLOGICAL_REGION,0
2741,tRNA,9
2742,ncRNA,4
2743,PSEUDO,3
2744,PSEUDO,3
2745,snoRNA,8
2746,PSEUDO,3
2747,PROTEIN_CODING,2
2748,BIOLOGICAL_REGION,0
2749,BIOLOGICAL_REGION,0
2750,PSEUDO,3
2751,PSEUDO,3
2752,PSEUDO,3
2753,PSEUDO,3
2754,BIOLOGICAL_REGION,0
2755,PSEUDO,3
2756,rRNA,5
2757,BIOLOGICAL_REGION,0
2758,BIOLOGICAL_REGION,0
2759,ncRNA,4
2760,PSEUDO,3
2761,PSEUDO,3
2762,PSEUDO,3
2763,ncRNA,4
2764,PSEUDO,3
2765,PSEUDO,3
2766,BIOLOGICAL_REGION,0
2767,PSEUDO,3
2768,PSEUDO,3
2769,PSEUDO,3
2770,PSEUDO,3
2771,BIOLOGICAL_REGION,0
2772,rRNA,5
2773,PSEUDO,3
2774,OTHER,1
2775,PSEUDO,3
2776,PSEUDO,3
2777,BIOLOGICAL_REGION,0
2778,PSEUDO,3
2779,BIOLOGICAL_REGION,0
2780,PROTEIN_CODING,2
2781,PSEUDO,3
2782,BIOLOGICAL_REGION,0
2783,BIOLOGICAL_REGION,0
2784,PSEUDO,3
2785,ncRNA,4
2786,PSEUDO,3
2787,BIOLOGICAL_REGION,0
2788,BIOLOGICAL_REGION,0
2789,PSEUDO,3
2790,PSEUDO,3
2791,PSEUDO,3
2792,BIOLOGICAL_REGION,0
2793,PSEUDO,3
2794,PSEUDO,3
2795,ncRNA,4
2796,PSEUDO,3
2797,PSEUDO,3
2798,PSEUDO,3
2799,PSEUDO,3
2800,PSEUDO,3
2801,ncRNA,4
2802,BIOLOGICAL_REGION,0
2803,BIOLOGICAL_REGION,0
2804,BIOLOGICAL_REGION,0
2805,BIOLOGICAL_REGION,0
2806,PSEUDO,3
2807,BIOLOGICAL_REGION,0
2808,PSEUDO,3
2809,PSEUDO,3
2810,BIOLOGICAL_REGION,0
2811,ncRNA,4
2812,PSEUDO,3
2813,snoRNA,8
2814,BIOLOGICAL_REGION,0
2815,PSEUDO,3
2816,PSEUDO,3
2817,PSEUDO,3
2818,PSEUDO,3
2819,PSEUDO,3
2820,snoRNA,8
2821,tRNA,9
2822,ncRNA,4
2823,PSEUDO,3
2824,BIOLOGICAL_REGION,0
2825,PSEUDO,3
2826,PSEUDO,3
2827,snoRNA,8
2828,ncRNA,4
2829,ncRNA,4
2830,PSEUDO,3
2831,PSEUDO,3
2832,BIOLOGICAL_REGION,0
2833,tRNA,9
2834,BIOLOGICAL_REGION,0
2835,PSEUDO,3
2836,PSEUDO,3
2837,PSEUDO,3
2838,BIOLOGICAL_REGION,0
2839,BIOLOGICAL_REGION,0
2840,BIOLOGICAL_REGION,0
2841,BIOLOGICAL_REGION,0
2842,PROTEIN_CODING,2
2843,BIOLOGICAL_REGION,0
2844,BIOLOGICAL_REGION,0
2845,rRNA,5
2846,PSEUDO,3
2847,PSEUDO,3
2848,ncRNA,4
2849,PSEUDO,3
2850,snRNA,7
2851,PSEUDO,3
2852,BIOLOGICAL_REGION,0
2853,PSEUDO,3
2854,PSEUDO,3
2855,BIOLOGICAL_REGION,0
2856,PSEUDO,3
2857,BIOLOGICAL_REGION,0
2858,ncRNA,4
2859,PSEUDO,3
2860,OTHER,1
2861,PSEUDO,3
2862,BIOLOGICAL_REGION,0
2863,BIOLOGICAL_REGION,0
2864,PSEUDO,3
2865,PSEUDO,3
2866,BIOLOGICAL_REGION,0
2867,snoRNA,8
2868,PSEUDO,3
2869,PSEUDO,3
2870,PSEUDO,3
2871,PSEUDO,3
2872,BIOLOGICAL_REGION,0
2873,PSEUDO,3
2874,BIOLOGICAL_REGION,0
2875,BIOLOGICAL_REGION,0
2876,BIOLOGICAL_REGION,0
2877,BIOLOGICAL_REGION,0
2878,ncRNA,4
2879,BIOLOGICAL_REGION,0
2880,ncRNA,4
2881,ncRNA,4
2882,BIOLOGICAL_REGION,0
2883,PSEUDO,3
2884,PSEUDO,3
2885,PSEUDO,3
2886,PSEUDO,3
2887,BIOLOGICAL_REGION,0
2888,PSEUDO,3
2889,PSEUDO,3
2890,ncRNA,4
2891,BIOLOGICAL_REGION,0
2892,PSEUDO,3
2893,BIOLOGICAL_REGION,0
2894,BIOLOGICAL_REGION,0
2895,BIOLOGICAL_REGION,0
2896,ncRNA,4
2897,BIOLOGICAL_REGION,0
2898,PSEUDO,3
2899,PSEUDO,3
2900,ncRNA,4
2901,PSEUDO,3
2902,PSEUDO,3
2903,ncRNA,4
2904,BIOLOGICAL_REGION,0
2905,BIOLOGICAL_REGION,0
2906,PSEUDO,3
2907,BIOLOGICAL_REGION,0
2908,PROTEIN_CODING,2
2909,PSEUDO,3
2910,BIOLOGICAL_REGION,0
2911,PSEUDO,3
2912,snoRNA,8
2913,PSEUDO,3
2914,BIOLOGICAL_REGION,0
2915,tRNA,9
2916,PSEUDO,3
2917,PSEUDO,3
2918,BIOLOGICAL_REGION,0
2919,PROTEIN_CODING,2
2920,BIOLOGICAL_REGION,0
2921,BIOLOGICAL_REGION,0
2922,BIOLOGICAL_REGION,0
2923,PSEUDO,3
2924,OTHER,1
2925,BIOLOGICAL_REGION,0
2926,PSEUDO,3
2927,BIOLOGICAL_REGION,0
2928,PROTEIN_CODING,2
2929,ncRNA,4
2930,BIOLOGICAL_REGION,0
2931,PSEUDO,3
2932,PSEUDO,3
2933,BIOLOGICAL_REGION,0
2934,PSEUDO,3
2935,PSEUDO,3
2936,PSEUDO,3
2937,BIOLOGICAL_REGION,0
2938,PSEUDO,3
2939,PSEUDO,3
2940,BIOLOGICAL_REGION,0
2941,snoRNA,8
2942,PSEUDO,3
2943,PSEUDO,3
2944,PSEUDO,3
2945,PSEUDO,3
2946,PSEUDO,3
2947,PSEUDO,3
2948,PSEUDO,3
2949,BIOLOGICAL_REGION,0
2950,PSEUDO,3
2951,PSEUDO,3
2952,PSEUDO,3
2953,PSEUDO,3
2954,PSEUDO,3
2955,PSEUDO,3
2956,BIOLOGICAL_REGION,0
2957,PSEUDO,3
2958,PSEUDO,3
2959,PSEUDO,3
2960,BIOLOGICAL_REGION,0
2961,PSEUDO,3
2962,tRNA,9
2963,PSEUDO,3
2964,ncRNA,4
2965,PSEUDO,3
2966,PSEUDO,3
2967,snoRNA,8
2968,BIOLOGICAL_REGION,0
2969,snRNA,7
2970,PSEUDO,3
2971,PSEUDO,3
2972,PSEUDO,3
2973,PSEUDO,3
2974,PROTEIN_CODING,2
2975,tRNA,9
2976,PROTEIN_CODING,2
2977,BIOLOGICAL_REGION,0
2978,PROTEIN_CODING,2
2979,PSEUDO,3
2980,PSEUDO,3
2981,PSEUDO,3
2982,PSEUDO,3
2983,PSEUDO,3
2984,rRNA,5
2985,BIOLOGICAL_REGION,0
2986,BIOLOGICAL_REGION,0
2987,BIOLOGICAL_REGION,0
2988,BIOLOGICAL_REGION,0
2989,PSEUDO,3
2990,PSEUDO,3
2991,BIOLOGICAL_REGION,0
2992,PSEUDO,3
2993,PSEUDO,3
2994,PSEUDO,3
2995,ncRNA,4
2996,BIOLOGICAL_REGION,0
2997,ncRNA,4
2998,PSEUDO,3
2999,PSEUDO,3
3000,PSEUDO,3
3001,ncRNA,4
3002,BIOLOGICAL_REGION,0
3003,snoRNA,8
3004,PSEUDO,3
3005,PSEUDO,3
3006,PSEUDO,3
3007,tRNA,9
3008,snRNA,7
3009,PSEUDO,3
3010,ncRNA,4
3011,ncRNA,4
3012,BIOLOGICAL_REGION,0
3013,BIOLOGICAL_REGION,0
3014,PSEUDO,3
3015,PSEUDO,3
3016,snoRNA,8
3017,PSEUDO,3
3018,OTHER,1
3019,snoRNA,8
3020,PSEUDO,3
3021,BIOLOGICAL_REGION,0
3022,snoRNA,8
3023,PSEUDO,3
3024,tRNA,9
3025,BIOLOGICAL_REGION,0
3026,ncRNA,4
3027,BIOLOGICAL_REGION,0
3028,BIOLOGICAL_REGION,0
3029,tRNA,9
3030,PSEUDO,3
3031,tRNA,9
3032,BIOLOGICAL_REGION,0
3033,PSEUDO,3
3034,PSEUDO,3
3035,tRNA,9
3036,PSEUDO,3
3037,PSEUDO,3
3038,PSEUDO,3
3039,PSEUDO,3
3040,snoRNA,8
3041,PSEUDO,3
3042,PROTEIN_CODING,2
3043,snoRNA,8
3044,BIOLOGICAL_REGION,0
3045,PSEUDO,3
3046,BIOLOGICAL_REGION,0
3047,PSEUDO,3
3048,BIOLOGICAL_REGION,0
3049,BIOLOGICAL_REGION,0
3050,PSEUDO,3
3051,PSEUDO,3
3052,BIOLOGICAL_REGION,0
3053,PSEUDO,3
3054,BIOLOGICAL_REGION,0
3055,BIOLOGICAL_REGION,0
3056,tRNA,9
3057,snoRNA,8
3058,PSEUDO,3
3059,PSEUDO,3
3060,PSEUDO,3
3061,PSEUDO,3
3062,BIOLOGICAL_REGION,0
3063,PSEUDO,3
3064,BIOLOGICAL_REGION,0
3065,PSEUDO,3
3066,ncRNA,4
3067,BIOLOGICAL_REGION,0
3068,BIOLOGICAL_REGION,0
3069,PSEUDO,3
3070,PSEUDO,3
3071,PSEUDO,3
3072,BIOLOGICAL_REGION,0
3073,PSEUDO,3
3074,PSEUDO,3
3075,BIOLOGICAL_REGION,0
3076,PSEUDO,3
3077,PSEUDO,3
3078,tRNA,9
3079,OTHER,1
3080,BIOLOGICAL_REGION,0
3081,BIOLOGICAL_REGION,0
3082,PSEUDO,3
3083,tRNA,9
3084,PSEUDO,3
3085,BIOLOGICAL_REGION,0
3086,PSEUDO,3
3087,PSEUDO,3
3088,PSEUDO,3
3089,ncRNA,4
3090,PSEUDO,3
3091,PROTEIN_CODING,2
3092,BIOLOGICAL_REGION,0
3093,PSEUDO,3
3094,BIOLOGICAL_REGION,0
3095,BIOLOGICAL_REGION,0
3096,BIOLOGICAL_REGION,0
3097,BIOLOGICAL_REGION,0
3098,PSEUDO,3
3099,PSEUDO,3
3100,snRNA,7
3101,PSEUDO,3
3102,BIOLOGICAL_REGION,0
3103,BIOLOGICAL_REGION,0
3104,BIOLOGICAL_REGION,0
3105,PSEUDO,3
3106,PSEUDO,3
3107,PSEUDO,3
3108,BIOLOGICAL_REGION,0
3109,PSEUDO,3
3110,BIOLOGICAL_REGION,0
3111,ncRNA,4
3112,BIOLOGICAL_REGION,0
3113,BIOLOGICAL_REGION,0
3114,BIOLOGICAL_REGION,0
3115,PSEUDO,3
3116,snoRNA,8
3117,PSEUDO,3
3118,PSEUDO,3
3119,BIOLOGICAL_REGION,0
3120,BIOLOGICAL_REGION,0
3121,ncRNA,4
3122,BIOLOGICAL_REGION,0
3123,BIOLOGICAL_REGION,0
3124,OTHER,1
3125,PSEUDO,3
3126,PSEUDO,3
3127,BIOLOGICAL_REGION,0
3128,tRNA,9
3129,PSEUDO,3
3130,PSEUDO,3
3131,BIOLOGICAL_REGION,0
3132,ncRNA,4
3133,PSEUDO,3
3134,BIOLOGICAL_REGION,0
3135,PSEUDO,3
3136,ncRNA,4
3137,snRNA,7
3138,PSEUDO,3
3139,BIOLOGICAL_REGION,0
3140,BIOLOGICAL_REGION,0
3141,BIOLOGICAL_REGION,0
3142,PSEUDO,3
3143,BIOLOGICAL_REGION,0
3144,BIOLOGICAL_REGION,0
3145,BIOLOGICAL_REGION,0
3146,PSEUDO,3
3147,ncRNA,4
3148,PSEUDO,3
3149,PSEUDO,3
3150,PSEUDO,3
3151,PSEUDO,3
3152,PSEUDO,3
3153,PSEUDO,3
3154,PSEUDO,3
3155,PSEUDO,3
3156,BIOLOGICAL_REGION,0
3157,BIOLOGICAL_REGION,0
3158,PSEUDO,3
3159,PSEUDO,3
3160,PSEUDO,3
3161,PSEUDO,3
3162,ncRNA,4
3163,PSEUDO,3
3164,PSEUDO,3
3165,BIOLOGICAL_REGION,0
3166,OTHER,1
3167,BIOLOGICAL_REGION,0
3168,BIOLOGICAL_REGION,0
3169,ncRNA,4
3170,BIOLOGICAL_REGION,0
3171,BIOLOGICAL_REGION,0
3172,PSEUDO,3
3173,PSEUDO,3
3174,PSEUDO,3
3175,PSEUDO,3
3176,PSEUDO,3
3177,PSEUDO,3
3178,BIOLOGICAL_REGION,0
3179,BIOLOGICAL_REGION,0
3180,PSEUDO,3
3181,BIOLOGICAL_REGION,0
3182,BIOLOGICAL_REGION,0
3183,BIOLOGICAL_REGION,0
3184,ncRNA,4
3185,PSEUDO,3
3186,BIOLOGICAL_REGION,0
3187,PSEUDO,3
3188,PSEUDO,3
3189,PSEUDO,3
3190,BIOLOGICAL_REGION,0
3191,PSEUDO,3
3192,PSEUDO,3
3193,PSEUDO,3
3194,BIOLOGICAL_REGION,0
3195,PSEUDO,3
3196,ncRNA,4
3197,snoRNA,8
3198,PSEUDO,3
3199,BIOLOGICAL_REGION,0
3200,BIOLOGICAL_REGION,0
3201,PROTEIN_CODING,2
3202,BIOLOGICAL_REGION,0
3203,PSEUDO,3
3204,PROTEIN_CODING,2
3205,PSEUDO,3
3206,PSEUDO,3
3207,PSEUDO,3
3208,ncRNA,4
3209,PSEUDO,3
3210,PSEUDO,3
3211,PSEUDO,3
3212,ncRNA,4
3213,snoRNA,8
3214,PSEUDO,3
3215,BIOLOGICAL_REGION,0
3216,PSEUDO,3
3217,BIOLOGICAL_REGION,0
3218,BIOLOGICAL_REGION,0
3219,ncRNA,4
3220,OTHER,1
3221,PSEUDO,3
3222,BIOLOGICAL_REGION,0
3223,BIOLOGICAL_REGION,0
3224,PSEUDO,3
3225,BIOLOGICAL_REGION,0
3226,PSEUDO,3
3227,OTHER,1
3228,BIOLOGICAL_REGION,0
3229,BIOLOGICAL_REGION,0
3230,BIOLOGICAL_REGION,0
3231,BIOLOGICAL_REGION,0
3232,BIOLOGICAL_REGION,0
3233,ncRNA,4
3234,PSEUDO,3
3235,ncRNA,4
3236,PSEUDO,3
3237,tRNA,9
3238,PSEUDO,3
3239,BIOLOGICAL_REGION,0
3240,BIOLOGICAL_REGION,0
3241,PSEUDO,3
3242,BIOLOGICAL_REGION,0
3243,PSEUDO,3
3244,BIOLOGICAL_REGION,0
3245,PSEUDO,3
3246,BIOLOGICAL_REGION,0
3247,PSEUDO,3
3248,ncRNA,4
3249,snoRNA,8
3250,PSEUDO,3
3251,rRNA,5
3252,OTHER,1
3253,PSEUDO,3
3254,PSEUDO,3
3255,BIOLOGICAL_REGION,0
3256,PSEUDO,3
3257,BIOLOGICAL_REGION,0
3258,BIOLOGICAL_REGION,0
3259,PSEUDO,3
3260,ncRNA,4
3261,BIOLOGICAL_REGION,0
3262,BIOLOGICAL_REGION,0
3263,BIOLOGICAL_REGION,0
3264,PSEUDO,3
3265,PROTEIN_CODING,2
3266,BIOLOGICAL_REGION,0
3267,ncRNA,4
3268,BIOLOGICAL_REGION,0
3269,PSEUDO,3
3270,PSEUDO,3
3271,PSEUDO,3
3272,PSEUDO,3
3273,tRNA,9
3274,BIOLOGICAL_REGION,0
3275,PSEUDO,3
3276,ncRNA,4
3277,PSEUDO,3
3278,BIOLOGICAL_REGION,0
3279,PSEUDO,3
3280,PSEUDO,3
3281,BIOLOGICAL_REGION,0
3282,OTHER,1
3283,PSEUDO,3
3284,BIOLOGICAL_REGION,0
3285,snoRNA,8
3286,PSEUDO,3
3287,PSEUDO,3
3288,tRNA,9
3289,PSEUDO,3
3290,PSEUDO,3
3291,BIOLOGICAL_REGION,0
3292,ncRNA,4
3293,PSEUDO,3
3294,snoRNA,8
3295,PSEUDO,3
3296,ncRNA,4
3297,ncRNA,4
3298,BIOLOGICAL_REGION,0
3299,ncRNA,4
3300,PSEUDO,3
3301,BIOLOGICAL_REGION,0
3302,tRNA,9
3303,snoRNA,8
3304,BIOLOGICAL_REGION,0
3305,ncRNA,4
3306,ncRNA,4
3307,PSEUDO,3
3308,PSEUDO,3
3309,BIOLOGICAL_REGION,0
3310,BIOLOGICAL_REGION,0
3311,snoRNA,8
3312,BIOLOGICAL_REGION,0
3313,BIOLOGICAL_REGION,0
3314,PSEUDO,3
3315,BIOLOGICAL_REGION,0
3316,PSEUDO,3
3317,tRNA,9
3318,PSEUDO,3
3319,snRNA,7
3320,BIOLOGICAL_REGION,0
3321,PSEUDO,3
3322,BIOLOGICAL_REGION,0
3323,BIOLOGICAL_REGION,0
3324,PSEUDO,3
3325,PSEUDO,3
3326,PSEUDO,3
3327,BIOLOGICAL_REGION,0
3328,PSEUDO,3
3329,BIOLOGICAL_REGION,0
3330,PSEUDO,3
3331,PSEUDO,3
3332,PSEUDO,3
3333,BIOLOGICAL_REGION,0
3334,PSEUDO,3
3335,BIOLOGICAL_REGION,0
3336,PSEUDO,3
3337,snoRNA,8
3338,PSEUDO,3
3339,PSEUDO,3
3340,BIOLOGICAL_REGION,0
3341,BIOLOGICAL_REGION,0
3342,BIOLOGICAL_REGION,0
3343,PSEUDO,3
3344,PSEUDO,3
3345,BIOLOGICAL_REGION,0
3346,PSEUDO,3
3347,ncRNA,4
3348,PSEUDO,3
3349,ncRNA,4
3350,BIOLOGICAL_REGION,0
3351,snoRNA,8
3352,PSEUDO,3
3353,BIOLOGICAL_REGION,0
3354,BIOLOGICAL_REGION,0
3355,BIOLOGICAL_REGION,0
3356,PSEUDO,3
3357,BIOLOGICAL_REGION,0
3358,PSEUDO,3
3359,ncRNA,4
3360,PROTEIN_CODING,2
3361,PSEUDO,3
3362,ncRNA,4
3363,BIOLOGICAL_REGION,0
3364,PROTEIN_CODING,2
3365,PSEUDO,3
3366,BIOLOGICAL_REGION,0
3367,PSEUDO,3
3368,PSEUDO,3
3369,BIOLOGICAL_REGION,0
3370,PSEUDO,3
3371,BIOLOGICAL_REGION,0
3372,BIOLOGICAL_REGION,0
3373,BIOLOGICAL_REGION,0
3374,PSEUDO,3
3375,PSEUDO,3
3376,PSEUDO,3
3377,OTHER,1
3378,PSEUDO,3
3379,BIOLOGICAL_REGION,0
3380,PSEUDO,3
3381,PSEUDO,3
3382,BIOLOGICAL_REGION,0
3383,BIOLOGICAL_REGION,0
3384,PSEUDO,3
3385,ncRNA,4
3386,PSEUDO,3
3387,PSEUDO,3
3388,BIOLOGICAL_REGION,0
3389,BIOLOGICAL_REGION,0
3390,BIOLOGICAL_REGION,0
3391,PSEUDO,3
3392,PSEUDO,3
3393,PSEUDO,3
3394,PSEUDO,3
3395,PSEUDO,3
3396,snoRNA,8
3397,BIOLOGICAL_REGION,0
3398,PSEUDO,3
3399,snoRNA,8
3400,PSEUDO,3
3401,PSEUDO,3
3402,PSEUDO,3
3403,PSEUDO,3
3404,PSEUDO,3
3405,PSEUDO,3
3406,OTHER,1
3407,PSEUDO,3
3408,PSEUDO,3
3409,PSEUDO,3
3410,snoRNA,8
3411,ncRNA,4
3412,BIOLOGICAL_REGION,0
3413,PSEUDO,3
3414,snoRNA,8
3415,PSEUDO,3
3416,BIOLOGICAL_REGION,0
3417,PSEUDO,3
3418,PSEUDO,3
3419,PSEUDO,3
3420,PROTEIN_CODING,2
3421,tRNA,9
3422,ncRNA,4
3423,PSEUDO,3
3424,BIOLOGICAL_REGION,0
3425,PSEUDO,3
3426,PSEUDO,3
3427,PSEUDO,3
3428,snRNA,7
3429,PSEUDO,3
3430,PSEUDO,3
3431,ncRNA,4
3432,tRNA,9
3433,ncRNA,4
3434,snRNA,7
3435,BIOLOGICAL_REGION,0
3436,PSEUDO,3
3437,BIOLOGICAL_REGION,0
3438,PSEUDO,3
3439,PSEUDO,3
3440,PSEUDO,3
3441,ncRNA,4
3442,ncRNA,4
3443,snoRNA,8
3444,PSEUDO,3
3445,ncRNA,4
3446,BIOLOGICAL_REGION,0
3447,snoRNA,8
3448,BIOLOGICAL_REGION,0
3449,PSEUDO,3
3450,PSEUDO,3
3451,BIOLOGICAL_REGION,0
3452,PSEUDO,3
3453,PSEUDO,3
3454,PSEUDO,3
3455,BIOLOGICAL_REGION,0
3456,PSEUDO,3
3457,PROTEIN_CODING,2
3458,PSEUDO,3
3459,PSEUDO,3
3460,PSEUDO,3
3461,BIOLOGICAL_REGION,0
3462,PSEUDO,3
3463,PSEUDO,3
3464,BIOLOGICAL_REGION,0
3465,BIOLOGICAL_REGION,0
3466,PSEUDO,3
3467,PSEUDO,3
3468,PSEUDO,3
3469,BIOLOGICAL_REGION,0
3470,snoRNA,8
3471,PSEUDO,3
3472,PSEUDO,3
3473,PSEUDO,3
3474,PSEUDO,3
3475,PSEUDO,3
3476,BIOLOGICAL_REGION,0
3477,ncRNA,4
3478,PSEUDO,3
3479,rRNA,5
3480,PSEUDO,3
3481,PSEUDO,3
3482,PSEUDO,3
3483,PSEUDO,3
3484,ncRNA,4
3485,OTHER,1
3486,BIOLOGICAL_REGION,0
3487,BIOLOGICAL_REGION,0
3488,BIOLOGICAL_REGION,0
3489,PROTEIN_CODING,2
3490,tRNA,9
3491,BIOLOGICAL_REGION,0
3492,PSEUDO,3
3493,PSEUDO,3
3494,PSEUDO,3
3495,PSEUDO,3
3496,PSEUDO,3
3497,BIOLOGICAL_REGION,0
3498,PSEUDO,3
3499,PSEUDO,3
3500,BIOLOGICAL_REGION,0
3501,snoRNA,8
3502,PSEUDO,3
3503,PSEUDO,3
3504,ncRNA,4
3505,PROTEIN_CODING,2
3506,BIOLOGICAL_REGION,0
3507,BIOLOGICAL_REGION,0
3508,snoRNA,8
3509,BIOLOGICAL_REGION,0
3510,PSEUDO,3
3511,PSEUDO,3
3512,BIOLOGICAL_REGION,0
3513,BIOLOGICAL_REGION,0
3514,tRNA,9
3515,PSEUDO,3
3516,PSEUDO,3
3517,PSEUDO,3
3518,PSEUDO,3
3519,PSEUDO,3
3520,PSEUDO,3
3521,BIOLOGICAL_REGION,0
3522,ncRNA,4
3523,ncRNA,4
3524,ncRNA,4
3525,PSEUDO,3
3526,snoRNA,8
3527,BIOLOGICAL_REGION,0
3528,PSEUDO,3
3529,PSEUDO,3
3530,PSEUDO,3
3531,tRNA,9
3532,PSEUDO,3
3533,BIOLOGICAL_REGION,0
3534,PSEUDO,3
3535,PSEUDO,3
3536,BIOLOGICAL_REGION,0
3537,BIOLOGICAL_REGION,0
3538,PSEUDO,3
3539,PSEUDO,3
3540,BIOLOGICAL_REGION,0
3541,PSEUDO,3
3542,snoRNA,8
3543,BIOLOGICAL_REGION,0
3544,PSEUDO,3
3545,PSEUDO,3
3546,PSEUDO,3
3547,BIOLOGICAL_REGION,0
3548,BIOLOGICAL_REGION,0
3549,PSEUDO,3
3550,BIOLOGICAL_REGION,0
3551,BIOLOGICAL_REGION,0
3552,BIOLOGICAL_REGION,0
3553,ncRNA,4
3554,PSEUDO,3
3555,PSEUDO,3
3556,PSEUDO,3
3557,BIOLOGICAL_REGION,0
3558,OTHER,1
3559,ncRNA,4
3560,ncRNA,4
3561,PSEUDO,3
3562,snoRNA,8
3563,BIOLOGICAL_REGION,0
3564,BIOLOGICAL_REGION,0
3565,snoRNA,8
3566,snoRNA,8
3567,PSEUDO,3
3568,ncRNA,4
3569,ncRNA,4
3570,BIOLOGICAL_REGION,0
3571,PSEUDO,3
3572,PSEUDO,3
3573,PSEUDO,3
3574,ncRNA,4
3575,ncRNA,4
3576,PSEUDO,3
3577,BIOLOGICAL_REGION,0
3578,PSEUDO,3
3579,ncRNA,4
3580,BIOLOGICAL_REGION,0
3581,PSEUDO,3
3582,tRNA,9
3583,PSEUDO,3
3584,BIOLOGICAL_REGION,0
3585,snoRNA,8
3586,PSEUDO,3
3587,PSEUDO,3
3588,PSEUDO,3
3589,BIOLOGICAL_REGION,0
3590,ncRNA,4
3591,ncRNA,4
3592,PSEUDO,3
3593,PSEUDO,3
3594,PSEUDO,3
3595,BIOLOGICAL_REGION,0
3596,snoRNA,8
3597,PSEUDO,3
3598,BIOLOGICAL_REGION,0
3599,PSEUDO,3
3600,rRNA,5
3601,BIOLOGICAL_REGION,0
3602,BIOLOGICAL_REGION,0
3603,BIOLOGICAL_REGION,0
3604,BIOLOGICAL_REGION,0
3605,snoRNA,8
3606,ncRNA,4
3607,ncRNA,4
3608,snoRNA,8
3609,BIOLOGICAL_REGION,0
3610,PSEUDO,3
3611,PSEUDO,3
3612,ncRNA,4
3613,PSEUDO,3
3614,BIOLOGICAL_REGION,0
3615,PSEUDO,3
3616,PSEUDO,3
3617,BIOLOGICAL_REGION,0
3618,BIOLOGICAL_REGION,0
3619,PSEUDO,3
3620,rRNA,5
3621,PSEUDO,3
3622,PSEUDO,3
3623,BIOLOGICAL_REGION,0
3624,BIOLOGICAL_REGION,0
3625,PSEUDO,3
3626,BIOLOGICAL_REGION,0
3627,BIOLOGICAL_REGION,0
3628,snRNA,7
3629,rRNA,5
3630,PSEUDO,3
3631,OTHER,1
3632,BIOLOGICAL_REGION,0
3633,BIOLOGICAL_REGION,0
3634,tRNA,9
3635,snoRNA,8
3636,snoRNA,8
3637,BIOLOGICAL_REGION,0
3638,PSEUDO,3
3639,PSEUDO,3
3640,BIOLOGICAL_REGION,0
3641,PSEUDO,3
3642,PSEUDO,3
3643,BIOLOGICAL_REGION,0
3644,PSEUDO,3
3645,PSEUDO,3
3646,snoRNA,8
3647,BIOLOGICAL_REGION,0
3648,PSEUDO,3
3649,PSEUDO,3
3650,PSEUDO,3
3651,PSEUDO,3
3652,PSEUDO,3
3653,PSEUDO,3
3654,PSEUDO,3
3655,PSEUDO,3
3656,tRNA,9
3657,BIOLOGICAL_REGION,0
3658,PSEUDO,3
3659,BIOLOGICAL_REGION,0
3660,PSEUDO,3
3661,ncRNA,4
3662,PSEUDO,3
3663,BIOLOGICAL_REGION,0
3664,PSEUDO,3
3665,ncRNA,4
3666,BIOLOGICAL_REGION,0
3667,rRNA,5
3668,PSEUDO,3
3669,tRNA,9
3670,PSEUDO,3
3671,PSEUDO,3
3672,PSEUDO,3
3673,PSEUDO,3
3674,PSEUDO,3
3675,BIOLOGICAL_REGION,0
3676,PSEUDO,3
3677,PSEUDO,3
3678,tRNA,9
3679,BIOLOGICAL_REGION,0
3680,PSEUDO,3
3681,PSEUDO,3
3682,PSEUDO,3
3683,PSEUDO,3
3684,PSEUDO,3
3685,PSEUDO,3
3686,BIOLOGICAL_REGION,0
3687,ncRNA,4
3688,PSEUDO,3
3689,BIOLOGICAL_REGION,0
3690,PSEUDO,3
3691,PSEUDO,3
3692,BIOLOGICAL_REGION,0
3693,PSEUDO,3
3694,PSEUDO,3
3695,ncRNA,4
3696,PSEUDO,3
3697,BIOLOGICAL_REGION,0
3698,PSEUDO,3
3699,BIOLOGICAL_REGION,0
3700,PSEUDO,3
3701,PSEUDO,3
3702,PSEUDO,3
3703,BIOLOGICAL_REGION,0
3704,snoRNA,8
3705,BIOLOGICAL_REGION,0
3706,PSEUDO,3
3707,PSEUDO,3
3708,PSEUDO,3
3709,PSEUDO,3
3710,PSEUDO,3
3711,BIOLOGICAL_REGION,0
3712,ncRNA,4
3713,OTHER,1
3714,PSEUDO,3
3715,snoRNA,8
3716,PSEUDO,3
3717,BIOLOGICAL_REGION,0
3718,PSEUDO,3
3719,BIOLOGICAL_REGION,0
3720,PSEUDO,3
3721,BIOLOGICAL_REGION,0
3722,PSEUDO,3
3723,ncRNA,4
3724,BIOLOGICAL_REGION,0
3725,PSEUDO,3
3726,BIOLOGICAL_REGION,0
3727,BIOLOGICAL_REGION,0
3728,PSEUDO,3
3729,PSEUDO,3
3730,PSEUDO,3
3731,PSEUDO,3
3732,snoRNA,8
3733,PSEUDO,3
3734,BIOLOGICAL_REGION,0
3735,PSEUDO,3
3736,PROTEIN_CODING,2
3737,snRNA,7
3738,PSEUDO,3
3739,PSEUDO,3
3740,PSEUDO,3
3741,BIOLOGICAL_REGION,0
3742,ncRNA,4
3743,BIOLOGICAL_REGION,0
3744,BIOLOGICAL_REGION,0
3745,OTHER,1
3746,BIOLOGICAL_REGION,0
3747,PSEUDO,3
3748,PSEUDO,3
3749,tRNA,9
3750,BIOLOGICAL_REGION,0
3751,BIOLOGICAL_REGION,0
3752,PSEUDO,3
3753,rRNA,5
3754,BIOLOGICAL_REGION,0
3755,BIOLOGICAL_REGION,0
3756,PSEUDO,3
3757,PSEUDO,3
3758,ncRNA,4
3759,BIOLOGICAL_REGION,0
3760,PSEUDO,3
3761,PSEUDO,3
3762,PSEUDO,3
3763,PROTEIN_CODING,2
3764,PSEUDO,3
3765,PSEUDO,3
3766,BIOLOGICAL_REGION,0
3767,PSEUDO,3
3768,PROTEIN_CODING,2
3769,PSEUDO,3
3770,PSEUDO,3
3771,BIOLOGICAL_REGION,0
3772,BIOLOGICAL_REGION,0
3773,PSEUDO,3
3774,BIOLOGICAL_REGION,0
3775,PSEUDO,3
3776,snoRNA,8
3777,BIOLOGICAL_REGION,0
3778,BIOLOGICAL_REGION,0
3779,PSEUDO,3
3780,BIOLOGICAL_REGION,0
3781,BIOLOGICAL_REGION,0
3782,PSEUDO,3
3783,ncRNA,4
3784,PSEUDO,3
3785,PSEUDO,3
3786,BIOLOGICAL_REGION,0
3787,PSEUDO,3
3788,ncRNA,4
3789,PSEUDO,3
3790,ncRNA,4
3791,BIOLOGICAL_REGION,0
3792,snRNA,7
3793,PSEUDO,3
3794,PSEUDO,3
3795,rRNA,5
3796,rRNA,5
3797,ncRNA,4
3798,PSEUDO,3
3799,snoRNA,8
3800,BIOLOGICAL_REGION,0
3801,BIOLOGICAL_REGION,0
3802,PSEUDO,3
3803,ncRNA,4
3804,PSEUDO,3
3805,PROTEIN_CODING,2
3806,PSEUDO,3
3807,BIOLOGICAL_REGION,0
3808,BIOLOGICAL_REGION,0
3809,PSEUDO,3
3810,PSEUDO,3
3811,PSEUDO,3
3812,BIOLOGICAL_REGION,0
3813,PSEUDO,3
3814,BIOLOGICAL_REGION,0
3815,BIOLOGICAL_REGION,0
3816,ncRNA,4
3817,BIOLOGICAL_REGION,0
3818,PSEUDO,3
3819,PROTEIN_CODING,2
3820,PSEUDO,3
3821,BIOLOGICAL_REGION,0
3822,BIOLOGICAL_REGION,0
3823,PSEUDO,3
3824,PSEUDO,3
3825,PSEUDO,3
3826,ncRNA,4
3827,PSEUDO,3
3828,PSEUDO,3
3829,BIOLOGICAL_REGION,0
3830,BIOLOGICAL_REGION,0
3831,PSEUDO,3
3832,PSEUDO,3
3833,PSEUDO,3
3834,BIOLOGICAL_REGION,0
3835,PSEUDO,3
3836,BIOLOGICAL_REGION,0
3837,PSEUDO,3
3838,PSEUDO,3
3839,BIOLOGICAL_REGION,0
3840,PSEUDO,3
3841,PSEUDO,3
3842,BIOLOGICAL_REGION,0
3843,PSEUDO,3
3844,PSEUDO,3
3845,BIOLOGICAL_REGION,0
3846,BIOLOGICAL_REGION,0
3847,BIOLOGICAL_REGION,0
3848,PSEUDO,3
3849,PSEUDO,3
3850,ncRNA,4
3851,ncRNA,4
3852,PSEUDO,3
3853,PSEUDO,3
3854,BIOLOGICAL_REGION,0
3855,ncRNA,4
3856,snoRNA,8
3857,BIOLOGICAL_REGION,0
3858,tRNA,9
3859,rRNA,5
3860,PSEUDO,3
3861,BIOLOGICAL_REGION,0
3862,BIOLOGICAL_REGION,0
3863,BIOLOGICAL_REGION,0
3864,PSEUDO,3
3865,snRNA,7
3866,snoRNA,8
3867,ncRNA,4
3868,PSEUDO,3
3869,PSEUDO,3
3870,tRNA,9
3871,PSEUDO,3
3872,BIOLOGICAL_REGION,0
3873,PSEUDO,3
3874,PSEUDO,3
3875,tRNA,9
3876,BIOLOGICAL_REGION,0
3877,BIOLOGICAL_REGION,0
3878,PSEUDO,3
3879,tRNA,9
3880,BIOLOGICAL_REGION,0
3881,BIOLOGICAL_REGION,0
3882,PSEUDO,3
3883,PSEUDO,3
3884,ncRNA,4
3885,PSEUDO,3
3886,ncRNA,4
3887,PSEUDO,3
3888,PSEUDO,3
3889,PSEUDO,3
3890,BIOLOGICAL_REGION,0
3891,ncRNA,4
3892,BIOLOGICAL_REGION,0
3893,PROTEIN_CODING,2
3894,PSEUDO,3
3895,BIOLOGICAL_REGION,0
3896,PSEUDO,3
3897,snoRNA,8
3898,rRNA,5
3899,PSEUDO,3
3900,BIOLOGICAL_REGION,0
3901,PSEUDO,3
3902,BIOLOGICAL_REGION,0
3903,PSEUDO,3
3904,PSEUDO,3
3905,ncRNA,4
3906,BIOLOGICAL_REGION,0
3907,BIOLOGICAL_REGION,0
3908,PSEUDO,3
3909,PSEUDO,3
3910,PSEUDO,3
3911,BIOLOGICAL_REGION,0
3912,BIOLOGICAL_REGION,0
3913,PSEUDO,3
3914,snoRNA,8
3915,BIOLOGICAL_REGION,0
3916,BIOLOGICAL_REGION,0
3917,PSEUDO,3
3918,snoRNA,8
3919,BIOLOGICAL_REGION,0
3920,BIOLOGICAL_REGION,0
3921,snoRNA,8
3922,PSEUDO,3
3923,PSEUDO,3
3924,ncRNA,4
3925,BIOLOGICAL_REGION,0
3926,PSEUDO,3
3927,PSEUDO,3
3928,BIOLOGICAL_REGION,0
3929,BIOLOGICAL_REGION,0
3930,BIOLOGICAL_REGION,0
3931,PSEUDO,3
3932,PSEUDO,3
3933,PSEUDO,3
3934,rRNA,5
3935,PSEUDO,3
3936,PSEUDO,3
3937,rRNA,5
3938,PSEUDO,3
3939,tRNA,9
3940,PSEUDO,3
3941,BIOLOGICAL_REGION,0
3942,BIOLOGICAL_REGION,0
3943,PSEUDO,3
3944,PSEUDO,3
3945,BIOLOGICAL_REGION,0
3946,snoRNA,8
3947,PSEUDO,3
3948,BIOLOGICAL_REGION,0
3949,BIOLOGICAL_REGION,0
3950,BIOLOGICAL_REGION,0
3951,PSEUDO,3
3952,PSEUDO,3
3953,snoRNA,8
3954,PSEUDO,3
3955,PSEUDO,3
3956,PSEUDO,3
3957,PSEUDO,3
3958,PSEUDO,3
3959,PSEUDO,3
3960,BIOLOGICAL_REGION,0
3961,snoRNA,8
3962,PSEUDO,3
3963,ncRNA,4
3964,BIOLOGICAL_REGION,0
3965,PSEUDO,3
3966,PSEUDO,3
3967,BIOLOGICAL_REGION,0
3968,ncRNA,4
3969,BIOLOGICAL_REGION,0
3970,BIOLOGICAL_REGION,0
3971,BIOLOGICAL_REGION,0
3972,PSEUDO,3
3973,BIOLOGICAL_REGION,0
3974,snRNA,7
3975,BIOLOGICAL_REGION,0
3976,PSEUDO,3
3977,PSEUDO,3
3978,BIOLOGICAL_REGION,0
3979,snoRNA,8
3980,PSEUDO,3
3981,BIOLOGICAL_REGION,0
3982,ncRNA,4
3983,PSEUDO,3
3984,PROTEIN_CODING,2
3985,PSEUDO,3
3986,BIOLOGICAL_REGION,0
3987,snRNA,7
3988,PSEUDO,3
3989,PSEUDO,3
3990,PSEUDO,3
3991,BIOLOGICAL_REGION,0
3992,BIOLOGICAL_REGION,0
3993,BIOLOGICAL_REGION,0
3994,BIOLOGICAL_REGION,0
3995,PROTEIN_CODING,2
3996,BIOLOGICAL_REGION,0
3997,BIOLOGICAL_REGION,0
3998,PSEUDO,3
3999,BIOLOGICAL_REGION,0
4000,PSEUDO,3
4001,PSEUDO,3
4002,snoRNA,8
4003,BIOLOGICAL_REGION,0
4004,snoRNA,8
4005,snoRNA,8
4006,snoRNA,8
4007,ncRNA,4
4008,PSEUDO,3
4009,snoRNA,8
4010,BIOLOGICAL_REGION,0
4011,BIOLOGICAL_REGION,0
4012,tRNA,9
4013,PSEUDO,3
4014,PSEUDO,3
4015,rRNA,5
4016,PSEUDO,3
4017,ncRNA,4
4018,PSEUDO,3
4019,PSEUDO,3
4020,PSEUDO,3
4021,ncRNA,4
4022,ncRNA,4
4023,BIOLOGICAL_REGION,0
4024,PSEUDO,3
4025,ncRNA,4
4026,PSEUDO,3
4027,PSEUDO,3
4028,BIOLOGICAL_REGION,0
4029,ncRNA,4
4030,OTHER,1
4031,PSEUDO,3
4032,PSEUDO,3
4033,BIOLOGICAL_REGION,0
4034,PSEUDO,3
4035,PSEUDO,3
4036,PSEUDO,3
4037,PSEUDO,3
4038,BIOLOGICAL_REGION,0
4039,PROTEIN_CODING,2
4040,PSEUDO,3
4041,tRNA,9
4042,PSEUDO,3
4043,tRNA,9
4044,PSEUDO,3
4045,PSEUDO,3
4046,PSEUDO,3
4047,PSEUDO,3
4048,BIOLOGICAL_REGION,0
4049,BIOLOGICAL_REGION,0
4050,BIOLOGICAL_REGION,0
4051,PSEUDO,3
4052,PSEUDO,3
4053,snoRNA,8
4054,BIOLOGICAL_REGION,0
4055,BIOLOGICAL_REGION,0
4056,PSEUDO,3
4057,BIOLOGICAL_REGION,0
4058,PSEUDO,3
4059,BIOLOGICAL_REGION,0
4060,snoRNA,8
4061,BIOLOGICAL_REGION,0
4062,BIOLOGICAL_REGION,0
4063,tRNA,9
4064,PSEUDO,3
4065,PSEUDO,3
4066,OTHER,1
4067,snoRNA,8
4068,BIOLOGICAL_REGION,0
4069,ncRNA,4
4070,PSEUDO,3
4071,PSEUDO,3
4072,BIOLOGICAL_REGION,0
4073,PROTEIN_CODING,2
4074,PSEUDO,3
4075,BIOLOGICAL_REGION,0
4076,tRNA,9
4077,rRNA,5
4078,BIOLOGICAL_REGION,0
4079,PSEUDO,3
4080,snoRNA,8
4081,PROTEIN_CODING,2
4082,PROTEIN_CODING,2
4083,PSEUDO,3
4084,snoRNA,8
4085,BIOLOGICAL_REGION,0
4086,PSEUDO,3
4087,PSEUDO,3
4088,BIOLOGICAL_REGION,0
4089,BIOLOGICAL_REGION,0
4090,PSEUDO,3
4091,PSEUDO,3
4092,BIOLOGICAL_REGION,0
4093,PSEUDO,3
4094,BIOLOGICAL_REGION,0
4095,PSEUDO,3
4096,ncRNA,4
4097,PSEUDO,3
4098,BIOLOGICAL_REGION,0
4099,PSEUDO,3
4100,PSEUDO,3
4101,PSEUDO,3
4102,PSEUDO,3
4103,BIOLOGICAL_REGION,0
4104,PSEUDO,3
4105,snoRNA,8
4106,ncRNA,4
4107,ncRNA,4
4108,PSEUDO,3
4109,PSEUDO,3
4110,PSEUDO,3
4111,BIOLOGICAL_REGION,0
4112,PSEUDO,3
4113,BIOLOGICAL_REGION,0
4114,PSEUDO,3
4115,BIOLOGICAL_REGION,0
4116,BIOLOGICAL_REGION,0
4117,PSEUDO,3
4118,snoRNA,8
4119,PSEUDO,3
4120,PSEUDO,3
4121,PSEUDO,3
4122,BIOLOGICAL_REGION,0
4123,BIOLOGICAL_REGION,0
4124,PSEUDO,3
4125,PSEUDO,3
4126,BIOLOGICAL_REGION,0
4127,BIOLOGICAL_REGION,0
4128,snoRNA,8
4129,PSEUDO,3
4130,PSEUDO,3
4131,snoRNA,8
4132,PSEUDO,3
4133,PSEUDO,3
4134,BIOLOGICAL_REGION,0
4135,BIOLOGICAL_REGION,0
4136,ncRNA,4
4137,BIOLOGICAL_REGION,0
4138,PSEUDO,3
4139,PSEUDO,3
4140,PSEUDO,3
4141,PSEUDO,3
4142,PSEUDO,3
4143,PSEUDO,3
4144,BIOLOGICAL_REGION,0
4145,BIOLOGICAL_REGION,0
4146,PSEUDO,3
4147,PSEUDO,3
4148,BIOLOGICAL_REGION,0
4149,BIOLOGICAL_REGION,0
4150,tRNA,9
4151,PSEUDO,3
4152,BIOLOGICAL_REGION,0
4153,BIOLOGICAL_REGION,0
4154,PSEUDO,3
4155,PSEUDO,3
4156,snoRNA,8
4157,snoRNA,8
4158,PSEUDO,3
4159,PSEUDO,3
4160,BIOLOGICAL_REGION,0
4161,BIOLOGICAL_REGION,0
4162,BIOLOGICAL_REGION,0
4163,PROTEIN_CODING,2
4164,BIOLOGICAL_REGION,0
4165,PSEUDO,3
4166,snoRNA,8
4167,BIOLOGICAL_REGION,0
4168,BIOLOGICAL_REGION,0
4169,snRNA,7
4170,ncRNA,4
4171,PSEUDO,3
4172,BIOLOGICAL_REGION,0
4173,BIOLOGICAL_REGION,0
4174,BIOLOGICAL_REGION,0
4175,BIOLOGICAL_REGION,0
4176,PSEUDO,3
4177,snoRNA,8
4178,snRNA,7
4179,BIOLOGICAL_REGION,0
4180,ncRNA,4
4181,tRNA,9
4182,BIOLOGICAL_REGION,0
4183,BIOLOGICAL_REGION,0
4184,BIOLOGICAL_REGION,0
4185,PSEUDO,3
4186,PSEUDO,3
4187,ncRNA,4
4188,PSEUDO,3
4189,BIOLOGICAL_REGION,0
4190,PSEUDO,3
4191,BIOLOGICAL_REGION,0
4192,BIOLOGICAL_REGION,0
4193,PSEUDO,3
4194,ncRNA,4
4195,ncRNA,4
4196,PSEUDO,3
4197,ncRNA,4
4198,PSEUDO,3
4199,PSEUDO,3
4200,BIOLOGICAL_REGION,0
4201,ncRNA,4
4202,BIOLOGICAL_REGION,0
4203,PSEUDO,3
4204,PSEUDO,3
4205,PSEUDO,3
4206,PSEUDO,3
4207,BIOLOGICAL_REGION,0
4208,PSEUDO,3
4209,PSEUDO,3
4210,PROTEIN_CODING,2
4211,tRNA,9
4212,BIOLOGICAL_REGION,0
4213,rRNA,5
4214,ncRNA,4
4215,BIOLOGICAL_REGION,0
4216,BIOLOGICAL_REGION,0
4217,ncRNA,4
4218,BIOLOGICAL_REGION,0
4219,PSEUDO,3
4220,BIOLOGICAL_REGION,0
4221,PSEUDO,3
4222,PSEUDO,3
4223,PSEUDO,3
4224,BIOLOGICAL_REGION,0
4225,rRNA,5
4226,PSEUDO,3
4227,PSEUDO,3
4228,PSEUDO,3
4229,BIOLOGICAL_REGION,0
4230,BIOLOGICAL_REGION,0
4231,PSEUDO,3
4232,OTHER,1
4233,PSEUDO,3
4234,ncRNA,4
4235,BIOLOGICAL_REGION,0
4236,PSEUDO,3
4237,PSEUDO,3
4238,PSEUDO,3
4239,PSEUDO,3
4240,PSEUDO,3
4241,PSEUDO,3
4242,BIOLOGICAL_REGION,0
4243,PSEUDO,3
4244,PSEUDO,3
4245,ncRNA,4
4246,ncRNA,4
4247,rRNA,5
4248,BIOLOGICAL_REGION,0
4249,BIOLOGICAL_REGION,0
4250,PSEUDO,3
4251,PROTEIN_CODING,2
4252,BIOLOGICAL_REGION,0
4253,PSEUDO,3
4254,PSEUDO,3
4255,PSEUDO,3
4256,BIOLOGICAL_REGION,0
4257,snoRNA,8
4258,snoRNA,8
4259,BIOLOGICAL_REGION,0
4260,PSEUDO,3
4261,PSEUDO,3
4262,PSEUDO,3
4263,snoRNA,8
4264,BIOLOGICAL_REGION,0
4265,BIOLOGICAL_REGION,0
4266,BIOLOGICAL_REGION,0
4267,PSEUDO,3
4268,BIOLOGICAL_REGION,0
4269,PSEUDO,3
4270,PSEUDO,3
4271,BIOLOGICAL_REGION,0
4272,PSEUDO,3
4273,PSEUDO,3
4274,PSEUDO,3
4275,ncRNA,4
4276,BIOLOGICAL_REGION,0
4277,PSEUDO,3
4278,snRNA,7
4279,PROTEIN_CODING,2
4280,snoRNA,8
4281,ncRNA,4
4282,PSEUDO,3
4283,PROTEIN_CODING,2
4284,ncRNA,4
4285,BIOLOGICAL_REGION,0
4286,BIOLOGICAL_REGION,0
4287,ncRNA,4
4288,ncRNA,4
4289,BIOLOGICAL_REGION,0
4290,PSEUDO,3
4291,PSEUDO,3
4292,PSEUDO,3
4293,ncRNA,4
4294,snoRNA,8
4295,snoRNA,8
4296,BIOLOGICAL_REGION,0
4297,PSEUDO,3
4298,PSEUDO,3
4299,BIOLOGICAL_REGION,0
4300,BIOLOGICAL_REGION,0
4301,BIOLOGICAL_REGION,0
4302,BIOLOGICAL_REGION,0
4303,PSEUDO,3
4304,BIOLOGICAL_REGION,0
4305,BIOLOGICAL_REGION,0
4306,BIOLOGICAL_REGION,0
4307,BIOLOGICAL_REGION,0
4308,snoRNA,8
4309,BIOLOGICAL_REGION,0
4310,PSEUDO,3
4311,BIOLOGICAL_REGION,0
4312,ncRNA,4
4313,tRNA,9
4314,PSEUDO,3
4315,snoRNA,8
4316,PSEUDO,3
4317,PSEUDO,3
4318,ncRNA,4
4319,PSEUDO,3
4320,PSEUDO,3
4321,BIOLOGICAL_REGION,0
4322,BIOLOGICAL_REGION,0
4323,ncRNA,4
4324,PSEUDO,3
4325,PSEUDO,3
4326,snoRNA,8
4327,BIOLOGICAL_REGION,0
4328,BIOLOGICAL_REGION,0
4329,PSEUDO,3
4330,OTHER,1
4331,PSEUDO,3
4332,ncRNA,4
4333,PROTEIN_CODING,2
4334,PSEUDO,3
4335,PSEUDO,3
4336,BIOLOGICAL_REGION,0
4337,BIOLOGICAL_REGION,0
4338,BIOLOGICAL_REGION,0
4339,PROTEIN_CODING,2
4340,BIOLOGICAL_REGION,0
4341,ncRNA,4
4342,snoRNA,8
4343,PSEUDO,3
4344,PROTEIN_CODING,2
4345,PSEUDO,3
4346,snoRNA,8
4347,BIOLOGICAL_REGION,0
4348,PSEUDO,3
4349,BIOLOGICAL_REGION,0
4350,tRNA,9
4351,ncRNA,4
4352,BIOLOGICAL_REGION,0
4353,PSEUDO,3
4354,BIOLOGICAL_REGION,0
4355,ncRNA,4
4356,PSEUDO,3
4357,ncRNA,4
4358,PSEUDO,3
4359,PSEUDO,3
4360,BIOLOGICAL_REGION,0
4361,PSEUDO,3
4362,PSEUDO,3
4363,BIOLOGICAL_REGION,0
4364,BIOLOGICAL_REGION,0
4365,BIOLOGICAL_REGION,0
4366,BIOLOGICAL_REGION,0
4367,ncRNA,4
4368,PSEUDO,3
4369,PSEUDO,3
4370,PROTEIN_CODING,2
4371,rRNA,5
4372,PSEUDO,3
4373,BIOLOGICAL_REGION,0
4374,BIOLOGICAL_REGION,0
4375,PSEUDO,3
4376,PSEUDO,3
4377,BIOLOGICAL_REGION,0
4378,ncRNA,4
4379,BIOLOGICAL_REGION,0
4380,PSEUDO,3
4381,snoRNA,8
4382,PSEUDO,3
4383,BIOLOGICAL_REGION,0
4384,PSEUDO,3
4385,PSEUDO,3
4386,BIOLOGICAL_REGION,0
4387,ncRNA,4
4388,PSEUDO,3
4389,PSEUDO,3
4390,PSEUDO,3
4391,BIOLOGICAL_REGION,0
4392,PROTEIN_CODING,2
4393,snoRNA,8
4394,ncRNA,4
4395,PROTEIN_CODING,2
4396,PSEUDO,3
4397,ncRNA,4
4398,PSEUDO,3
4399,PSEUDO,3
4400,BIOLOGICAL_REGION,0
4401,BIOLOGICAL_REGION,0
4402,BIOLOGICAL_REGION,0
4403,PSEUDO,3
4404,PSEUDO,3
4405,BIOLOGICAL_REGION,0
4406,tRNA,9
4407,ncRNA,4
4408,PSEUDO,3
4409,PSEUDO,3
4410,ncRNA,4
4411,BIOLOGICAL_REGION,0
4412,BIOLOGICAL_REGION,0
4413,BIOLOGICAL_REGION,0
4414,PSEUDO,3
4415,BIOLOGICAL_REGION,0
4416,BIOLOGICAL_REGION,0
4417,PSEUDO,3
4418,PSEUDO,3
4419,PSEUDO,3
4420,PSEUDO,3
4421,PSEUDO,3
4422,PSEUDO,3
4423,PSEUDO,3
4424,BIOLOGICAL_REGION,0
4425,tRNA,9
4426,OTHER,1
4427,ncRNA,4
4428,BIOLOGICAL_REGION,0
4429,BIOLOGICAL_REGION,0
4430,BIOLOGICAL_REGION,0
4431,BIOLOGICAL_REGION,0
4432,PSEUDO,3
4433,BIOLOGICAL_REGION,0
4434,snoRNA,8
4435,BIOLOGICAL_REGION,0
4436,PSEUDO,3
4437,snoRNA,8
4438,PSEUDO,3
4439,BIOLOGICAL_REGION,0
4440,BIOLOGICAL_REGION,0
4441,BIOLOGICAL_REGION,0
4442,PSEUDO,3
4443,PSEUDO,3
4444,BIOLOGICAL_REGION,0
4445,BIOLOGICAL_REGION,0
4446,snoRNA,8
4447,PSEUDO,3
4448,BIOLOGICAL_REGION,0
4449,snoRNA,8
4450,PSEUDO,3
4451,PSEUDO,3
4452,PSEUDO,3
4453,rRNA,5
4454,PSEUDO,3
4455,BIOLOGICAL_REGION,0
4456,PSEUDO,3
4457,BIOLOGICAL_REGION,0
4458,PSEUDO,3
4459,PSEUDO,3
4460,PSEUDO,3
4461,PSEUDO,3
4462,PSEUDO,3
4463,PSEUDO,3
4464,ncRNA,4
4465,ncRNA,4
4466,snoRNA,8
4467,PSEUDO,3
4468,BIOLOGICAL_REGION,0
4469,BIOLOGICAL_REGION,0
4470,PSEUDO,3
4471,PSEUDO,3
4472,PSEUDO,3
4473,PSEUDO,3
4474,BIOLOGICAL_REGION,0
4475,PROTEIN_CODING,2
4476,PSEUDO,3
4477,PSEUDO,3
4478,PSEUDO,3
4479,rRNA,5
4480,PSEUDO,3
4481,PSEUDO,3
4482,OTHER,1
4483,ncRNA,4
4484,PSEUDO,3
4485,PSEUDO,3
4486,PSEUDO,3
4487,BIOLOGICAL_REGION,0
4488,ncRNA,4
4489,BIOLOGICAL_REGION,0
4490,OTHER,1
4491,PSEUDO,3
4492,BIOLOGICAL_REGION,0
4493,PSEUDO,3
4494,BIOLOGICAL_REGION,0
4495,PSEUDO,3
4496,PSEUDO,3
4497,BIOLOGICAL_REGION,0
4498,tRNA,9
4499,BIOLOGICAL_REGION,0
4500,PSEUDO,3
4501,PSEUDO,3
4502,ncRNA,4
4503,ncRNA,4
4504,BIOLOGICAL_REGION,0
4505,PSEUDO,3
4506,PSEUDO,3
4507,BIOLOGICAL_REGION,0
4508,PSEUDO,3
4509,PSEUDO,3
4510,PSEUDO,3
4511,BIOLOGICAL_REGION,0
4512,ncRNA,4
4513,tRNA,9
4514,PSEUDO,3
4515,BIOLOGICAL_REGION,0
4516,BIOLOGICAL_REGION,0
4517,BIOLOGICAL_REGION,0
4518,PSEUDO,3
4519,PSEUDO,3
4520,PSEUDO,3
4521,BIOLOGICAL_REGION,0
4522,ncRNA,4
4523,PSEUDO,3
4524,PSEUDO,3
4525,BIOLOGICAL_REGION,0
4526,BIOLOGICAL_REGION,0
4527,BIOLOGICAL_REGION,0
4528,PSEUDO,3
4529,PSEUDO,3
4530,BIOLOGICAL_REGION,0
4531,PSEUDO,3
4532,PSEUDO,3
4533,BIOLOGICAL_REGION,0
4534,PSEUDO,3
4535,ncRNA,4
4536,BIOLOGICAL_REGION,0
4537,BIOLOGICAL_REGION,0
4538,snoRNA,8
4539,snoRNA,8
4540,tRNA,9
4541,PSEUDO,3
4542,snoRNA,8
4543,PSEUDO,3
4544,rRNA,5
4545,BIOLOGICAL_REGION,0
4546,PROTEIN_CODING,2
4547,ncRNA,4
4548,BIOLOGICAL_REGION,0
4549,PSEUDO,3
4550,snoRNA,8
4551,BIOLOGICAL_REGION,0
4552,PSEUDO,3
4553,PSEUDO,3
4554,PSEUDO,3
4555,PSEUDO,3
4556,PSEUDO,3
4557,snoRNA,8
4558,ncRNA,4
4559,BIOLOGICAL_REGION,0
4560,PSEUDO,3
4561,BIOLOGICAL_REGION,0
4562,BIOLOGICAL_REGION,0
4563,PSEUDO,3
4564,PSEUDO,3
4565,PSEUDO,3
4566,BIOLOGICAL_REGION,0
4567,PSEUDO,3
4568,BIOLOGICAL_REGION,0
4569,BIOLOGICAL_REGION,0
4570,PSEUDO,3
4571,snoRNA,8
4572,PSEUDO,3
4573,PSEUDO,3
4574,BIOLOGICAL_REGION,0
4575,PSEUDO,3
4576,BIOLOGICAL_REGION,0
4577,PSEUDO,3
4578,PSEUDO,3
4579,PSEUDO,3
4580,PSEUDO,3
4581,BIOLOGICAL_REGION,0
4582,ncRNA,4
4583,ncRNA,4
4584,BIOLOGICAL_REGION,0
4585,ncRNA,4
4586,PSEUDO,3
4587,PSEUDO,3
4588,BIOLOGICAL_REGION,0
4589,BIOLOGICAL_REGION,0
4590,BIOLOGICAL_REGION,0
4591,BIOLOGICAL_REGION,0
4592,rRNA,5
4593,PSEUDO,3
4594,ncRNA,4
4595,BIOLOGICAL_REGION,0
4596,BIOLOGICAL_REGION,0
4597,PSEUDO,3
4598,BIOLOGICAL_REGION,0
4599,PSEUDO,3
4600,PSEUDO,3
4601,PSEUDO,3
4602,BIOLOGICAL_REGION,0
4603,PSEUDO,3
4604,PSEUDO,3
4605,PSEUDO,3
4606,BIOLOGICAL_REGION,0
4607,snoRNA,8
4608,ncRNA,4
4609,PSEUDO,3
4610,PSEUDO,3
4611,ncRNA,4
4612,ncRNA,4
4613,BIOLOGICAL_REGION,0
4614,BIOLOGICAL_REGION,0
4615,PSEUDO,3
4616,BIOLOGICAL_REGION,0
4617,BIOLOGICAL_REGION,0
4618,PSEUDO,3
4619,PROTEIN_CODING,2
4620,tRNA,9
4621,PSEUDO,3
4622,PSEUDO,3
4623,ncRNA,4
4624,BIOLOGICAL_REGION,0
4625,PSEUDO,3
4626,PSEUDO,3
4627,PSEUDO,3
4628,PSEUDO,3
4629,BIOLOGICAL_REGION,0
4630,ncRNA,4
4631,PSEUDO,3
4632,PSEUDO,3
4633,ncRNA,4
4634,BIOLOGICAL_REGION,0
4635,PSEUDO,3
4636,BIOLOGICAL_REGION,0
4637,PSEUDO,3
4638,snoRNA,8
4639,tRNA,9
4640,BIOLOGICAL_REGION,0
4641,rRNA,5
4642,BIOLOGICAL_REGION,0
4643,BIOLOGICAL_REGION,0
4644,BIOLOGICAL_REGION,0
4645,BIOLOGICAL_REGION,0
4646,ncRNA,4
4647,tRNA,9
4648,BIOLOGICAL_REGION,0
4649,BIOLOGICAL_REGION,0
4650,PSEUDO,3
4651,OTHER,1
4652,PSEUDO,3
4653,BIOLOGICAL_REGION,0
4654,BIOLOGICAL_REGION,0
4655,ncRNA,4
4656,PSEUDO,3
4657,PROTEIN_CODING,2
4658,ncRNA,4
4659,ncRNA,4
4660,BIOLOGICAL_REGION,0
4661,PSEUDO,3
4662,ncRNA,4
4663,ncRNA,4
4664,tRNA,9
4665,PSEUDO,3
4666,PSEUDO,3
4667,PSEUDO,3
4668,BIOLOGICAL_REGION,0
4669,PSEUDO,3
4670,PSEUDO,3
4671,BIOLOGICAL_REGION,0
4672,BIOLOGICAL_REGION,0
4673,BIOLOGICAL_REGION,0
4674,ncRNA,4
4675,snoRNA,8
4676,BIOLOGICAL_REGION,0
4677,ncRNA,4
4678,BIOLOGICAL_REGION,0
4679,snoRNA,8
4680,BIOLOGICAL_REGION,0
4681,PSEUDO,3
4682,PSEUDO,3
4683,PSEUDO,3
4684,BIOLOGICAL_REGION,0
4685,PSEUDO,3
4686,PSEUDO,3
4687,BIOLOGICAL_REGION,0
4688,PSEUDO,3
4689,PSEUDO,3
4690,BIOLOGICAL_REGION,0
4691,PSEUDO,3
4692,BIOLOGICAL_REGION,0
4693,BIOLOGICAL_REGION,0
4694,tRNA,9
4695,PSEUDO,3
4696,PSEUDO,3
4697,PSEUDO,3
4698,PSEUDO,3
4699,ncRNA,4
4700,PSEUDO,3
4701,ncRNA,4
4702,PSEUDO,3
4703,OTHER,1
4704,PSEUDO,3
4705,PSEUDO,3
4706,ncRNA,4
4707,PSEUDO,3
4708,ncRNA,4
4709,BIOLOGICAL_REGION,0
4710,BIOLOGICAL_REGION,0
4711,PSEUDO,3
4712,rRNA,5
4713,tRNA,9
4714,BIOLOGICAL_REGION,0
4715,ncRNA,4
4716,PSEUDO,3
4717,ncRNA,4
4718,ncRNA,4
4719,snRNA,7
4720,PSEUDO,3
4721,PSEUDO,3
4722,BIOLOGICAL_REGION,0
4723,PSEUDO,3
4724,ncRNA,4
4725,BIOLOGICAL_REGION,0
4726,PSEUDO,3
4727,BIOLOGICAL_REGION,0
4728,ncRNA,4
4729,PSEUDO,3
4730,PSEUDO,3
4731,BIOLOGICAL_REGION,0
4732,PSEUDO,3
4733,BIOLOGICAL_REGION,0
4734,tRNA,9
4735,PSEUDO,3
4736,ncRNA,4
4737,BIOLOGICAL_REGION,0
4738,PSEUDO,3
4739,PSEUDO,3
4740,PSEUDO,3
4741,BIOLOGICAL_REGION,0
4742,PSEUDO,3
4743,BIOLOGICAL_REGION,0
4744,BIOLOGICAL_REGION,0
4745,PSEUDO,3
4746,snoRNA,8
4747,PSEUDO,3
4748,BIOLOGICAL_REGION,0
4749,BIOLOGICAL_REGION,0
4750,PSEUDO,3
4751,BIOLOGICAL_REGION,0
4752,PSEUDO,3
4753,BIOLOGICAL_REGION,0
4754,ncRNA,4
4755,PSEUDO,3
4756,PSEUDO,3
4757,PSEUDO,3
4758,BIOLOGICAL_REGION,0
4759,PSEUDO,3
4760,BIOLOGICAL_REGION,0
4761,BIOLOGICAL_REGION,0
4762,snoRNA,8
4763,PSEUDO,3
4764,BIOLOGICAL_REGION,0
4765,PSEUDO,3
4766,snoRNA,8
4767,PSEUDO,3
4768,tRNA,9
4769,PSEUDO,3
4770,tRNA,9
4771,PSEUDO,3
4772,PROTEIN_CODING,2
4773,PSEUDO,3
4774,PSEUDO,3
4775,ncRNA,4
4776,BIOLOGICAL_REGION,0
4777,PSEUDO,3
4778,PSEUDO,3
4779,BIOLOGICAL_REGION,0
4780,PSEUDO,3
4781,BIOLOGICAL_REGION,0
4782,PSEUDO,3
4783,PSEUDO,3
4784,PROTEIN_CODING,2
4785,ncRNA,4
4786,tRNA,9
4787,BIOLOGICAL_REGION,0
4788,PSEUDO,3
4789,PSEUDO,3
4790,snoRNA,8
4791,PSEUDO,3
4792,PSEUDO,3
4793,ncRNA,4
4794,ncRNA,4
4795,PSEUDO,3
4796,PSEUDO,3
4797,PSEUDO,3
4798,PSEUDO,3
4799,PSEUDO,3
4800,OTHER,1
4801,BIOLOGICAL_REGION,0
4802,BIOLOGICAL_REGION,0
4803,PSEUDO,3
4804,BIOLOGICAL_REGION,0
4805,BIOLOGICAL_REGION,0
4806,BIOLOGICAL_REGION,0
4807,ncRNA,4
4808,PSEUDO,3
4809,BIOLOGICAL_REGION,0
4810,PROTEIN_CODING,2
4811,PSEUDO,3
4812,BIOLOGICAL_REGION,0
4813,PSEUDO,3
4814,ncRNA,4
4815,BIOLOGICAL_REGION,0
4816,PSEUDO,3
4817,BIOLOGICAL_REGION,0
4818,PSEUDO,3
4819,PSEUDO,3
4820,ncRNA,4
4821,PSEUDO,3
4822,BIOLOGICAL_REGION,0
4823,BIOLOGICAL_REGION,0
4824,ncRNA,4
4825,ncRNA,4
4826,PSEUDO,3
4827,OTHER,1
4828,PSEUDO,3
4829,rRNA,5
4830,BIOLOGICAL_REGION,0
4831,PSEUDO,3
4832,BIOLOGICAL_REGION,0
4833,BIOLOGICAL_REGION,0
4834,PSEUDO,3
4835,OTHER,1
4836,PSEUDO,3
4837,snoRNA,8
4838,PSEUDO,3
4839,PSEUDO,3
4840,PSEUDO,3
4841,snoRNA,8
4842,BIOLOGICAL_REGION,0
4843,PSEUDO,3
4844,BIOLOGICAL_REGION,0
4845,BIOLOGICAL_REGION,0
4846,PSEUDO,3
4847,PSEUDO,3
4848,PSEUDO,3
4849,PSEUDO,3
4850,BIOLOGICAL_REGION,0
4851,ncRNA,4
4852,ncRNA,4
4853,PSEUDO,3
4854,PSEUDO,3
4855,BIOLOGICAL_REGION,0
4856,BIOLOGICAL_REGION,0
4857,tRNA,9
4858,PSEUDO,3
4859,PSEUDO,3
4860,BIOLOGICAL_REGION,0
4861,PSEUDO,3
4862,BIOLOGICAL_REGION,0
4863,PSEUDO,3
4864,PROTEIN_CODING,2
4865,PSEUDO,3
4866,PSEUDO,3
4867,ncRNA,4
4868,BIOLOGICAL_REGION,0
4869,PSEUDO,3
4870,PSEUDO,3
4871,snoRNA,8
4872,PSEUDO,3
4873,BIOLOGICAL_REGION,0
4874,PSEUDO,3
4875,PSEUDO,3
4876,BIOLOGICAL_REGION,0
4877,PSEUDO,3
4878,PSEUDO,3
4879,BIOLOGICAL_REGION,0
4880,BIOLOGICAL_REGION,0
4881,PSEUDO,3
4882,PROTEIN_CODING,2
4883,BIOLOGICAL_REGION,0
4884,BIOLOGICAL_REGION,0
4885,tRNA,9
4886,ncRNA,4
4887,PSEUDO,3
4888,BIOLOGICAL_REGION,0
4889,PSEUDO,3
4890,BIOLOGICAL_REGION,0
4891,BIOLOGICAL_REGION,0
4892,ncRNA,4
4893,ncRNA,4
4894,PSEUDO,3
4895,tRNA,9
4896,snoRNA,8
4897,PSEUDO,3
4898,PSEUDO,3
4899,snoRNA,8
4900,PSEUDO,3
4901,PSEUDO,3
4902,PSEUDO,3
4903,PSEUDO,3
4904,BIOLOGICAL_REGION,0
4905,tRNA,9
4906,BIOLOGICAL_REGION,0
4907,PSEUDO,3
4908,PSEUDO,3
4909,BIOLOGICAL_REGION,0
4910,BIOLOGICAL_REGION,0
4911,BIOLOGICAL_REGION,0
4912,PSEUDO,3
4913,BIOLOGICAL_REGION,0
4914,BIOLOGICAL_REGION,0
4915,rRNA,5
4916,BIOLOGICAL_REGION,0
4917,PSEUDO,3
4918,ncRNA,4
4919,PSEUDO,3
4920,PSEUDO,3
4921,BIOLOGICAL_REGION,0
4922,BIOLOGICAL_REGION,0
4923,BIOLOGICAL_REGION,0
4924,PSEUDO,3
4925,tRNA,9
4926,ncRNA,4
4927,PSEUDO,3
4928,BIOLOGICAL_REGION,0
4929,PSEUDO,3
4930,PSEUDO,3
4931,PSEUDO,3
4932,PSEUDO,3
4933,ncRNA,4
4934,PSEUDO,3
4935,PSEUDO,3
4936,BIOLOGICAL_REGION,0
4937,PSEUDO,3
4938,PSEUDO,3
4939,BIOLOGICAL_REGION,0
4940,BIOLOGICAL_REGION,0
4941,BIOLOGICAL_REGION,0
4942,ncRNA,4
4943,PSEUDO,3
4944,BIOLOGICAL_REGION,0
4945,PSEUDO,3
4946,BIOLOGICAL_REGION,0
4947,ncRNA,4
4948,PSEUDO,3
4949,ncRNA,4
4950,PSEUDO,3
4951,PSEUDO,3
4952,BIOLOGICAL_REGION,0
4953,BIOLOGICAL_REGION,0
4954,ncRNA,4
4955,ncRNA,4
4956,snoRNA,8
4957,PROTEIN_CODING,2
4958,PSEUDO,3
4959,BIOLOGICAL_REGION,0
4960,BIOLOGICAL_REGION,0
4961,rRNA,5
4962,BIOLOGICAL_REGION,0
4963,BIOLOGICAL_REGION,0
4964,PROTEIN_CODING,2
4965,PSEUDO,3
4966,PROTEIN_CODING,2
4967,ncRNA,4
4968,PSEUDO,3
4969,PSEUDO,3
4970,PSEUDO,3
4971,snoRNA,8
4972,PSEUDO,3
4973,ncRNA,4
4974,PSEUDO,3
4975,PSEUDO,3
4976,PSEUDO,3
4977,BIOLOGICAL_REGION,0
4978,PSEUDO,3
4979,PSEUDO,3
4980,BIOLOGICAL_REGION,0
4981,PSEUDO,3
4982,PSEUDO,3
4983,tRNA,9
4984,OTHER,1
4985,BIOLOGICAL_REGION,0
4986,BIOLOGICAL_REGION,0
4987,BIOLOGICAL_REGION,0
4988,BIOLOGICAL_REGION,0
4989,PSEUDO,3
4990,BIOLOGICAL_REGION,0
4991,PSEUDO,3
4992,BIOLOGICAL_REGION,0
4993,BIOLOGICAL_REGION,0
4994,BIOLOGICAL_REGION,0
4995,BIOLOGICAL_REGION,0
4996,PSEUDO,3
4997,BIOLOGICAL_REGION,0
4998,ncRNA,4
4999,BIOLOGICAL_REGION,0
5000,PSEUDO,3
5001,PSEUDO,3
5002,PROTEIN_CODING,2
5003,PSEUDO,3
5004,PSEUDO,3
5005,tRNA,9
5006,PSEUDO,3
5007,PSEUDO,3
5008,PSEUDO,3
5009,BIOLOGICAL_REGION,0
5010,BIOLOGICAL_REGION,0
5011,PSEUDO,3
5012,ncRNA,4
5013,PSEUDO,3
5014,PSEUDO,3
5015,PSEUDO,3
5016,PSEUDO,3
5017,BIOLOGICAL_REGION,0
5018,BIOLOGICAL_REGION,0
5019,PSEUDO,3
5020,PSEUDO,3
5021,PSEUDO,3
5022,PSEUDO,3
5023,BIOLOGICAL_REGION,0
5024,PSEUDO,3
5025,PSEUDO,3
5026,BIOLOGICAL_REGION,0
5027,PROTEIN_CODING,2
5028,PSEUDO,3
5029,BIOLOGICAL_REGION,0
5030,PSEUDO,3
5031,ncRNA,4
5032,ncRNA,4
5033,BIOLOGICAL_REGION,0
5034,BIOLOGICAL_REGION,0
5035,PSEUDO,3
5036,PSEUDO,3
5037,BIOLOGICAL_REGION,0
5038,PSEUDO,3
5039,PSEUDO,3
5040,ncRNA,4
5041,PSEUDO,3
5042,PSEUDO,3
5043,PSEUDO,3
5044,PSEUDO,3
5045,BIOLOGICAL_REGION,0
5046,OTHER,1
5047,PSEUDO,3
5048,ncRNA,4
5049,PSEUDO,3
5050,PSEUDO,3
5051,PSEUDO,3
5052,BIOLOGICAL_REGION,0
5053,BIOLOGICAL_REGION,0
5054,BIOLOGICAL_REGION,0
5055,PSEUDO,3
5056,BIOLOGICAL_REGION,0
5057,PSEUDO,3
5058,BIOLOGICAL_REGION,0
5059,PSEUDO,3
5060,ncRNA,4
5061,BIOLOGICAL_REGION,0
5062,PSEUDO,3
5063,ncRNA,4
5064,BIOLOGICAL_REGION,0
5065,BIOLOGICAL_REGION,0
5066,BIOLOGICAL_REGION,0
5067,OTHER,1
5068,ncRNA,4
5069,PSEUDO,3
5070,PSEUDO,3
5071,PSEUDO,3
5072,BIOLOGICAL_REGION,0
5073,PSEUDO,3
5074,PSEUDO,3
5075,BIOLOGICAL_REGION,0
5076,BIOLOGICAL_REGION,0
5077,PSEUDO,3
5078,BIOLOGICAL_REGION,0
5079,tRNA,9
5080,PSEUDO,3
5081,BIOLOGICAL_REGION,0
5082,BIOLOGICAL_REGION,0
5083,PSEUDO,3
5084,PSEUDO,3
5085,BIOLOGICAL_REGION,0
5086,BIOLOGICAL_REGION,0
5087,PSEUDO,3
5088,PSEUDO,3
5089,PSEUDO,3
5090,PSEUDO,3
5091,BIOLOGICAL_REGION,0
5092,ncRNA,4
5093,snoRNA,8
5094,snoRNA,8
5095,PSEUDO,3
5096,PSEUDO,3
5097,PSEUDO,3
5098,snoRNA,8
5099,snoRNA,8
5100,ncRNA,4
5101,PSEUDO,3
5102,BIOLOGICAL_REGION,0
5103,ncRNA,4
5104,PSEUDO,3
5105,BIOLOGICAL_REGION,0
5106,BIOLOGICAL_REGION,0
5107,PSEUDO,3
5108,PSEUDO,3
5109,BIOLOGICAL_REGION,0
5110,PSEUDO,3
5111,BIOLOGICAL_REGION,0
5112,BIOLOGICAL_REGION,0
5113,PSEUDO,3
5114,ncRNA,4
5115,PSEUDO,3
5116,BIOLOGICAL_REGION,0
5117,BIOLOGICAL_REGION,0
5118,BIOLOGICAL_REGION,0
5119,ncRNA,4
5120,BIOLOGICAL_REGION,0
5121,PSEUDO,3
5122,PSEUDO,3
5123,PSEUDO,3
5124,BIOLOGICAL_REGION,0
5125,PSEUDO,3
5126,PSEUDO,3
5127,PSEUDO,3
5128,PSEUDO,3
5129,ncRNA,4
5130,BIOLOGICAL_REGION,0
5131,BIOLOGICAL_REGION,0
5132,PROTEIN_CODING,2
5133,PSEUDO,3
5134,PSEUDO,3
5135,PSEUDO,3
5136,ncRNA,4
5137,BIOLOGICAL_REGION,0
5138,PSEUDO,3
5139,PSEUDO,3
5140,PSEUDO,3
5141,PSEUDO,3
5142,BIOLOGICAL_REGION,0
5143,snoRNA,8
5144,BIOLOGICAL_REGION,0
5145,BIOLOGICAL_REGION,0
5146,BIOLOGICAL_REGION,0
5147,snoRNA,8
5148,BIOLOGICAL_REGION,0
5149,ncRNA,4
5150,BIOLOGICAL_REGION,0
5151,PSEUDO,3
5152,PSEUDO,3
5153,PSEUDO,3
5154,PSEUDO,3
5155,PSEUDO,3
5156,PROTEIN_CODING,2
5157,PSEUDO,3
5158,PSEUDO,3
5159,PSEUDO,3
5160,snoRNA,8
5161,PSEUDO,3
5162,PSEUDO,3
5163,BIOLOGICAL_REGION,0
5164,PSEUDO,3
5165,PSEUDO,3
5166,BIOLOGICAL_REGION,0
5167,PSEUDO,3
5168,BIOLOGICAL_REGION,0
5169,PSEUDO,3
5170,PSEUDO,3
5171,PSEUDO,3
5172,PSEUDO,3
5173,BIOLOGICAL_REGION,0
5174,BIOLOGICAL_REGION,0
5175,PSEUDO,3
5176,PSEUDO,3
5177,PSEUDO,3
5178,PSEUDO,3
5179,BIOLOGICAL_REGION,0
5180,BIOLOGICAL_REGION,0
5181,BIOLOGICAL_REGION,0
5182,BIOLOGICAL_REGION,0
5183,BIOLOGICAL_REGION,0
5184,PSEUDO,3
5185,ncRNA,4
5186,BIOLOGICAL_REGION,0
5187,PSEUDO,3
5188,ncRNA,4
5189,snoRNA,8
5190,ncRNA,4
5191,BIOLOGICAL_REGION,0
5192,PSEUDO,3
5193,BIOLOGICAL_REGION,0
5194,snoRNA,8
5195,PSEUDO,3
5196,PSEUDO,3
5197,BIOLOGICAL_REGION,0
5198,PSEUDO,3
5199,PSEUDO,3
5200,rRNA,5
5201,PSEUDO,3
5202,ncRNA,4
5203,PSEUDO,3
5204,PSEUDO,3
5205,PSEUDO,3
5206,PSEUDO,3
5207,BIOLOGICAL_REGION,0
5208,BIOLOGICAL_REGION,0
5209,PSEUDO,3
5210,snoRNA,8
5211,PSEUDO,3
5212,ncRNA,4
5213,PSEUDO,3
5214,BIOLOGICAL_REGION,0
5215,PSEUDO,3
5216,BIOLOGICAL_REGION,0
5217,PSEUDO,3
5218,BIOLOGICAL_REGION,0
5219,PSEUDO,3
5220,PROTEIN_CODING,2
5221,PSEUDO,3
5222,PSEUDO,3
5223,PSEUDO,3
5224,BIOLOGICAL_REGION,0
5225,tRNA,9
5226,BIOLOGICAL_REGION,0
5227,PSEUDO,3
5228,PSEUDO,3
5229,PSEUDO,3
5230,ncRNA,4
5231,PSEUDO,3
5232,BIOLOGICAL_REGION,0
5233,PSEUDO,3
5234,PSEUDO,3
5235,PSEUDO,3
5236,BIOLOGICAL_REGION,0
5237,ncRNA,4
5238,ncRNA,4
5239,PSEUDO,3
5240,PSEUDO,3
5241,tRNA,9
5242,snoRNA,8
5243,BIOLOGICAL_REGION,0
5244,PSEUDO,3
5245,BIOLOGICAL_REGION,0
5246,BIOLOGICAL_REGION,0
5247,ncRNA,4
5248,PSEUDO,3
5249,PSEUDO,3
5250,PSEUDO,3
5251,BIOLOGICAL_REGION,0
5252,BIOLOGICAL_REGION,0
5253,BIOLOGICAL_REGION,0
5254,snoRNA,8
5255,PSEUDO,3
5256,OTHER,1
5257,BIOLOGICAL_REGION,0
5258,PSEUDO,3
5259,PSEUDO,3
5260,OTHER,1
5261,PSEUDO,3
5262,PSEUDO,3
5263,PSEUDO,3
5264,PSEUDO,3
5265,BIOLOGICAL_REGION,0
5266,ncRNA,4
5267,PSEUDO,3
5268,BIOLOGICAL_REGION,0
5269,BIOLOGICAL_REGION,0
5270,PSEUDO,3
5271,PSEUDO,3
5272,BIOLOGICAL_REGION,0
5273,ncRNA,4
5274,PSEUDO,3
5275,ncRNA,4
5276,PSEUDO,3
5277,PSEUDO,3
5278,PSEUDO,3
5279,snoRNA,8
5280,PSEUDO,3
5281,ncRNA,4
5282,BIOLOGICAL_REGION,0
5283,PSEUDO,3
5284,tRNA,9
5285,PSEUDO,3
5286,ncRNA,4
5287,ncRNA,4
5288,BIOLOGICAL_REGION,0
5289,BIOLOGICAL_REGION,0
5290,PSEUDO,3
5291,PSEUDO,3
5292,ncRNA,4
5293,PSEUDO,3
5294,PSEUDO,3
5295,PSEUDO,3
5296,tRNA,9
5297,PSEUDO,3
5298,BIOLOGICAL_REGION,0
5299,BIOLOGICAL_REGION,0
5300,PSEUDO,3
5301,BIOLOGICAL_REGION,0
5302,BIOLOGICAL_REGION,0
5303,snRNA,7
5304,ncRNA,4
5305,PSEUDO,3
5306,PSEUDO,3
5307,PSEUDO,3
5308,PSEUDO,3
5309,BIOLOGICAL_REGION,0
5310,BIOLOGICAL_REGION,0
5311,BIOLOGICAL_REGION,0
5312,BIOLOGICAL_REGION,0
5313,rRNA,5
5314,BIOLOGICAL_REGION,0
5315,PSEUDO,3
5316,snoRNA,8
5317,PSEUDO,3
5318,ncRNA,4
5319,PSEUDO,3
5320,PSEUDO,3
5321,BIOLOGICAL_REGION,0
5322,PSEUDO,3
5323,BIOLOGICAL_REGION,0
5324,PROTEIN_CODING,2
5325,BIOLOGICAL_REGION,0
5326,ncRNA,4
5327,PSEUDO,3
5328,PSEUDO,3
5329,BIOLOGICAL_REGION,0
5330,PSEUDO,3
5331,BIOLOGICAL_REGION,0
5332,ncRNA,4
5333,PSEUDO,3
5334,PSEUDO,3
5335,PSEUDO,3
5336,PSEUDO,3
5337,BIOLOGICAL_REGION,0
5338,PSEUDO,3
5339,BIOLOGICAL_REGION,0
5340,PROTEIN_CODING,2
5341,PSEUDO,3
5342,BIOLOGICAL_REGION,0
5343,PSEUDO,3
5344,BIOLOGICAL_REGION,0
5345,BIOLOGICAL_REGION,0
5346,PSEUDO,3
5347,PSEUDO,3
5348,PSEUDO,3
5349,PSEUDO,3
5350,BIOLOGICAL_REGION,0
5351,BIOLOGICAL_REGION,0
5352,PSEUDO,3
5353,BIOLOGICAL_REGION,0
5354,snoRNA,8
5355,ncRNA,4
5356,BIOLOGICAL_REGION,0
5357,PSEUDO,3
5358,BIOLOGICAL_REGION,0
5359,PSEUDO,3
5360,ncRNA,4
5361,BIOLOGICAL_REGION,0
5362,snoRNA,8
5363,BIOLOGICAL_REGION,0
5364,PSEUDO,3
5365,BIOLOGICAL_REGION,0
5366,BIOLOGICAL_REGION,0
5367,PSEUDO,3
5368,PROTEIN_CODING,2
5369,PSEUDO,3
5370,PSEUDO,3
5371,BIOLOGICAL_REGION,0
5372,ncRNA,4
5373,PSEUDO,3
5374,PSEUDO,3
5375,PSEUDO,3
5376,PROTEIN_CODING,2
5377,ncRNA,4
5378,PSEUDO,3
5379,BIOLOGICAL_REGION,0
5380,rRNA,5
5381,snoRNA,8
5382,PSEUDO,3
5383,PSEUDO,3
5384,BIOLOGICAL_REGION,0
5385,BIOLOGICAL_REGION,0
5386,ncRNA,4
5387,OTHER,1
5388,PSEUDO,3
5389,PSEUDO,3
5390,PSEUDO,3
5391,PSEUDO,3
5392,BIOLOGICAL_REGION,0
5393,PSEUDO,3
5394,snoRNA,8
5395,BIOLOGICAL_REGION,0
5396,PSEUDO,3
5397,snoRNA,8
5398,PSEUDO,3
5399,snoRNA,8
5400,snoRNA,8
5401,PSEUDO,3
5402,BIOLOGICAL_REGION,0
5403,PSEUDO,3
5404,BIOLOGICAL_REGION,0
5405,PSEUDO,3
5406,ncRNA,4
5407,ncRNA,4
5408,PSEUDO,3
5409,BIOLOGICAL_REGION,0
5410,BIOLOGICAL_REGION,0
5411,PSEUDO,3
5412,PSEUDO,3
5413,PSEUDO,3
5414,BIOLOGICAL_REGION,0
5415,PSEUDO,3
5416,tRNA,9
5417,rRNA,5
5418,BIOLOGICAL_REGION,0
5419,PSEUDO,3
5420,PSEUDO,3
5421,PSEUDO,3
5422,BIOLOGICAL_REGION,0
5423,BIOLOGICAL_REGION,0
5424,BIOLOGICAL_REGION,0
5425,ncRNA,4
5426,PSEUDO,3
5427,PSEUDO,3
5428,snRNA,7
5429,PSEUDO,3
5430,ncRNA,4
5431,BIOLOGICAL_REGION,0
5432,BIOLOGICAL_REGION,0
5433,OTHER,1
5434,BIOLOGICAL_REGION,0
5435,BIOLOGICAL_REGION,0
5436,PSEUDO,3
5437,BIOLOGICAL_REGION,0
5438,PSEUDO,3
5439,PSEUDO,3
5440,BIOLOGICAL_REGION,0
5441,PSEUDO,3
5442,BIOLOGICAL_REGION,0
5443,PSEUDO,3
5444,ncRNA,4
5445,PSEUDO,3
5446,BIOLOGICAL_REGION,0
5447,PSEUDO,3
5448,PSEUDO,3
5449,BIOLOGICAL_REGION,0
5450,snoRNA,8
5451,PSEUDO,3
5452,PSEUDO,3
5453,ncRNA,4
5454,snRNA,7
5455,BIOLOGICAL_REGION,0
5456,PSEUDO,3
5457,PSEUDO,3
5458,BIOLOGICAL_REGION,0
5459,PSEUDO,3
5460,PSEUDO,3
5461,PSEUDO,3
5462,ncRNA,4
5463,PSEUDO,3
5464,BIOLOGICAL_REGION,0
5465,PSEUDO,3
5466,PSEUDO,3
5467,PSEUDO,3
5468,PSEUDO,3
5469,BIOLOGICAL_REGION,0
5470,snRNA,7
5471,ncRNA,4
5472,ncRNA,4
5473,ncRNA,4
5474,ncRNA,4
5475,rRNA,5
5476,snoRNA,8
5477,BIOLOGICAL_REGION,0
5478,ncRNA,4
5479,PSEUDO,3
5480,PSEUDO,3
5481,BIOLOGICAL_REGION,0
5482,PSEUDO,3
5483,PSEUDO,3
5484,ncRNA,4
5485,BIOLOGICAL_REGION,0
5486,PSEUDO,3
5487,PSEUDO,3
5488,ncRNA,4
5489,snoRNA,8
5490,ncRNA,4
5491,snoRNA,8
5492,PSEUDO,3
5493,BIOLOGICAL_REGION,0
5494,snoRNA,8
5495,BIOLOGICAL_REGION,0
5496,rRNA,5
5497,BIOLOGICAL_REGION,0
5498,snRNA,7
5499,PSEUDO,3
5500,PSEUDO,3
5501,ncRNA,4
5502,PSEUDO,3
5503,PSEUDO,3
5504,PSEUDO,3
5505,ncRNA,4
5506,BIOLOGICAL_REGION,0
5507,PSEUDO,3
5508,BIOLOGICAL_REGION,0
5509,PSEUDO,3
5510,BIOLOGICAL_REGION,0
5511,PSEUDO,3
5512,PSEUDO,3
5513,BIOLOGICAL_REGION,0
5514,PSEUDO,3
5515,PSEUDO,3
5516,snoRNA,8
5517,BIOLOGICAL_REGION,0
5518,BIOLOGICAL_REGION,0
5519,BIOLOGICAL_REGION,0
5520,PSEUDO,3
5521,PSEUDO,3
5522,BIOLOGICAL_REGION,0
5523,PSEUDO,3
5524,snoRNA,8
5525,PSEUDO,3
5526,PSEUDO,3
5527,PSEUDO,3
5528,BIOLOGICAL_REGION,0
5529,BIOLOGICAL_REGION,0
5530,PSEUDO,3
5531,BIOLOGICAL_REGION,0
5532,BIOLOGICAL_REGION,0
5533,PSEUDO,3
5534,ncRNA,4
5535,tRNA,9
5536,ncRNA,4
5537,PSEUDO,3
5538,PSEUDO,3
5539,PSEUDO,3
5540,PSEUDO,3
5541,PSEUDO,3
5542,BIOLOGICAL_REGION,0
5543,PSEUDO,3
5544,PSEUDO,3
5545,PSEUDO,3
5546,PSEUDO,3
5547,PSEUDO,3
5548,PSEUDO,3
5549,snoRNA,8
5550,PSEUDO,3
5551,PSEUDO,3
5552,BIOLOGICAL_REGION,0
5553,ncRNA,4
5554,PSEUDO,3
5555,snoRNA,8
5556,BIOLOGICAL_REGION,0
5557,ncRNA,4
5558,ncRNA,4
5559,PSEUDO,3
5560,PSEUDO,3
5561,BIOLOGICAL_REGION,0
5562,BIOLOGICAL_REGION,0
5563,BIOLOGICAL_REGION,0
5564,BIOLOGICAL_REGION,0
5565,PSEUDO,3
5566,BIOLOGICAL_REGION,0
5567,PSEUDO,3
5568,PSEUDO,3
5569,PSEUDO,3
5570,PSEUDO,3
5571,BIOLOGICAL_REGION,0
5572,ncRNA,4
5573,PSEUDO,3
5574,PSEUDO,3
5575,BIOLOGICAL_REGION,0
5576,PSEUDO,3
5577,PSEUDO,3
5578,PSEUDO,3
5579,PROTEIN_CODING,2
5580,PSEUDO,3
5581,PSEUDO,3
5582,BIOLOGICAL_REGION,0
5583,BIOLOGICAL_REGION,0
5584,ncRNA,4
5585,ncRNA,4
5586,OTHER,1
5587,BIOLOGICAL_REGION,0
5588,BIOLOGICAL_REGION,0
5589,tRNA,9
5590,PSEUDO,3
5591,ncRNA,4
5592,PSEUDO,3
5593,rRNA,5
5594,BIOLOGICAL_REGION,0
5595,PSEUDO,3
5596,tRNA,9
5597,PSEUDO,3
5598,PSEUDO,3
5599,BIOLOGICAL_REGION,0
5600,BIOLOGICAL_REGION,0
5601,PSEUDO,3
5602,PROTEIN_CODING,2
5603,BIOLOGICAL_REGION,0
5604,PSEUDO,3
5605,BIOLOGICAL_REGION,0
5606,PSEUDO,3
5607,BIOLOGICAL_REGION,0
5608,PSEUDO,3
5609,PSEUDO,3
5610,PSEUDO,3
5611,PSEUDO,3
5612,PSEUDO,3
5613,PSEUDO,3
5614,ncRNA,4
5615,BIOLOGICAL_REGION,0
5616,BIOLOGICAL_REGION,0
5617,PSEUDO,3
5618,PSEUDO,3
5619,PSEUDO,3
5620,PSEUDO,3
5621,ncRNA,4
5622,PSEUDO,3
5623,BIOLOGICAL_REGION,0
5624,BIOLOGICAL_REGION,0
5625,PSEUDO,3
5626,PSEUDO,3
5627,PSEUDO,3
5628,ncRNA,4
5629,PSEUDO,3
5630,PSEUDO,3
5631,BIOLOGICAL_REGION,0
5632,PSEUDO,3
5633,BIOLOGICAL_REGION,0
5634,PSEUDO,3
5635,snoRNA,8
5636,PSEUDO,3
5637,PSEUDO,3
5638,BIOLOGICAL_REGION,0
5639,PSEUDO,3
5640,rRNA,5
5641,PSEUDO,3
5642,BIOLOGICAL_REGION,0
5643,snoRNA,8
5644,PSEUDO,3
5645,PSEUDO,3
5646,ncRNA,4
5647,PSEUDO,3
5648,PSEUDO,3
5649,ncRNA,4
5650,ncRNA,4
5651,PSEUDO,3
5652,snoRNA,8
5653,BIOLOGICAL_REGION,0
5654,PROTEIN_CODING,2
5655,PSEUDO,3
5656,PSEUDO,3
5657,PSEUDO,3
5658,snoRNA,8
5659,BIOLOGICAL_REGION,0
5660,ncRNA,4
5661,PSEUDO,3
5662,PSEUDO,3
5663,PSEUDO,3
5664,BIOLOGICAL_REGION,0
5665,PSEUDO,3
5666,PSEUDO,3
5667,PSEUDO,3
5668,ncRNA,4
5669,ncRNA,4
5670,PSEUDO,3
5671,PSEUDO,3
5672,PSEUDO,3
5673,BIOLOGICAL_REGION,0
5674,BIOLOGICAL_REGION,0
5675,ncRNA,4
5676,BIOLOGICAL_REGION,0
5677,tRNA,9
5678,BIOLOGICAL_REGION,0
5679,ncRNA,4
5680,PSEUDO,3
5681,BIOLOGICAL_REGION,0
5682,snoRNA,8
5683,BIOLOGICAL_REGION,0
5684,BIOLOGICAL_REGION,0
5685,snoRNA,8
5686,ncRNA,4
5687,PSEUDO,3
5688,PSEUDO,3
5689,PSEUDO,3
5690,PSEUDO,3
5691,tRNA,9
5692,tRNA,9
5693,PSEUDO,3
5694,ncRNA,4
5695,rRNA,5
5696,PSEUDO,3
5697,PROTEIN_CODING,2
5698,BIOLOGICAL_REGION,0
5699,ncRNA,4
5700,BIOLOGICAL_REGION,0
5701,OTHER,1
5702,PROTEIN_CODING,2
5703,ncRNA,4
5704,PSEUDO,3
5705,PSEUDO,3
5706,BIOLOGICAL_REGION,0
5707,PSEUDO,3
5708,rRNA,5
5709,BIOLOGICAL_REGION,0
5710,PSEUDO,3
5711,BIOLOGICAL_REGION,0
5712,PSEUDO,3
5713,PSEUDO,3
5714,PSEUDO,3
5715,ncRNA,4
5716,PSEUDO,3
5717,PSEUDO,3
5718,BIOLOGICAL_REGION,0
5719,BIOLOGICAL_REGION,0
5720,PSEUDO,3
5721,PSEUDO,3
5722,BIOLOGICAL_REGION,0
5723,PSEUDO,3
5724,PSEUDO,3
5725,PSEUDO,3
5726,snoRNA,8
5727,PSEUDO,3
5728,PSEUDO,3
5729,PSEUDO,3
5730,PSEUDO,3
5731,PSEUDO,3
5732,ncRNA,4
5733,ncRNA,4
5734,PSEUDO,3
5735,OTHER,1
5736,PSEUDO,3
5737,ncRNA,4
5738,PSEUDO,3
5739,BIOLOGICAL_REGION,0
5740,rRNA,5
5741,ncRNA,4
5742,PSEUDO,3
5743,PSEUDO,3
5744,PSEUDO,3
5745,BIOLOGICAL_REGION,0
5746,ncRNA,4
5747,PSEUDO,3
5748,snoRNA,8
5749,ncRNA,4
5750,PSEUDO,3
5751,BIOLOGICAL_REGION,0
5752,PSEUDO,3
5753,BIOLOGICAL_REGION,0
5754,BIOLOGICAL_REGION,0
5755,PSEUDO,3
5756,PSEUDO,3
5757,PSEUDO,3
5758,BIOLOGICAL_REGION,0
5759,PSEUDO,3
5760,PSEUDO,3
5761,PSEUDO,3
5762,ncRNA,4
5763,PSEUDO,3
5764,BIOLOGICAL_REGION,0
5765,PSEUDO,3
5766,BIOLOGICAL_REGION,0
5767,BIOLOGICAL_REGION,0
5768,PSEUDO,3
5769,BIOLOGICAL_REGION,0
5770,tRNA,9
5771,BIOLOGICAL_REGION,0
5772,BIOLOGICAL_REGION,0
5773,ncRNA,4
5774,BIOLOGICAL_REGION,0
5775,BIOLOGICAL_REGION,0
5776,PSEUDO,3
5777,BIOLOGICAL_REGION,0
5778,rRNA,5
5779,BIOLOGICAL_REGION,0
5780,PSEUDO,3
5781,PSEUDO,3
5782,rRNA,5
5783,ncRNA,4
5784,PSEUDO,3
5785,PSEUDO,3
5786,BIOLOGICAL_REGION,0
5787,PSEUDO,3
5788,tRNA,9
5789,BIOLOGICAL_REGION,0
5790,PSEUDO,3
5791,BIOLOGICAL_REGION,0
5792,PSEUDO,3
5793,snoRNA,8
5794,PSEUDO,3
5795,BIOLOGICAL_REGION,0
5796,snoRNA,8
5797,PSEUDO,3
5798,OTHER,1
5799,ncRNA,4
5800,BIOLOGICAL_REGION,0
5801,PSEUDO,3
5802,PSEUDO,3
5803,PSEUDO,3
5804,PSEUDO,3
5805,PSEUDO,3
5806,BIOLOGICAL_REGION,0
5807,snoRNA,8
5808,BIOLOGICAL_REGION,0
5809,PSEUDO,3
5810,PSEUDO,3
5811,rRNA,5
5812,PSEUDO,3
5813,PSEUDO,3
5814,BIOLOGICAL_REGION,0
5815,BIOLOGICAL_REGION,0
5816,BIOLOGICAL_REGION,0
5817,PSEUDO,3
5818,BIOLOGICAL_REGION,0
5819,ncRNA,4
5820,PSEUDO,3
5821,PROTEIN_CODING,2
5822,BIOLOGICAL_REGION,0
5823,PSEUDO,3
5824,BIOLOGICAL_REGION,0
5825,BIOLOGICAL_REGION,0
5826,ncRNA,4
5827,PSEUDO,3
5828,ncRNA,4
5829,BIOLOGICAL_REGION,0
5830,BIOLOGICAL_REGION,0
5831,PSEUDO,3
5832,PSEUDO,3
5833,PROTEIN_CODING,2
5834,PSEUDO,3
5835,ncRNA,4
5836,PSEUDO,3
5837,PSEUDO,3
5838,BIOLOGICAL_REGION,0
5839,BIOLOGICAL_REGION,0
5840,PROTEIN_CODING,2
5841,BIOLOGICAL_REGION,0
5842,PSEUDO,3
5843,PSEUDO,3
5844,PSEUDO,3
5845,BIOLOGICAL_REGION,0
5846,ncRNA,4
5847,PSEUDO,3
5848,snRNA,7
5849,BIOLOGICAL_REGION,0
5850,PSEUDO,3
5851,PSEUDO,3
5852,OTHER,1
5853,BIOLOGICAL_REGION,0
5854,BIOLOGICAL_REGION,0
5855,BIOLOGICAL_REGION,0
5856,PSEUDO,3
5857,PROTEIN_CODING,2
5858,snoRNA,8
5859,BIOLOGICAL_REGION,0
5860,BIOLOGICAL_REGION,0
5861,ncRNA,4
5862,BIOLOGICAL_REGION,0
5863,BIOLOGICAL_REGION,0
5864,PSEUDO,3
5865,PSEUDO,3
5866,PSEUDO,3
5867,BIOLOGICAL_REGION,0
5868,PROTEIN_CODING,2
5869,snoRNA,8
5870,BIOLOGICAL_REGION,0
5871,PSEUDO,3
5872,OTHER,1
5873,PSEUDO,3
5874,ncRNA,4
5875,BIOLOGICAL_REGION,0
5876,PROTEIN_CODING,2
5877,BIOLOGICAL_REGION,0
5878,rRNA,5
5879,PSEUDO,3
5880,PSEUDO,3
5881,PSEUDO,3
5882,BIOLOGICAL_REGION,0
5883,BIOLOGICAL_REGION,0
5884,PSEUDO,3
5885,PSEUDO,3
5886,ncRNA,4
5887,PSEUDO,3
5888,ncRNA,4
5889,BIOLOGICAL_REGION,0
5890,BIOLOGICAL_REGION,0
5891,BIOLOGICAL_REGION,0
5892,PSEUDO,3
5893,PSEUDO,3
5894,BIOLOGICAL_REGION,0
5895,PSEUDO,3
5896,PROTEIN_CODING,2
5897,ncRNA,4
5898,PSEUDO,3
5899,PSEUDO,3
5900,PSEUDO,3
5901,BIOLOGICAL_REGION,0
5902,tRNA,9
5903,BIOLOGICAL_REGION,0
5904,snoRNA,8
5905,BIOLOGICAL_REGION,0
5906,PSEUDO,3
5907,PSEUDO,3
5908,tRNA,9
5909,PSEUDO,3
5910,BIOLOGICAL_REGION,0
5911,BIOLOGICAL_REGION,0
5912,BIOLOGICAL_REGION,0
5913,PROTEIN_CODING,2
5914,PSEUDO,3
5915,PROTEIN_CODING,2
5916,PSEUDO,3
5917,OTHER,1
5918,BIOLOGICAL_REGION,0
5919,PSEUDO,3
5920,PSEUDO,3
5921,BIOLOGICAL_REGION,0
5922,PSEUDO,3
5923,BIOLOGICAL_REGION,0
5924,PSEUDO,3
5925,ncRNA,4
5926,PROTEIN_CODING,2
5927,snRNA,7
5928,BIOLOGICAL_REGION,0
5929,PSEUDO,3
5930,PSEUDO,3
5931,PSEUDO,3
5932,BIOLOGICAL_REGION,0
5933,tRNA,9
5934,BIOLOGICAL_REGION,0
5935,snoRNA,8
5936,BIOLOGICAL_REGION,0
5937,BIOLOGICAL_REGION,0
5938,PSEUDO,3
5939,BIOLOGICAL_REGION,0
5940,PSEUDO,3
5941,PSEUDO,3
5942,PSEUDO,3
5943,PSEUDO,3
5944,BIOLOGICAL_REGION,0
5945,snoRNA,8
5946,PSEUDO,3
5947,BIOLOGICAL_REGION,0
5948,PSEUDO,3
5949,BIOLOGICAL_REGION,0
5950,PSEUDO,3
5951,PSEUDO,3
5952,BIOLOGICAL_REGION,0
5953,PSEUDO,3
5954,BIOLOGICAL_REGION,0
5955,ncRNA,4
5956,ncRNA,4
5957,PSEUDO,3
5958,BIOLOGICAL_REGION,0
5959,PSEUDO,3
5960,PSEUDO,3
5961,BIOLOGICAL_REGION,0
5962,BIOLOGICAL_REGION,0
5963,PSEUDO,3
5964,PROTEIN_CODING,2
5965,BIOLOGICAL_REGION,0
5966,PSEUDO,3
5967,PSEUDO,3
5968,PSEUDO,3
5969,BIOLOGICAL_REGION,0
5970,PSEUDO,3
5971,BIOLOGICAL_REGION,0
5972,snoRNA,8
5973,BIOLOGICAL_REGION,0
5974,BIOLOGICAL_REGION,0
5975,BIOLOGICAL_REGION,0
5976,BIOLOGICAL_REGION,0
5977,BIOLOGICAL_REGION,0
5978,ncRNA,4
5979,PSEUDO,3
5980,PSEUDO,3
5981,ncRNA,4
5982,PSEUDO,3
5983,tRNA,9
5984,OTHER,1
5985,ncRNA,4
5986,tRNA,9
5987,PSEUDO,3
5988,PSEUDO,3
5989,PSEUDO,3
5990,ncRNA,4
5991,BIOLOGICAL_REGION,0
5992,ncRNA,4
5993,ncRNA,4
5994,BIOLOGICAL_REGION,0
5995,PSEUDO,3
5996,snoRNA,8
5997,PSEUDO,3
5998,BIOLOGICAL_REGION,0
5999,PSEUDO,3
6000,tRNA,9
6001,BIOLOGICAL_REGION,0
6002,PSEUDO,3
6003,PROTEIN_CODING,2
6004,BIOLOGICAL_REGION,0
6005,OTHER,1
6006,snoRNA,8
6007,BIOLOGICAL_REGION,0
6008,PSEUDO,3
6009,PSEUDO,3
6010,snoRNA,8
6011,BIOLOGICAL_REGION,0
6012,tRNA,9
6013,BIOLOGICAL_REGION,0
6014,PSEUDO,3
6015,PSEUDO,3
6016,BIOLOGICAL_REGION,0
6017,BIOLOGICAL_REGION,0
6018,BIOLOGICAL_REGION,0
6019,tRNA,9
6020,PSEUDO,3
6021,PSEUDO,3
6022,ncRNA,4
6023,BIOLOGICAL_REGION,0
6024,ncRNA,4
6025,BIOLOGICAL_REGION,0
6026,PSEUDO,3
6027,PSEUDO,3
6028,BIOLOGICAL_REGION,0
6029,PSEUDO,3
6030,BIOLOGICAL_REGION,0
6031,BIOLOGICAL_REGION,0
6032,PSEUDO,3
6033,BIOLOGICAL_REGION,0
6034,PSEUDO,3
6035,ncRNA,4
6036,PSEUDO,3
6037,PSEUDO,3
6038,PROTEIN_CODING,2
6039,PSEUDO,3
6040,rRNA,5
6041,BIOLOGICAL_REGION,0
6042,PSEUDO,3
6043,BIOLOGICAL_REGION,0
6044,PSEUDO,3
6045,ncRNA,4
6046,PSEUDO,3
6047,BIOLOGICAL_REGION,0
6048,tRNA,9
6049,PSEUDO,3
6050,BIOLOGICAL_REGION,0
6051,PSEUDO,3
6052,BIOLOGICAL_REGION,0
6053,PSEUDO,3
6054,PSEUDO,3
6055,BIOLOGICAL_REGION,0
6056,PSEUDO,3
6057,PSEUDO,3
6058,BIOLOGICAL_REGION,0
6059,BIOLOGICAL_REGION,0
6060,PSEUDO,3
6061,PSEUDO,3
6062,PSEUDO,3
6063,BIOLOGICAL_REGION,0
6064,snoRNA,8
6065,PSEUDO,3
6066,tRNA,9
6067,PSEUDO,3
6068,ncRNA,4
6069,BIOLOGICAL_REGION,0
6070,BIOLOGICAL_REGION,0
6071,PSEUDO,3
6072,PSEUDO,3
6073,ncRNA,4
6074,ncRNA,4
6075,BIOLOGICAL_REGION,0
6076,PSEUDO,3
6077,PSEUDO,3
6078,ncRNA,4
6079,BIOLOGICAL_REGION,0
6080,BIOLOGICAL_REGION,0
6081,PSEUDO,3
6082,PSEUDO,3
6083,PSEUDO,3
6084,BIOLOGICAL_REGION,0
6085,PSEUDO,3
6086,BIOLOGICAL_REGION,0
6087,BIOLOGICAL_REGION,0
6088,PSEUDO,3
6089,ncRNA,4
6090,ncRNA,4
6091,PSEUDO,3
6092,ncRNA,4
6093,BIOLOGICAL_REGION,0
6094,PSEUDO,3
6095,snoRNA,8
6096,PSEUDO,3
6097,ncRNA,4
6098,PSEUDO,3
6099,PSEUDO,3
6100,PSEUDO,3
6101,BIOLOGICAL_REGION,0
6102,BIOLOGICAL_REGION,0
6103,BIOLOGICAL_REGION,0
6104,PSEUDO,3
6105,PSEUDO,3
6106,PSEUDO,3
6107,PSEUDO,3
6108,rRNA,5
6109,PROTEIN_CODING,2
6110,PROTEIN_CODING,2
6111,PSEUDO,3
6112,BIOLOGICAL_REGION,0
6113,BIOLOGICAL_REGION,0
6114,PSEUDO,3
6115,PSEUDO,3
6116,PSEUDO,3
6117,PSEUDO,3
6118,BIOLOGICAL_REGION,0
6119,BIOLOGICAL_REGION,0
6120,PSEUDO,3
6121,BIOLOGICAL_REGION,0
6122,BIOLOGICAL_REGION,0
6123,BIOLOGICAL_REGION,0
6124,PSEUDO,3
6125,BIOLOGICAL_REGION,0
6126,PSEUDO,3
6127,PSEUDO,3
6128,BIOLOGICAL_REGION,0
6129,PSEUDO,3
6130,ncRNA,4
6131,BIOLOGICAL_REGION,0
6132,BIOLOGICAL_REGION,0
6133,PSEUDO,3
6134,BIOLOGICAL_REGION,0
6135,PSEUDO,3
6136,PSEUDO,3
6137,PSEUDO,3
6138,BIOLOGICAL_REGION,0
6139,PSEUDO,3
6140,snoRNA,8
6141,snoRNA,8
6142,PSEUDO,3
6143,BIOLOGICAL_REGION,0
6144,BIOLOGICAL_REGION,0
6145,PSEUDO,3
6146,PSEUDO,3
6147,PSEUDO,3
6148,snoRNA,8
6149,ncRNA,4
6150,OTHER,1
6151,snoRNA,8
6152,PSEUDO,3
6153,ncRNA,4
6154,ncRNA,4
6155,BIOLOGICAL_REGION,0
6156,BIOLOGICAL_REGION,0
6157,BIOLOGICAL_REGION,0
6158,BIOLOGICAL_REGION,0
6159,PSEUDO,3
6160,BIOLOGICAL_REGION,0
6161,PSEUDO,3
6162,PSEUDO,3
6163,PSEUDO,3
6164,PSEUDO,3
6165,PSEUDO,3
6166,BIOLOGICAL_REGION,0
6167,PSEUDO,3
6168,BIOLOGICAL_REGION,0
6169,ncRNA,4
6170,BIOLOGICAL_REGION,0
6171,BIOLOGICAL_REGION,0
6172,BIOLOGICAL_REGION,0
6173,PSEUDO,3
6174,PSEUDO,3
6175,BIOLOGICAL_REGION,0
6176,BIOLOGICAL_REGION,0
6177,BIOLOGICAL_REGION,0
6178,PSEUDO,3
6179,PSEUDO,3
6180,BIOLOGICAL_REGION,0
6181,BIOLOGICAL_REGION,0
6182,PSEUDO,3
6183,BIOLOGICAL_REGION,0
6184,snoRNA,8
6185,ncRNA,4
6186,tRNA,9
6187,snoRNA,8
6188,BIOLOGICAL_REGION,0
6189,PSEUDO,3
6190,PSEUDO,3
6191,BIOLOGICAL_REGION,0
6192,ncRNA,4
6193,PSEUDO,3
6194,PSEUDO,3
6195,PSEUDO,3
6196,PSEUDO,3
6197,ncRNA,4
6198,PSEUDO,3
6199,snoRNA,8
6200,ncRNA,4
6201,BIOLOGICAL_REGION,0
6202,PSEUDO,3
6203,BIOLOGICAL_REGION,0
6204,OTHER,1
6205,PSEUDO,3
6206,PSEUDO,3
6207,PSEUDO,3
6208,snoRNA,8
6209,BIOLOGICAL_REGION,0
6210,BIOLOGICAL_REGION,0
6211,PSEUDO,3
6212,PSEUDO,3
6213,BIOLOGICAL_REGION,0
6214,PSEUDO,3
6215,BIOLOGICAL_REGION,0
6216,PSEUDO,3
6217,ncRNA,4
6218,PSEUDO,3
6219,PSEUDO,3
6220,PSEUDO,3
6221,BIOLOGICAL_REGION,0
6222,PSEUDO,3
6223,ncRNA,4
6224,PSEUDO,3
6225,BIOLOGICAL_REGION,0
6226,PSEUDO,3
6227,BIOLOGICAL_REGION,0
6228,PSEUDO,3
6229,ncRNA,4
6230,PSEUDO,3
6231,BIOLOGICAL_REGION,0
6232,BIOLOGICAL_REGION,0
6233,PSEUDO,3
6234,rRNA,5
6235,snoRNA,8
6236,PSEUDO,3
6237,BIOLOGICAL_REGION,0
6238,OTHER,1
6239,PSEUDO,3
6240,BIOLOGICAL_REGION,0
6241,BIOLOGICAL_REGION,0
6242,BIOLOGICAL_REGION,0
6243,BIOLOGICAL_REGION,0
6244,PSEUDO,3
6245,BIOLOGICAL_REGION,0
6246,PSEUDO,3
6247,BIOLOGICAL_REGION,0
6248,PSEUDO,3
6249,ncRNA,4
6250,BIOLOGICAL_REGION,0
6251,BIOLOGICAL_REGION,0
6252,PSEUDO,3
6253,BIOLOGICAL_REGION,0
6254,PSEUDO,3
6255,snoRNA,8
6256,PSEUDO,3
6257,PSEUDO,3
6258,BIOLOGICAL_REGION,0
6259,PSEUDO,3
6260,PSEUDO,3
6261,snoRNA,8
6262,BIOLOGICAL_REGION,0
6263,BIOLOGICAL_REGION,0
6264,PSEUDO,3
6265,OTHER,1
6266,BIOLOGICAL_REGION,0
6267,ncRNA,4
6268,PSEUDO,3
6269,BIOLOGICAL_REGION,0
6270,BIOLOGICAL_REGION,0
6271,PSEUDO,3
6272,OTHER,1
6273,PROTEIN_CODING,2
6274,PSEUDO,3
6275,PSEUDO,3
6276,PSEUDO,3
6277,rRNA,5
6278,snoRNA,8
6279,ncRNA,4
6280,BIOLOGICAL_REGION,0
6281,ncRNA,4
6282,PSEUDO,3
6283,PSEUDO,3
6284,PSEUDO,3
6285,PSEUDO,3
6286,PSEUDO,3
6287,ncRNA,4
6288,PSEUDO,3
6289,BIOLOGICAL_REGION,0
6290,PSEUDO,3
6291,PSEUDO,3
6292,PSEUDO,3
6293,PSEUDO,3
6294,snRNA,7
6295,PSEUDO,3
6296,PSEUDO,3
6297,ncRNA,4
6298,BIOLOGICAL_REGION,0
6299,BIOLOGICAL_REGION,0
6300,BIOLOGICAL_REGION,0
6301,PSEUDO,3
6302,PSEUDO,3
6303,PSEUDO,3
6304,BIOLOGICAL_REGION,0
6305,PSEUDO,3
6306,ncRNA,4
6307,BIOLOGICAL_REGION,0
6308,PSEUDO,3
6309,BIOLOGICAL_REGION,0
6310,PSEUDO,3
6311,PSEUDO,3
6312,PSEUDO,3
6313,snRNA,7
6314,BIOLOGICAL_REGION,0
6315,PSEUDO,3
6316,ncRNA,4
6317,PSEUDO,3
6318,PSEUDO,3
6319,PSEUDO,3
6320,snoRNA,8
6321,BIOLOGICAL_REGION,0
6322,PROTEIN_CODING,2
6323,PSEUDO,3
6324,BIOLOGICAL_REGION,0
6325,PSEUDO,3
6326,PSEUDO,3
6327,PSEUDO,3
6328,PSEUDO,3
6329,PSEUDO,3
6330,PSEUDO,3
6331,PSEUDO,3
6332,PSEUDO,3
6333,ncRNA,4
6334,PSEUDO,3
6335,snoRNA,8
6336,snoRNA,8
6337,PSEUDO,3
6338,BIOLOGICAL_REGION,0
6339,BIOLOGICAL_REGION,0
6340,BIOLOGICAL_REGION,0
6341,PSEUDO,3
6342,BIOLOGICAL_REGION,0
6343,PSEUDO,3
6344,PSEUDO,3
6345,snoRNA,8
6346,PSEUDO,3
6347,PSEUDO,3
6348,PSEUDO,3
6349,BIOLOGICAL_REGION,0
6350,PSEUDO,3
6351,BIOLOGICAL_REGION,0
6352,BIOLOGICAL_REGION,0
6353,ncRNA,4
6354,BIOLOGICAL_REGION,0
6355,PSEUDO,3
6356,BIOLOGICAL_REGION,0
6357,BIOLOGICAL_REGION,0
6358,ncRNA,4
6359,PSEUDO,3
6360,snoRNA,8
6361,BIOLOGICAL_REGION,0
6362,snRNA,7
6363,PSEUDO,3
6364,PSEUDO,3
6365,PSEUDO,3
6366,BIOLOGICAL_REGION,0
6367,PSEUDO,3
6368,PSEUDO,3
6369,PSEUDO,3
6370,BIOLOGICAL_REGION,0
6371,BIOLOGICAL_REGION,0
6372,ncRNA,4
6373,ncRNA,4
6374,ncRNA,4
6375,snoRNA,8
6376,PSEUDO,3
6377,BIOLOGICAL_REGION,0
6378,BIOLOGICAL_REGION,0
6379,PSEUDO,3
6380,BIOLOGICAL_REGION,0
6381,PROTEIN_CODING,2
6382,PROTEIN_CODING,2
6383,BIOLOGICAL_REGION,0
6384,PSEUDO,3
6385,PSEUDO,3
6386,PSEUDO,3
6387,PSEUDO,3
6388,BIOLOGICAL_REGION,0
6389,PSEUDO,3
6390,PSEUDO,3
6391,PSEUDO,3
6392,PSEUDO,3
6393,PSEUDO,3
6394,BIOLOGICAL_REGION,0
6395,PSEUDO,3
6396,snoRNA,8
6397,ncRNA,4
6398,BIOLOGICAL_REGION,0
6399,PSEUDO,3
6400,snoRNA,8
6401,PSEUDO,3
6402,BIOLOGICAL_REGION,0
6403,snoRNA,8
6404,ncRNA,4
6405,PSEUDO,3
6406,BIOLOGICAL_REGION,0
6407,BIOLOGICAL_REGION,0
6408,PSEUDO,3
6409,BIOLOGICAL_REGION,0
6410,ncRNA,4
6411,tRNA,9
6412,PSEUDO,3
6413,BIOLOGICAL_REGION,0
6414,PSEUDO,3
6415,BIOLOGICAL_REGION,0
6416,BIOLOGICAL_REGION,0
6417,BIOLOGICAL_REGION,0
6418,PSEUDO,3
6419,PSEUDO,3
6420,BIOLOGICAL_REGION,0
6421,BIOLOGICAL_REGION,0
6422,BIOLOGICAL_REGION,0
6423,BIOLOGICAL_REGION,0
6424,BIOLOGICAL_REGION,0
6425,BIOLOGICAL_REGION,0
6426,PSEUDO,3
6427,PSEUDO,3
6428,PSEUDO,3
6429,rRNA,5
6430,snoRNA,8
6431,ncRNA,4
6432,PSEUDO,3
6433,ncRNA,4
6434,BIOLOGICAL_REGION,0
6435,PSEUDO,3
6436,BIOLOGICAL_REGION,0
6437,PSEUDO,3
6438,PSEUDO,3
6439,PSEUDO,3
6440,BIOLOGICAL_REGION,0
6441,BIOLOGICAL_REGION,0
6442,PROTEIN_CODING,2
6443,snoRNA,8
6444,PSEUDO,3
6445,OTHER,1
6446,PSEUDO,3
6447,BIOLOGICAL_REGION,0
6448,PSEUDO,3
6449,PSEUDO,3
6450,BIOLOGICAL_REGION,0
6451,PSEUDO,3
6452,BIOLOGICAL_REGION,0
6453,BIOLOGICAL_REGION,0
6454,BIOLOGICAL_REGION,0
6455,PSEUDO,3
6456,PSEUDO,3
6457,BIOLOGICAL_REGION,0
6458,PSEUDO,3
6459,PSEUDO,3
6460,PSEUDO,3
6461,PSEUDO,3
6462,BIOLOGICAL_REGION,0
6463,snRNA,7
6464,PSEUDO,3
6465,ncRNA,4
6466,PSEUDO,3
6467,PSEUDO,3
6468,ncRNA,4
6469,PSEUDO,3
6470,BIOLOGICAL_REGION,0
6471,ncRNA,4
6472,ncRNA,4
6473,BIOLOGICAL_REGION,0
6474,ncRNA,4
6475,PROTEIN_CODING,2
6476,ncRNA,4
6477,PSEUDO,3
6478,BIOLOGICAL_REGION,0
6479,BIOLOGICAL_REGION,0
6480,BIOLOGICAL_REGION,0
6481,PSEUDO,3
6482,PSEUDO,3
6483,BIOLOGICAL_REGION,0
6484,BIOLOGICAL_REGION,0
6485,ncRNA,4
6486,PSEUDO,3
6487,tRNA,9
6488,BIOLOGICAL_REGION,0
6489,PSEUDO,3
6490,PSEUDO,3
6491,PSEUDO,3
6492,BIOLOGICAL_REGION,0
6493,BIOLOGICAL_REGION,0
6494,PSEUDO,3
6495,BIOLOGICAL_REGION,0
6496,PSEUDO,3
6497,PSEUDO,3
6498,BIOLOGICAL_REGION,0
6499,BIOLOGICAL_REGION,0
6500,PSEUDO,3
6501,ncRNA,4
6502,BIOLOGICAL_REGION,0
6503,PSEUDO,3
6504,BIOLOGICAL_REGION,0
6505,PSEUDO,3
6506,BIOLOGICAL_REGION,0
6507,PSEUDO,3
6508,PSEUDO,3
6509,OTHER,1
6510,BIOLOGICAL_REGION,0
6511,ncRNA,4
6512,PSEUDO,3
6513,PSEUDO,3
6514,PSEUDO,3
6515,PSEUDO,3
6516,PSEUDO,3
6517,PSEUDO,3
6518,BIOLOGICAL_REGION,0
6519,PSEUDO,3
6520,tRNA,9
6521,BIOLOGICAL_REGION,0
6522,PSEUDO,3
6523,PSEUDO,3
6524,BIOLOGICAL_REGION,0
6525,rRNA,5
6526,BIOLOGICAL_REGION,0
6527,ncRNA,4
6528,ncRNA,4
6529,PSEUDO,3
6530,BIOLOGICAL_REGION,0
6531,PSEUDO,3
6532,BIOLOGICAL_REGION,0
6533,BIOLOGICAL_REGION,0
6534,PSEUDO,3
6535,BIOLOGICAL_REGION,0
6536,PSEUDO,3
6537,BIOLOGICAL_REGION,0
6538,snoRNA,8
6539,PSEUDO,3
6540,PSEUDO,3
6541,BIOLOGICAL_REGION,0
6542,snoRNA,8
6543,snRNA,7
6544,PSEUDO,3
6545,snoRNA,8
6546,PSEUDO,3
6547,ncRNA,4
6548,BIOLOGICAL_REGION,0
6549,PSEUDO,3
6550,rRNA,5
6551,PSEUDO,3
6552,PROTEIN_CODING,2
6553,PSEUDO,3
6554,PROTEIN_CODING,2
6555,PSEUDO,3
6556,PSEUDO,3
6557,PSEUDO,3
6558,BIOLOGICAL_REGION,0
6559,PSEUDO,3
6560,BIOLOGICAL_REGION,0
6561,PROTEIN_CODING,2
6562,BIOLOGICAL_REGION,0
6563,PSEUDO,3
6564,PSEUDO,3
6565,BIOLOGICAL_REGION,0
6566,ncRNA,4
6567,BIOLOGICAL_REGION,0
6568,ncRNA,4
6569,OTHER,1
6570,PSEUDO,3
6571,BIOLOGICAL_REGION,0
6572,BIOLOGICAL_REGION,0
6573,BIOLOGICAL_REGION,0
6574,PSEUDO,3
6575,snoRNA,8
6576,BIOLOGICAL_REGION,0
6577,PSEUDO,3
6578,BIOLOGICAL_REGION,0
6579,ncRNA,4
6580,PSEUDO,3
6581,BIOLOGICAL_REGION,0
6582,PSEUDO,3
6583,PSEUDO,3
6584,PSEUDO,3
6585,ncRNA,4
6586,BIOLOGICAL_REGION,0
6587,ncRNA,4
6588,PSEUDO,3
6589,PSEUDO,3
6590,PSEUDO,3
6591,PSEUDO,3
6592,PSEUDO,3
6593,BIOLOGICAL_REGION,0
6594,PSEUDO,3
6595,PSEUDO,3
6596,PROTEIN_CODING,2
6597,PSEUDO,3
6598,ncRNA,4
6599,PSEUDO,3
6600,snoRNA,8
6601,PSEUDO,3
6602,BIOLOGICAL_REGION,0
6603,PSEUDO,3
6604,PROTEIN_CODING,2
6605,PSEUDO,3
6606,snoRNA,8
6607,BIOLOGICAL_REGION,0
6608,PSEUDO,3
6609,BIOLOGICAL_REGION,0
6610,PSEUDO,3
6611,BIOLOGICAL_REGION,0
6612,PROTEIN_CODING,2
6613,ncRNA,4
6614,BIOLOGICAL_REGION,0
6615,BIOLOGICAL_REGION,0
6616,BIOLOGICAL_REGION,0
6617,ncRNA,4
6618,ncRNA,4
6619,PSEUDO,3
6620,BIOLOGICAL_REGION,0
6621,PSEUDO,3
6622,ncRNA,4
6623,BIOLOGICAL_REGION,0
6624,snoRNA,8
6625,PSEUDO,3
6626,BIOLOGICAL_REGION,0
6627,BIOLOGICAL_REGION,0
6628,PSEUDO,3
6629,PSEUDO,3
6630,PSEUDO,3
6631,PSEUDO,3
6632,BIOLOGICAL_REGION,0
6633,snoRNA,8
6634,BIOLOGICAL_REGION,0
6635,PSEUDO,3
6636,PSEUDO,3
6637,PSEUDO,3
6638,PSEUDO,3
6639,ncRNA,4
6640,tRNA,9
6641,BIOLOGICAL_REGION,0
6642,BIOLOGICAL_REGION,0
6643,PSEUDO,3
6644,ncRNA,4
6645,PSEUDO,3
6646,PSEUDO,3
6647,PSEUDO,3
6648,BIOLOGICAL_REGION,0
6649,ncRNA,4
6650,PSEUDO,3
6651,PSEUDO,3
6652,PSEUDO,3
6653,PSEUDO,3
6654,ncRNA,4
6655,ncRNA,4
6656,BIOLOGICAL_REGION,0
6657,PSEUDO,3
6658,PSEUDO,3
6659,PSEUDO,3
6660,BIOLOGICAL_REGION,0
6661,rRNA,5
6662,BIOLOGICAL_REGION,0
6663,BIOLOGICAL_REGION,0
6664,PSEUDO,3
6665,PSEUDO,3
6666,PSEUDO,3
6667,BIOLOGICAL_REGION,0
6668,PSEUDO,3
6669,BIOLOGICAL_REGION,0
6670,PSEUDO,3
6671,PROTEIN_CODING,2
6672,PSEUDO,3
6673,BIOLOGICAL_REGION,0
6674,PSEUDO,3
6675,PSEUDO,3
6676,PROTEIN_CODING,2
6677,PSEUDO,3
6678,PSEUDO,3
6679,snoRNA,8
6680,PSEUDO,3
6681,PSEUDO,3
6682,ncRNA,4
6683,BIOLOGICAL_REGION,0
6684,PSEUDO,3
6685,BIOLOGICAL_REGION,0
6686,PSEUDO,3
6687,ncRNA,4
6688,ncRNA,4
6689,rRNA,5
6690,PROTEIN_CODING,2
6691,PSEUDO,3
6692,snoRNA,8
6693,ncRNA,4
6694,BIOLOGICAL_REGION,0
6695,PSEUDO,3
6696,BIOLOGICAL_REGION,0
6697,PSEUDO,3
6698,PSEUDO,3
6699,BIOLOGICAL_REGION,0
6700,PSEUDO,3
6701,BIOLOGICAL_REGION,0
6702,BIOLOGICAL_REGION,0
6703,BIOLOGICAL_REGION,0
6704,BIOLOGICAL_REGION,0
6705,PSEUDO,3
6706,PSEUDO,3
6707,BIOLOGICAL_REGION,0
6708,PSEUDO,3
6709,PSEUDO,3
6710,snoRNA,8
6711,PSEUDO,3
6712,PSEUDO,3
6713,PSEUDO,3
6714,ncRNA,4
6715,BIOLOGICAL_REGION,0
6716,PSEUDO,3
6717,PSEUDO,3
6718,PSEUDO,3
6719,BIOLOGICAL_REGION,0
6720,PSEUDO,3
6721,BIOLOGICAL_REGION,0
6722,PSEUDO,3
6723,PSEUDO,3
6724,PSEUDO,3
6725,BIOLOGICAL_REGION,0
6726,PSEUDO,3
6727,BIOLOGICAL_REGION,0
6728,BIOLOGICAL_REGION,0
6729,snRNA,7
6730,BIOLOGICAL_REGION,0
6731,BIOLOGICAL_REGION,0
6732,BIOLOGICAL_REGION,0
6733,BIOLOGICAL_REGION,0
6734,tRNA,9
6735,ncRNA,4
6736,ncRNA,4
6737,ncRNA,4
6738,BIOLOGICAL_REGION,0
6739,BIOLOGICAL_REGION,0
6740,PSEUDO,3
6741,PSEUDO,3
6742,PSEUDO,3
6743,PSEUDO,3
6744,PSEUDO,3
6745,PSEUDO,3
6746,PSEUDO,3
6747,PSEUDO,3
6748,PSEUDO,3
6749,ncRNA,4
6750,snoRNA,8
6751,BIOLOGICAL_REGION,0
6752,ncRNA,4
6753,PSEUDO,3
6754,OTHER,1
6755,BIOLOGICAL_REGION,0
6756,ncRNA,4
6757,BIOLOGICAL_REGION,0
6758,BIOLOGICAL_REGION,0
6759,snoRNA,8
6760,BIOLOGICAL_REGION,0
6761,ncRNA,4
6762,ncRNA,4
6763,PSEUDO,3
6764,BIOLOGICAL_REGION,0
6765,PSEUDO,3
6766,PSEUDO,3
6767,PSEUDO,3
6768,BIOLOGICAL_REGION,0
6769,ncRNA,4
6770,ncRNA,4
6771,ncRNA,4
6772,BIOLOGICAL_REGION,0
6773,BIOLOGICAL_REGION,0
6774,tRNA,9
6775,ncRNA,4
6776,BIOLOGICAL_REGION,0
6777,PSEUDO,3
6778,ncRNA,4
6779,BIOLOGICAL_REGION,0
6780,PSEUDO,3
6781,PSEUDO,3
6782,rRNA,5
6783,PSEUDO,3
6784,ncRNA,4
6785,ncRNA,4
6786,BIOLOGICAL_REGION,0
6787,PSEUDO,3
6788,PSEUDO,3
6789,PSEUDO,3
6790,BIOLOGICAL_REGION,0
6791,PSEUDO,3
6792,BIOLOGICAL_REGION,0
6793,BIOLOGICAL_REGION,0
6794,snoRNA,8
6795,PSEUDO,3
6796,PSEUDO,3
6797,PSEUDO,3
6798,PSEUDO,3
6799,ncRNA,4
6800,PSEUDO,3
6801,PSEUDO,3
6802,snoRNA,8
6803,PSEUDO,3
6804,BIOLOGICAL_REGION,0
6805,PSEUDO,3
6806,BIOLOGICAL_REGION,0
6807,BIOLOGICAL_REGION,0
6808,BIOLOGICAL_REGION,0
6809,PSEUDO,3
6810,PSEUDO,3
6811,BIOLOGICAL_REGION,0
6812,PSEUDO,3
6813,PROTEIN_CODING,2
6814,PSEUDO,3
6815,snoRNA,8
6816,snoRNA,8
6817,BIOLOGICAL_REGION,0
6818,ncRNA,4
6819,PSEUDO,3
6820,PSEUDO,3
6821,PSEUDO,3
6822,ncRNA,4
6823,BIOLOGICAL_REGION,0
6824,ncRNA,4
6825,PSEUDO,3
6826,PSEUDO,3
6827,PSEUDO,3
6828,PSEUDO,3
6829,BIOLOGICAL_REGION,0
6830,rRNA,5
6831,PSEUDO,3
6832,OTHER,1
6833,BIOLOGICAL_REGION,0
6834,ncRNA,4
6835,PSEUDO,3
6836,snoRNA,8
6837,PSEUDO,3
6838,ncRNA,4
6839,ncRNA,4
6840,PSEUDO,3
6841,BIOLOGICAL_REGION,0
6842,PSEUDO,3
6843,PSEUDO,3
6844,BIOLOGICAL_REGION,0
6845,PSEUDO,3
6846,BIOLOGICAL_REGION,0
6847,PSEUDO,3
6848,ncRNA,4
6849,PSEUDO,3
6850,BIOLOGICAL_REGION,0
6851,PSEUDO,3
6852,ncRNA,4
6853,PSEUDO,3
6854,PSEUDO,3
6855,PSEUDO,3
6856,BIOLOGICAL_REGION,0
6857,BIOLOGICAL_REGION,0
6858,PSEUDO,3
6859,BIOLOGICAL_REGION,0
6860,snoRNA,8
6861,BIOLOGICAL_REGION,0
6862,PSEUDO,3
6863,OTHER,1
6864,PSEUDO,3
6865,PSEUDO,3
6866,ncRNA,4
6867,BIOLOGICAL_REGION,0
6868,snoRNA,8
6869,PSEUDO,3
6870,rRNA,5
6871,PSEUDO,3
6872,PSEUDO,3
6873,PSEUDO,3
6874,PSEUDO,3
6875,PSEUDO,3
6876,PSEUDO,3
6877,BIOLOGICAL_REGION,0
6878,PSEUDO,3
6879,PROTEIN_CODING,2
6880,PSEUDO,3
6881,PSEUDO,3
6882,BIOLOGICAL_REGION,0
6883,BIOLOGICAL_REGION,0
6884,BIOLOGICAL_REGION,0
6885,BIOLOGICAL_REGION,0
6886,BIOLOGICAL_REGION,0
6887,PSEUDO,3
6888,ncRNA,4
6889,PSEUDO,3
6890,BIOLOGICAL_REGION,0
6891,PSEUDO,3
6892,PSEUDO,3
6893,BIOLOGICAL_REGION,0
6894,PSEUDO,3
6895,PSEUDO,3
6896,PSEUDO,3
6897,BIOLOGICAL_REGION,0
6898,PSEUDO,3
6899,PROTEIN_CODING,2
6900,PSEUDO,3
6901,PSEUDO,3
6902,ncRNA,4
6903,BIOLOGICAL_REGION,0
6904,PSEUDO,3
6905,BIOLOGICAL_REGION,0
6906,BIOLOGICAL_REGION,0
6907,rRNA,5
6908,BIOLOGICAL_REGION,0
6909,ncRNA,4
6910,BIOLOGICAL_REGION,0
6911,BIOLOGICAL_REGION,0
6912,PSEUDO,3
6913,BIOLOGICAL_REGION,0
6914,PSEUDO,3
6915,PSEUDO,3
6916,PSEUDO,3
6917,BIOLOGICAL_REGION,0
6918,BIOLOGICAL_REGION,0
6919,PSEUDO,3
6920,ncRNA,4
6921,BIOLOGICAL_REGION,0
6922,BIOLOGICAL_REGION,0
6923,PSEUDO,3
6924,PSEUDO,3
6925,PSEUDO,3
6926,PSEUDO,3
6927,BIOLOGICAL_REGION,0
6928,ncRNA,4
6929,ncRNA,4
6930,PSEUDO,3
6931,BIOLOGICAL_REGION,0
6932,PSEUDO,3
6933,BIOLOGICAL_REGION,0
6934,snoRNA,8
6935,BIOLOGICAL_REGION,0
6936,snoRNA,8
6937,PSEUDO,3
6938,ncRNA,4
6939,snoRNA,8
6940,PSEUDO,3
6941,PSEUDO,3
6942,ncRNA,4
6943,ncRNA,4
6944,ncRNA,4
6945,PSEUDO,3
6946,PSEUDO,3
6947,PROTEIN_CODING,2
6948,PSEUDO,3
6949,BIOLOGICAL_REGION,0
6950,BIOLOGICAL_REGION,0
6951,PSEUDO,3
6952,PSEUDO,3
6953,PROTEIN_CODING,2
6954,PSEUDO,3
6955,rRNA,5
6956,PSEUDO,3
6957,ncRNA,4
6958,ncRNA,4
6959,PSEUDO,3
6960,tRNA,9
6961,ncRNA,4
6962,ncRNA,4
6963,ncRNA,4
6964,BIOLOGICAL_REGION,0
6965,tRNA,9
6966,snRNA,7
6967,PSEUDO,3
6968,PSEUDO,3
6969,PSEUDO,3
6970,snoRNA,8
6971,ncRNA,4
6972,BIOLOGICAL_REGION,0
6973,PSEUDO,3
6974,BIOLOGICAL_REGION,0
6975,snoRNA,8
6976,BIOLOGICAL_REGION,0
6977,BIOLOGICAL_REGION,0
6978,PROTEIN_CODING,2
6979,PSEUDO,3
6980,BIOLOGICAL_REGION,0
6981,ncRNA,4
6982,snoRNA,8
6983,BIOLOGICAL_REGION,0
6984,ncRNA,4
6985,PSEUDO,3
6986,PSEUDO,3
6987,ncRNA,4
6988,BIOLOGICAL_REGION,0
6989,PSEUDO,3
6990,PSEUDO,3
6991,ncRNA,4
6992,ncRNA,4
6993,PSEUDO,3
6994,BIOLOGICAL_REGION,0
6995,snoRNA,8
6996,PSEUDO,3
6997,BIOLOGICAL_REGION,0
6998,PROTEIN_CODING,2
6999,snoRNA,8
7000,PSEUDO,3
7001,BIOLOGICAL_REGION,0
7002,PSEUDO,3
7003,PSEUDO,3
7004,ncRNA,4
7005,PROTEIN_CODING,2
7006,BIOLOGICAL_REGION,0
7007,PSEUDO,3
7008,PSEUDO,3
7009,BIOLOGICAL_REGION,0
7010,rRNA,5
7011,BIOLOGICAL_REGION,0
7012,PSEUDO,3
7013,PSEUDO,3
7014,BIOLOGICAL_REGION,0
7015,BIOLOGICAL_REGION,0
7016,snoRNA,8
7017,PSEUDO,3
7018,PSEUDO,3
7019,BIOLOGICAL_REGION,0
7020,ncRNA,4
7021,BIOLOGICAL_REGION,0
7022,PSEUDO,3
7023,ncRNA,4
7024,BIOLOGICAL_REGION,0
7025,BIOLOGICAL_REGION,0
7026,PSEUDO,3
7027,PSEUDO,3
7028,ncRNA,4
7029,PSEUDO,3
7030,PSEUDO,3
7031,PSEUDO,3
7032,BIOLOGICAL_REGION,0
7033,PSEUDO,3
7034,BIOLOGICAL_REGION,0
7035,BIOLOGICAL_REGION,0
7036,BIOLOGICAL_REGION,0
7037,PSEUDO,3
7038,PSEUDO,3
7039,snRNA,7
7040,PSEUDO,3
7041,PSEUDO,3
7042,BIOLOGICAL_REGION,0
7043,PSEUDO,3
7044,BIOLOGICAL_REGION,0
7045,BIOLOGICAL_REGION,0
7046,BIOLOGICAL_REGION,0
7047,PSEUDO,3
7048,BIOLOGICAL_REGION,0
7049,BIOLOGICAL_REGION,0
7050,rRNA,5
7051,BIOLOGICAL_REGION,0
7052,ncRNA,4
7053,BIOLOGICAL_REGION,0
7054,PSEUDO,3
7055,PSEUDO,3
7056,PSEUDO,3
7057,ncRNA,4
7058,PSEUDO,3
7059,BIOLOGICAL_REGION,0
7060,BIOLOGICAL_REGION,0
7061,PSEUDO,3
7062,PSEUDO,3
7063,PSEUDO,3
7064,PSEUDO,3
7065,BIOLOGICAL_REGION,0
7066,BIOLOGICAL_REGION,0
7067,OTHER,1
7068,PSEUDO,3
7069,PSEUDO,3
7070,BIOLOGICAL_REGION,0
7071,ncRNA,4
7072,ncRNA,4
7073,ncRNA,4
7074,BIOLOGICAL_REGION,0
7075,snoRNA,8
7076,PSEUDO,3
7077,BIOLOGICAL_REGION,0
7078,PSEUDO,3
7079,ncRNA,4
7080,PSEUDO,3
7081,BIOLOGICAL_REGION,0
7082,PSEUDO,3
7083,ncRNA,4
7084,PSEUDO,3
7085,PSEUDO,3
7086,ncRNA,4
7087,PSEUDO,3
7088,PSEUDO,3
7089,snoRNA,8
7090,BIOLOGICAL_REGION,0
7091,BIOLOGICAL_REGION,0
7092,PSEUDO,3
7093,PSEUDO,3
7094,PSEUDO,3
7095,BIOLOGICAL_REGION,0
7096,PSEUDO,3
7097,rRNA,5
7098,PSEUDO,3
7099,PSEUDO,3
7100,PSEUDO,3
7101,BIOLOGICAL_REGION,0
7102,BIOLOGICAL_REGION,0
7103,snoRNA,8
7104,tRNA,9
7105,snoRNA,8
7106,PSEUDO,3
7107,PSEUDO,3
7108,BIOLOGICAL_REGION,0
7109,PSEUDO,3
7110,PSEUDO,3
7111,BIOLOGICAL_REGION,0
7112,PSEUDO,3
7113,BIOLOGICAL_REGION,0
7114,PSEUDO,3
7115,PSEUDO,3
7116,BIOLOGICAL_REGION,0
7117,BIOLOGICAL_REGION,0
7118,BIOLOGICAL_REGION,0
7119,BIOLOGICAL_REGION,0
7120,BIOLOGICAL_REGION,0
7121,PSEUDO,3
7122,PSEUDO,3
7123,snoRNA,8
7124,PSEUDO,3
7125,ncRNA,4
7126,ncRNA,4
7127,BIOLOGICAL_REGION,0
7128,BIOLOGICAL_REGION,0
7129,BIOLOGICAL_REGION,0
7130,BIOLOGICAL_REGION,0
7131,PSEUDO,3
7132,ncRNA,4
7133,PSEUDO,3
7134,PSEUDO,3
7135,BIOLOGICAL_REGION,0
7136,PSEUDO,3
7137,PSEUDO,3
7138,PSEUDO,3
7139,BIOLOGICAL_REGION,0
7140,BIOLOGICAL_REGION,0
7141,BIOLOGICAL_REGION,0
7142,ncRNA,4
7143,PSEUDO,3
7144,PSEUDO,3
7145,PSEUDO,3
7146,BIOLOGICAL_REGION,0
7147,PSEUDO,3
7148,ncRNA,4
7149,PSEUDO,3
7150,BIOLOGICAL_REGION,0
7151,PSEUDO,3
7152,ncRNA,4
7153,PSEUDO,3
7154,BIOLOGICAL_REGION,0
7155,PSEUDO,3
7156,PSEUDO,3
7157,ncRNA,4
7158,snoRNA,8
7159,snoRNA,8
7160,PROTEIN_CODING,2
7161,snoRNA,8
7162,PSEUDO,3
7163,PSEUDO,3
7164,BIOLOGICAL_REGION,0
7165,PSEUDO,3
7166,BIOLOGICAL_REGION,0
7167,PSEUDO,3
7168,tRNA,9
7169,PSEUDO,3
7170,PSEUDO,3
7171,BIOLOGICAL_REGION,0
7172,tRNA,9
7173,PSEUDO,3
7174,BIOLOGICAL_REGION,0
7175,BIOLOGICAL_REGION,0
7176,PSEUDO,3
7177,ncRNA,4
7178,BIOLOGICAL_REGION,0
7179,BIOLOGICAL_REGION,0
7180,BIOLOGICAL_REGION,0
7181,PSEUDO,3
7182,BIOLOGICAL_REGION,0
7183,PSEUDO,3
7184,BIOLOGICAL_REGION,0
7185,BIOLOGICAL_REGION,0
7186,BIOLOGICAL_REGION,0
7187,PROTEIN_CODING,2
7188,BIOLOGICAL_REGION,0
7189,PSEUDO,3
7190,PSEUDO,3
7191,PSEUDO,3
7192,PSEUDO,3
7193,PSEUDO,3
7194,BIOLOGICAL_REGION,0
7195,tRNA,9
7196,BIOLOGICAL_REGION,0
7197,snoRNA,8
7198,BIOLOGICAL_REGION,0
7199,snoRNA,8
7200,BIOLOGICAL_REGION,0
7201,BIOLOGICAL_REGION,0
7202,BIOLOGICAL_REGION,0
7203,BIOLOGICAL_REGION,0
7204,BIOLOGICAL_REGION,0
7205,snoRNA,8
7206,PSEUDO,3
7207,PSEUDO,3
7208,ncRNA,4
7209,BIOLOGICAL_REGION,0
7210,ncRNA,4
7211,PSEUDO,3
7212,PSEUDO,3
7213,BIOLOGICAL_REGION,0
7214,BIOLOGICAL_REGION,0
7215,BIOLOGICAL_REGION,0
7216,PSEUDO,3
7217,BIOLOGICAL_REGION,0
7218,BIOLOGICAL_REGION,0
7219,BIOLOGICAL_REGION,0
7220,BIOLOGICAL_REGION,0
7221,BIOLOGICAL_REGION,0
7222,PSEUDO,3
7223,ncRNA,4
7224,rRNA,5
7225,BIOLOGICAL_REGION,0
7226,BIOLOGICAL_REGION,0
7227,PSEUDO,3
7228,BIOLOGICAL_REGION,0
7229,snoRNA,8
7230,BIOLOGICAL_REGION,0
7231,BIOLOGICAL_REGION,0
7232,PSEUDO,3
7233,PSEUDO,3
7234,PSEUDO,3
7235,PSEUDO,3
7236,BIOLOGICAL_REGION,0
7237,BIOLOGICAL_REGION,0
7238,BIOLOGICAL_REGION,0
7239,PSEUDO,3
7240,PSEUDO,3
7241,BIOLOGICAL_REGION,0
7242,PSEUDO,3
7243,OTHER,1
7244,BIOLOGICAL_REGION,0
7245,PSEUDO,3
7246,BIOLOGICAL_REGION,0
7247,snoRNA,8
7248,ncRNA,4
7249,PSEUDO,3
7250,PSEUDO,3
7251,snoRNA,8
7252,PSEUDO,3
7253,PSEUDO,3
7254,BIOLOGICAL_REGION,0
7255,PSEUDO,3
7256,PSEUDO,3
7257,snoRNA,8
7258,PSEUDO,3
7259,snoRNA,8
7260,BIOLOGICAL_REGION,0
7261,PSEUDO,3
7262,PSEUDO,3
7263,PSEUDO,3
7264,ncRNA,4
7265,PSEUDO,3
7266,PSEUDO,3
7267,BIOLOGICAL_REGION,0
7268,BIOLOGICAL_REGION,0
7269,PSEUDO,3
7270,BIOLOGICAL_REGION,0
7271,ncRNA,4
7272,PSEUDO,3
7273,ncRNA,4
7274,PSEUDO,3
7275,BIOLOGICAL_REGION,0
7276,ncRNA,4
7277,BIOLOGICAL_REGION,0
7278,PSEUDO,3
7279,ncRNA,4
7280,PSEUDO,3
7281,BIOLOGICAL_REGION,0
7282,PSEUDO,3
7283,PSEUDO,3
7284,PSEUDO,3
7285,PSEUDO,3
7286,BIOLOGICAL_REGION,0
7287,ncRNA,4
7288,OTHER,1
7289,PSEUDO,3
7290,BIOLOGICAL_REGION,0
7291,BIOLOGICAL_REGION,0
7292,PSEUDO,3
7293,tRNA,9
7294,PSEUDO,3
7295,BIOLOGICAL_REGION,0
7296,BIOLOGICAL_REGION,0
7297,tRNA,9
7298,PSEUDO,3
7299,PSEUDO,3
7300,ncRNA,4
7301,rRNA,5
7302,BIOLOGICAL_REGION,0
7303,PSEUDO,3
7304,BIOLOGICAL_REGION,0
7305,BIOLOGICAL_REGION,0
7306,BIOLOGICAL_REGION,0
7307,PSEUDO,3
7308,PSEUDO,3
7309,PSEUDO,3
7310,PSEUDO,3
7311,PSEUDO,3
7312,PSEUDO,3
7313,BIOLOGICAL_REGION,0
7314,PSEUDO,3
7315,BIOLOGICAL_REGION,0
7316,BIOLOGICAL_REGION,0
7317,PSEUDO,3
7318,tRNA,9
7319,PSEUDO,3
7320,ncRNA,4
7321,PSEUDO,3
7322,PSEUDO,3
7323,BIOLOGICAL_REGION,0
7324,PSEUDO,3
7325,BIOLOGICAL_REGION,0
7326,PSEUDO,3
7327,rRNA,5
7328,BIOLOGICAL_REGION,0
7329,PSEUDO,3
7330,PSEUDO,3
7331,BIOLOGICAL_REGION,0
7332,rRNA,5
7333,BIOLOGICAL_REGION,0
7334,PSEUDO,3
7335,PSEUDO,3
7336,BIOLOGICAL_REGION,0
7337,ncRNA,4
7338,BIOLOGICAL_REGION,0
7339,PSEUDO,3
7340,BIOLOGICAL_REGION,0
7341,BIOLOGICAL_REGION,0
7342,PSEUDO,3
7343,ncRNA,4
7344,ncRNA,4
7345,PSEUDO,3
7346,ncRNA,4
7347,BIOLOGICAL_REGION,0
7348,PSEUDO,3
7349,PSEUDO,3
7350,PSEUDO,3
7351,PSEUDO,3
7352,snRNA,7
7353,ncRNA,4
7354,PSEUDO,3
7355,ncRNA,4
7356,PSEUDO,3
7357,PSEUDO,3
7358,PSEUDO,3
7359,PSEUDO,3
7360,PSEUDO,3
7361,ncRNA,4
7362,PSEUDO,3
7363,PSEUDO,3
7364,BIOLOGICAL_REGION,0
7365,PSEUDO,3
7366,PSEUDO,3
7367,PSEUDO,3
7368,PSEUDO,3
7369,BIOLOGICAL_REGION,0
7370,BIOLOGICAL_REGION,0
7371,BIOLOGICAL_REGION,0
7372,ncRNA,4
7373,ncRNA,4
7374,BIOLOGICAL_REGION,0
7375,PSEUDO,3
7376,BIOLOGICAL_REGION,0
7377,BIOLOGICAL_REGION,0
7378,snRNA,7
7379,BIOLOGICAL_REGION,0
7380,PSEUDO,3
7381,PSEUDO,3
7382,BIOLOGICAL_REGION,0
7383,PSEUDO,3
7384,ncRNA,4
7385,PSEUDO,3
7386,BIOLOGICAL_REGION,0
7387,ncRNA,4
7388,BIOLOGICAL_REGION,0
7389,PSEUDO,3
7390,PSEUDO,3
7391,PSEUDO,3
7392,BIOLOGICAL_REGION,0
7393,PSEUDO,3
7394,PSEUDO,3
7395,PSEUDO,3
7396,BIOLOGICAL_REGION,0
7397,ncRNA,4
7398,PSEUDO,3
7399,ncRNA,4
7400,BIOLOGICAL_REGION,0
7401,rRNA,5
7402,BIOLOGICAL_REGION,0
7403,BIOLOGICAL_REGION,0
7404,PSEUDO,3
7405,PSEUDO,3
7406,BIOLOGICAL_REGION,0
7407,ncRNA,4
7408,BIOLOGICAL_REGION,0
7409,PSEUDO,3
7410,ncRNA,4
7411,PSEUDO,3
7412,PSEUDO,3
7413,ncRNA,4
7414,OTHER,1
7415,PSEUDO,3
7416,PSEUDO,3
7417,PSEUDO,3
7418,PSEUDO,3
7419,tRNA,9
7420,BIOLOGICAL_REGION,0
7421,PSEUDO,3
7422,PSEUDO,3
7423,ncRNA,4
7424,PSEUDO,3
7425,PSEUDO,3
7426,BIOLOGICAL_REGION,0
7427,PSEUDO,3
7428,BIOLOGICAL_REGION,0
7429,PSEUDO,3
7430,PSEUDO,3
7431,PSEUDO,3
7432,BIOLOGICAL_REGION,0
7433,PSEUDO,3
7434,ncRNA,4
7435,PSEUDO,3
7436,PSEUDO,3
7437,PSEUDO,3
7438,PSEUDO,3
7439,BIOLOGICAL_REGION,0
7440,PSEUDO,3
7441,PSEUDO,3
7442,PSEUDO,3
7443,PSEUDO,3
7444,PSEUDO,3
7445,ncRNA,4
7446,ncRNA,4
7447,PSEUDO,3
7448,PSEUDO,3
7449,snoRNA,8
7450,BIOLOGICAL_REGION,0
7451,PROTEIN_CODING,2
7452,BIOLOGICAL_REGION,0
7453,PSEUDO,3
7454,PSEUDO,3
7455,PSEUDO,3
7456,BIOLOGICAL_REGION,0
7457,BIOLOGICAL_REGION,0
7458,ncRNA,4
7459,ncRNA,4
7460,ncRNA,4
7461,PSEUDO,3
7462,PSEUDO,3
7463,PSEUDO,3
7464,PSEUDO,3
7465,PSEUDO,3
7466,PSEUDO,3
7467,ncRNA,4
7468,PSEUDO,3
7469,ncRNA,4
7470,PSEUDO,3
7471,BIOLOGICAL_REGION,0
7472,ncRNA,4
7473,snoRNA,8
7474,ncRNA,4
7475,PSEUDO,3
7476,PSEUDO,3
7477,PSEUDO,3
7478,PSEUDO,3
7479,PSEUDO,3
7480,OTHER,1
7481,BIOLOGICAL_REGION,0
7482,BIOLOGICAL_REGION,0
7483,OTHER,1
7484,ncRNA,4
7485,PSEUDO,3
7486,PSEUDO,3
7487,BIOLOGICAL_REGION,0
7488,BIOLOGICAL_REGION,0
7489,BIOLOGICAL_REGION,0
7490,PSEUDO,3
7491,OTHER,1
7492,ncRNA,4
7493,BIOLOGICAL_REGION,0
7494,BIOLOGICAL_REGION,0
7495,PSEUDO,3
7496,PSEUDO,3
7497,BIOLOGICAL_REGION,0
7498,snoRNA,8
7499,PSEUDO,3
7500,BIOLOGICAL_REGION,0
7501,PSEUDO,3
7502,PSEUDO,3
7503,PSEUDO,3
7504,PSEUDO,3
7505,PSEUDO,3
7506,PSEUDO,3
7507,PSEUDO,3
7508,PSEUDO,3
7509,PSEUDO,3
7510,PSEUDO,3
7511,snoRNA,8
7512,PSEUDO,3
7513,BIOLOGICAL_REGION,0
7514,PSEUDO,3
7515,ncRNA,4
7516,PSEUDO,3
7517,OTHER,1
7518,BIOLOGICAL_REGION,0
7519,BIOLOGICAL_REGION,0
7520,PSEUDO,3
7521,PSEUDO,3
7522,BIOLOGICAL_REGION,0
7523,BIOLOGICAL_REGION,0
7524,PSEUDO,3
7525,PSEUDO,3
7526,PSEUDO,3
7527,BIOLOGICAL_REGION,0
7528,BIOLOGICAL_REGION,0
7529,PSEUDO,3
7530,BIOLOGICAL_REGION,0
7531,PSEUDO,3
7532,PSEUDO,3
7533,ncRNA,4
7534,BIOLOGICAL_REGION,0
7535,BIOLOGICAL_REGION,0
7536,ncRNA,4
7537,BIOLOGICAL_REGION,0
7538,BIOLOGICAL_REGION,0
7539,PROTEIN_CODING,2
7540,ncRNA,4
7541,BIOLOGICAL_REGION,0
7542,BIOLOGICAL_REGION,0
7543,snoRNA,8
7544,ncRNA,4
7545,PSEUDO,3
7546,PSEUDO,3
7547,ncRNA,4
7548,PSEUDO,3
7549,ncRNA,4
7550,BIOLOGICAL_REGION,0
7551,PSEUDO,3
7552,snoRNA,8
7553,PSEUDO,3
7554,ncRNA,4
7555,snoRNA,8
7556,PSEUDO,3
7557,PSEUDO,3
7558,PSEUDO,3
7559,PSEUDO,3
7560,PSEUDO,3
7561,ncRNA,4
7562,PROTEIN_CODING,2
7563,ncRNA,4
7564,BIOLOGICAL_REGION,0
7565,PSEUDO,3
7566,PSEUDO,3
7567,PSEUDO,3
7568,BIOLOGICAL_REGION,0
7569,PSEUDO,3
7570,PSEUDO,3
7571,ncRNA,4
7572,BIOLOGICAL_REGION,0
7573,BIOLOGICAL_REGION,0
7574,snoRNA,8
7575,PSEUDO,3
7576,PSEUDO,3
7577,snoRNA,8
7578,PSEUDO,3
7579,PSEUDO,3
7580,BIOLOGICAL_REGION,0
7581,BIOLOGICAL_REGION,0
7582,tRNA,9
7583,PSEUDO,3
7584,PSEUDO,3
7585,PSEUDO,3
7586,BIOLOGICAL_REGION,0
7587,PSEUDO,3
7588,BIOLOGICAL_REGION,0
7589,BIOLOGICAL_REGION,0
7590,PSEUDO,3
7591,ncRNA,4
7592,PSEUDO,3
7593,PSEUDO,3
7594,PSEUDO,3
7595,PSEUDO,3
7596,BIOLOGICAL_REGION,0
7597,BIOLOGICAL_REGION,0
7598,PSEUDO,3
7599,PSEUDO,3
7600,PSEUDO,3
7601,PSEUDO,3
7602,BIOLOGICAL_REGION,0
7603,snoRNA,8
7604,BIOLOGICAL_REGION,0
7605,tRNA,9
7606,BIOLOGICAL_REGION,0
7607,PSEUDO,3
7608,PSEUDO,3
7609,ncRNA,4
7610,BIOLOGICAL_REGION,0
7611,PSEUDO,3
7612,BIOLOGICAL_REGION,0
7613,BIOLOGICAL_REGION,0
7614,tRNA,9
7615,PSEUDO,3
7616,ncRNA,4
7617,PSEUDO,3
7618,PROTEIN_CODING,2
7619,ncRNA,4
7620,BIOLOGICAL_REGION,0
7621,PSEUDO,3
7622,PSEUDO,3
7623,BIOLOGICAL_REGION,0
7624,PSEUDO,3
7625,BIOLOGICAL_REGION,0
7626,BIOLOGICAL_REGION,0
7627,ncRNA,4
7628,PSEUDO,3
7629,BIOLOGICAL_REGION,0
7630,ncRNA,4
7631,BIOLOGICAL_REGION,0
7632,PSEUDO,3
7633,tRNA,9
7634,BIOLOGICAL_REGION,0
7635,BIOLOGICAL_REGION,0
7636,PSEUDO,3
7637,PSEUDO,3
7638,PSEUDO,3
7639,rRNA,5
7640,PSEUDO,3
7641,PSEUDO,3
7642,PSEUDO,3
7643,BIOLOGICAL_REGION,0
7644,ncRNA,4
7645,PSEUDO,3
7646,snoRNA,8
7647,PSEUDO,3
7648,BIOLOGICAL_REGION,0
7649,PSEUDO,3
7650,tRNA,9
7651,BIOLOGICAL_REGION,0
7652,PSEUDO,3
7653,BIOLOGICAL_REGION,0
7654,BIOLOGICAL_REGION,0
7655,BIOLOGICAL_REGION,0
7656,PSEUDO,3
7657,PSEUDO,3
7658,PSEUDO,3
7659,PSEUDO,3
7660,BIOLOGICAL_REGION,0
7661,PSEUDO,3
7662,PSEUDO,3
7663,PSEUDO,3
7664,PSEUDO,3
7665,PSEUDO,3
7666,BIOLOGICAL_REGION,0
7667,PSEUDO,3
7668,BIOLOGICAL_REGION,0
7669,PSEUDO,3
7670,PSEUDO,3
7671,BIOLOGICAL_REGION,0
7672,PSEUDO,3
7673,BIOLOGICAL_REGION,0
7674,snoRNA,8
7675,tRNA,9
7676,PSEUDO,3
7677,PSEUDO,3
7678,BIOLOGICAL_REGION,0
7679,PSEUDO,3
7680,PSEUDO,3
7681,OTHER,1
7682,ncRNA,4
7683,BIOLOGICAL_REGION,0
7684,BIOLOGICAL_REGION,0
7685,PSEUDO,3
7686,PSEUDO,3
7687,PSEUDO,3
7688,PSEUDO,3
7689,PSEUDO,3
7690,PSEUDO,3
7691,PSEUDO,3
7692,BIOLOGICAL_REGION,0
7693,PSEUDO,3
7694,BIOLOGICAL_REGION,0
7695,ncRNA,4
7696,PSEUDO,3
7697,PSEUDO,3
7698,BIOLOGICAL_REGION,0
7699,PSEUDO,3
7700,BIOLOGICAL_REGION,0
7701,PSEUDO,3
7702,ncRNA,4
7703,PSEUDO,3
7704,PSEUDO,3
7705,ncRNA,4
7706,BIOLOGICAL_REGION,0
7707,PSEUDO,3
7708,ncRNA,4
7709,PROTEIN_CODING,2
7710,BIOLOGICAL_REGION,0
7711,PSEUDO,3
7712,BIOLOGICAL_REGION,0
7713,BIOLOGICAL_REGION,0
7714,tRNA,9
7715,PSEUDO,3
7716,BIOLOGICAL_REGION,0
7717,PSEUDO,3
7718,BIOLOGICAL_REGION,0
7719,PSEUDO,3
7720,PSEUDO,3
7721,ncRNA,4
7722,PSEUDO,3
7723,BIOLOGICAL_REGION,0
7724,BIOLOGICAL_REGION,0
7725,PSEUDO,3
7726,BIOLOGICAL_REGION,0
7727,PSEUDO,3
7728,ncRNA,4
7729,BIOLOGICAL_REGION,0
7730,BIOLOGICAL_REGION,0
7731,BIOLOGICAL_REGION,0
7732,BIOLOGICAL_REGION,0
7733,PSEUDO,3
7734,PSEUDO,3
7735,BIOLOGICAL_REGION,0
7736,PSEUDO,3
7737,PSEUDO,3
7738,PSEUDO,3
7739,BIOLOGICAL_REGION,0
7740,PSEUDO,3
7741,PSEUDO,3
7742,ncRNA,4
7743,BIOLOGICAL_REGION,0
7744,PSEUDO,3
7745,BIOLOGICAL_REGION,0
7746,PSEUDO,3
7747,PSEUDO,3
7748,BIOLOGICAL_REGION,0
7749,PSEUDO,3
7750,PSEUDO,3
7751,BIOLOGICAL_REGION,0
7752,BIOLOGICAL_REGION,0
7753,PSEUDO,3
7754,PSEUDO,3
7755,BIOLOGICAL_REGION,0
7756,PSEUDO,3
7757,BIOLOGICAL_REGION,0
7758,BIOLOGICAL_REGION,0
7759,BIOLOGICAL_REGION,0
7760,PSEUDO,3
7761,PSEUDO,3
7762,PSEUDO,3
7763,snoRNA,8
7764,rRNA,5
7765,tRNA,9
7766,tRNA,9
7767,rRNA,5
7768,snoRNA,8
7769,PSEUDO,3
7770,PSEUDO,3
7771,BIOLOGICAL_REGION,0
7772,PSEUDO,3
7773,BIOLOGICAL_REGION,0
7774,PSEUDO,3
7775,PSEUDO,3
7776,PSEUDO,3
7777,PSEUDO,3
7778,ncRNA,4
7779,BIOLOGICAL_REGION,0
7780,PSEUDO,3
7781,BIOLOGICAL_REGION,0
7782,PSEUDO,3
7783,PSEUDO,3
7784,BIOLOGICAL_REGION,0
7785,PSEUDO,3
7786,PSEUDO,3
7787,PSEUDO,3
7788,PSEUDO,3
7789,PSEUDO,3
7790,PSEUDO,3
7791,tRNA,9
7792,PSEUDO,3
7793,BIOLOGICAL_REGION,0
7794,PSEUDO,3
7795,PSEUDO,3
7796,BIOLOGICAL_REGION,0
7797,BIOLOGICAL_REGION,0
7798,BIOLOGICAL_REGION,0
7799,ncRNA,4
7800,BIOLOGICAL_REGION,0
7801,ncRNA,4
7802,BIOLOGICAL_REGION,0
7803,PSEUDO,3
7804,PSEUDO,3
7805,PSEUDO,3
7806,BIOLOGICAL_REGION,0
7807,BIOLOGICAL_REGION,0
7808,BIOLOGICAL_REGION,0
7809,PSEUDO,3
7810,PSEUDO,3
7811,BIOLOGICAL_REGION,0
7812,BIOLOGICAL_REGION,0
7813,BIOLOGICAL_REGION,0
7814,BIOLOGICAL_REGION,0
7815,PSEUDO,3
7816,BIOLOGICAL_REGION,0
7817,OTHER,1
7818,tRNA,9
7819,BIOLOGICAL_REGION,0
7820,BIOLOGICAL_REGION,0
7821,tRNA,9
7822,PSEUDO,3
7823,BIOLOGICAL_REGION,0
7824,PSEUDO,3
7825,BIOLOGICAL_REGION,0
7826,PSEUDO,3
7827,BIOLOGICAL_REGION,0
7828,PSEUDO,3
7829,snoRNA,8
7830,PSEUDO,3
7831,PSEUDO,3
7832,PSEUDO,3
7833,PSEUDO,3
7834,ncRNA,4
7835,PSEUDO,3
7836,BIOLOGICAL_REGION,0
7837,PSEUDO,3
7838,PSEUDO,3
7839,PSEUDO,3
7840,PSEUDO,3
7841,PSEUDO,3
7842,BIOLOGICAL_REGION,0
7843,ncRNA,4
7844,BIOLOGICAL_REGION,0
7845,BIOLOGICAL_REGION,0
7846,PSEUDO,3
7847,ncRNA,4
7848,PSEUDO,3
7849,PSEUDO,3
7850,BIOLOGICAL_REGION,0
7851,PSEUDO,3
7852,PSEUDO,3
7853,PSEUDO,3
7854,PSEUDO,3
7855,PSEUDO,3
7856,PSEUDO,3
7857,PROTEIN_CODING,2
7858,BIOLOGICAL_REGION,0
7859,tRNA,9
7860,BIOLOGICAL_REGION,0
7861,BIOLOGICAL_REGION,0
7862,BIOLOGICAL_REGION,0
7863,BIOLOGICAL_REGION,0
7864,PSEUDO,3
7865,BIOLOGICAL_REGION,0
7866,BIOLOGICAL_REGION,0
7867,BIOLOGICAL_REGION,0
7868,BIOLOGICAL_REGION,0
7869,BIOLOGICAL_REGION,0
7870,PSEUDO,3
7871,PSEUDO,3
7872,tRNA,9
7873,ncRNA,4
7874,tRNA,9
7875,ncRNA,4
7876,PSEUDO,3
7877,BIOLOGICAL_REGION,0
7878,BIOLOGICAL_REGION,0
7879,BIOLOGICAL_REGION,0
7880,PSEUDO,3
7881,ncRNA,4
7882,PSEUDO,3
7883,snRNA,7
7884,OTHER,1
7885,PSEUDO,3
7886,PSEUDO,3
7887,rRNA,5
7888,BIOLOGICAL_REGION,0
7889,PSEUDO,3
7890,BIOLOGICAL_REGION,0
7891,ncRNA,4
7892,BIOLOGICAL_REGION,0
7893,BIOLOGICAL_REGION,0
7894,BIOLOGICAL_REGION,0
7895,PSEUDO,3
7896,BIOLOGICAL_REGION,0
7897,PSEUDO,3
7898,BIOLOGICAL_REGION,0
7899,BIOLOGICAL_REGION,0
7900,BIOLOGICAL_REGION,0
7901,PSEUDO,3
7902,OTHER,1
7903,PSEUDO,3
7904,ncRNA,4
7905,PSEUDO,3
7906,BIOLOGICAL_REGION,0
7907,PSEUDO,3
7908,ncRNA,4
7909,ncRNA,4
7910,snoRNA,8
7911,snoRNA,8
7912,PROTEIN_CODING,2
7913,snoRNA,8
7914,PSEUDO,3
7915,PSEUDO,3
7916,PSEUDO,3
7917,PSEUDO,3
7918,BIOLOGICAL_REGION,0
7919,BIOLOGICAL_REGION,0
7920,PSEUDO,3
7921,PSEUDO,3
7922,PSEUDO,3
7923,PSEUDO,3
7924,BIOLOGICAL_REGION,0
7925,ncRNA,4
7926,PSEUDO,3
7927,BIOLOGICAL_REGION,0
7928,BIOLOGICAL_REGION,0
7929,PSEUDO,3
7930,snoRNA,8
7931,rRNA,5
7932,PSEUDO,3
7933,PSEUDO,3
7934,ncRNA,4
7935,BIOLOGICAL_REGION,0
7936,BIOLOGICAL_REGION,0
7937,BIOLOGICAL_REGION,0
7938,BIOLOGICAL_REGION,0
7939,BIOLOGICAL_REGION,0
7940,BIOLOGICAL_REGION,0
7941,PSEUDO,3
7942,PSEUDO,3
7943,PSEUDO,3
7944,PSEUDO,3
7945,snoRNA,8
7946,PSEUDO,3
7947,PSEUDO,3
7948,BIOLOGICAL_REGION,0
7949,BIOLOGICAL_REGION,0
7950,ncRNA,4
7951,PSEUDO,3
7952,ncRNA,4
7953,ncRNA,4
7954,PSEUDO,3
7955,snoRNA,8
7956,PSEUDO,3
7957,BIOLOGICAL_REGION,0
7958,PSEUDO,3
7959,BIOLOGICAL_REGION,0
7960,BIOLOGICAL_REGION,0
7961,PSEUDO,3
7962,BIOLOGICAL_REGION,0
7963,PSEUDO,3
7964,PSEUDO,3
7965,ncRNA,4
7966,PSEUDO,3
7967,PSEUDO,3
7968,OTHER,1
7969,BIOLOGICAL_REGION,0
7970,PSEUDO,3
7971,ncRNA,4
7972,ncRNA,4
7973,PSEUDO,3
7974,BIOLOGICAL_REGION,0
7975,PSEUDO,3
7976,ncRNA,4
7977,PSEUDO,3
7978,BIOLOGICAL_REGION,0
7979,BIOLOGICAL_REGION,0
7980,ncRNA,4
7981,BIOLOGICAL_REGION,0
7982,BIOLOGICAL_REGION,0
7983,BIOLOGICAL_REGION,0
7984,PSEUDO,3
7985,BIOLOGICAL_REGION,0
7986,snoRNA,8
7987,PSEUDO,3
7988,PSEUDO,3
7989,BIOLOGICAL_REGION,0
7990,PSEUDO,3
7991,BIOLOGICAL_REGION,0
7992,PSEUDO,3
7993,PSEUDO,3
7994,PSEUDO,3
7995,BIOLOGICAL_REGION,0
7996,PSEUDO,3
7997,BIOLOGICAL_REGION,0
7998,BIOLOGICAL_REGION,0
7999,BIOLOGICAL_REGION,0
8000,ncRNA,4
8001,PROTEIN_CODING,2
8002,BIOLOGICAL_REGION,0
8003,PSEUDO,3
8004,snoRNA,8
8005,BIOLOGICAL_REGION,0
8006,PSEUDO,3
8007,PSEUDO,3
8008,snoRNA,8
8009,BIOLOGICAL_REGION,0
8010,tRNA,9
8011,snoRNA,8
8012,PSEUDO,3
8013,BIOLOGICAL_REGION,0
8014,ncRNA,4
8015,BIOLOGICAL_REGION,0
8016,PSEUDO,3
8017,ncRNA,4
8018,OTHER,1
8019,BIOLOGICAL_REGION,0
8020,ncRNA,4
8021,PSEUDO,3
8022,BIOLOGICAL_REGION,0
8023,BIOLOGICAL_REGION,0
8024,BIOLOGICAL_REGION,0
8025,PSEUDO,3
8026,BIOLOGICAL_REGION,0
8027,BIOLOGICAL_REGION,0
8028,PSEUDO,3
8029,BIOLOGICAL_REGION,0
8030,BIOLOGICAL_REGION,0
8031,BIOLOGICAL_REGION,0
8032,PSEUDO,3
8033,BIOLOGICAL_REGION,0
8034,BIOLOGICAL_REGION,0
8035,BIOLOGICAL_REGION,0
8036,PSEUDO,3
8037,PSEUDO,3
8038,BIOLOGICAL_REGION,0
8039,ncRNA,4
8040,PSEUDO,3
8041,PSEUDO,3
8042,BIOLOGICAL_REGION,0
8043,PSEUDO,3
8044,BIOLOGICAL_REGION,0
8045,PSEUDO,3
8046,BIOLOGICAL_REGION,0
8047,PSEUDO,3
8048,PSEUDO,3
8049,BIOLOGICAL_REGION,0
8050,PSEUDO,3
8051,PSEUDO,3
8052,snoRNA,8
8053,PSEUDO,3
8054,PSEUDO,3
8055,PSEUDO,3
8056,PSEUDO,3
8057,PSEUDO,3
8058,ncRNA,4
8059,PSEUDO,3
8060,BIOLOGICAL_REGION,0
8061,PSEUDO,3
8062,ncRNA,4
8063,BIOLOGICAL_REGION,0
8064,PSEUDO,3
8065,PSEUDO,3
8066,ncRNA,4
8067,PROTEIN_CODING,2
8068,PSEUDO,3
8069,BIOLOGICAL_REGION,0
8070,PSEUDO,3
8071,ncRNA,4
8072,ncRNA,4
8073,ncRNA,4
8074,snoRNA,8
8075,BIOLOGICAL_REGION,0
8076,PSEUDO,3
8077,BIOLOGICAL_REGION,0
8078,PSEUDO,3
8079,ncRNA,4
8080,PSEUDO,3
8081,BIOLOGICAL_REGION,0
8082,BIOLOGICAL_REGION,0
8083,snoRNA,8
8084,tRNA,9
8085,ncRNA,4
8086,PSEUDO,3
8087,PSEUDO,3
8088,PROTEIN_CODING,2
8089,PSEUDO,3
8090,ncRNA,4
8091,PSEUDO,3
8092,PSEUDO,3
8093,BIOLOGICAL_REGION,0
8094,BIOLOGICAL_REGION,0
8095,PSEUDO,3
8096,BIOLOGICAL_REGION,0
8097,PSEUDO,3
8098,snoRNA,8
8099,BIOLOGICAL_REGION,0
8100,PSEUDO,3
8101,BIOLOGICAL_REGION,0
8102,ncRNA,4
8103,PSEUDO,3
8104,ncRNA,4
8105,BIOLOGICAL_REGION,0
8106,BIOLOGICAL_REGION,0
8107,BIOLOGICAL_REGION,0
8108,snoRNA,8
8109,PSEUDO,3
8110,snRNA,7
8111,tRNA,9
8112,PSEUDO,3
8113,BIOLOGICAL_REGION,0
8114,BIOLOGICAL_REGION,0
8115,PSEUDO,3
8116,PSEUDO,3
8117,BIOLOGICAL_REGION,0
8118,snoRNA,8
8119,PSEUDO,3
8120,PSEUDO,3
8121,BIOLOGICAL_REGION,0
8122,ncRNA,4
8123,PSEUDO,3
8124,PROTEIN_CODING,2
8125,PSEUDO,3
8126,BIOLOGICAL_REGION,0
8127,PROTEIN_CODING,2
8128,BIOLOGICAL_REGION,0
8129,BIOLOGICAL_REGION,0
8130,ncRNA,4
8131,PSEUDO,3
8132,PSEUDO,3
8133,ncRNA,4
8134,PSEUDO,3
8135,PSEUDO,3
8136,PSEUDO,3
8137,PSEUDO,3
8138,PSEUDO,3
8139,scRNA,6
8140,PSEUDO,3
8141,tRNA,9
8142,BIOLOGICAL_REGION,0
8143,OTHER,1
8144,tRNA,9
8145,PSEUDO,3
8146,BIOLOGICAL_REGION,0
8147,BIOLOGICAL_REGION,0
8148,BIOLOGICAL_REGION,0
8149,BIOLOGICAL_REGION,0
8150,PSEUDO,3
8151,PSEUDO,3
8152,BIOLOGICAL_REGION,0
8153,PSEUDO,3
8154,PSEUDO,3
8155,BIOLOGICAL_REGION,0
8156,PSEUDO,3
8157,BIOLOGICAL_REGION,0
8158,BIOLOGICAL_REGION,0
8159,BIOLOGICAL_REGION,0
8160,snoRNA,8
8161,PROTEIN_CODING,2
8162,OTHER,1
8163,ncRNA,4
8164,BIOLOGICAL_REGION,0
8165,PSEUDO,3
8166,PSEUDO,3
8167,BIOLOGICAL_REGION,0
8168,BIOLOGICAL_REGION,0
8169,BIOLOGICAL_REGION,0
8170,PSEUDO,3
8171,PSEUDO,3
8172,PSEUDO,3
8173,PSEUDO,3
8174,BIOLOGICAL_REGION,0
8175,PROTEIN_CODING,2
8176,PSEUDO,3
8177,tRNA,9
8178,BIOLOGICAL_REGION,0
8179,BIOLOGICAL_REGION,0
8180,BIOLOGICAL_REGION,0
8181,PSEUDO,3
8182,PSEUDO,3
8183,PSEUDO,3
8184,BIOLOGICAL_REGION,0
8185,BIOLOGICAL_REGION,0
8186,PSEUDO,3
8187,BIOLOGICAL_REGION,0
8188,BIOLOGICAL_REGION,0
8189,PSEUDO,3
8190,PSEUDO,3
8191,PSEUDO,3
8192,PSEUDO,3
8193,snoRNA,8
8194,PSEUDO,3
8195,BIOLOGICAL_REGION,0
8196,BIOLOGICAL_REGION,0
8197,ncRNA,4
8198,PSEUDO,3
8199,BIOLOGICAL_REGION,0
8200,PSEUDO,3
8201,PSEUDO,3
8202,BIOLOGICAL_REGION,0
8203,BIOLOGICAL_REGION,0
8204,BIOLOGICAL_REGION,0
8205,PSEUDO,3
8206,BIOLOGICAL_REGION,0
8207,PSEUDO,3
8208,BIOLOGICAL_REGION,0
8209,BIOLOGICAL_REGION,0
8210,BIOLOGICAL_REGION,0
8211,snoRNA,8
8212,BIOLOGICAL_REGION,0
8213,PSEUDO,3
8214,BIOLOGICAL_REGION,0
8215,PSEUDO,3
8216,PROTEIN_CODING,2
8217,BIOLOGICAL_REGION,0
8218,ncRNA,4
8219,ncRNA,4
8220,PSEUDO,3
8221,ncRNA,4
8222,PSEUDO,3
8223,PSEUDO,3
8224,PSEUDO,3
8225,PSEUDO,3
8226,PSEUDO,3
8227,rRNA,5
8228,PSEUDO,3
8229,BIOLOGICAL_REGION,0
8230,BIOLOGICAL_REGION,0
8231,PSEUDO,3
8232,snoRNA,8
8233,PSEUDO,3
8234,PSEUDO,3
8235,ncRNA,4
8236,PSEUDO,3
8237,BIOLOGICAL_REGION,0
8238,BIOLOGICAL_REGION,0
8239,snoRNA,8
8240,PSEUDO,3
8241,PSEUDO,3
8242,BIOLOGICAL_REGION,0
8243,ncRNA,4
8244,PSEUDO,3
8245,BIOLOGICAL_REGION,0
8246,PSEUDO,3
8247,PSEUDO,3
8248,BIOLOGICAL_REGION,0
8249,PSEUDO,3
8250,PSEUDO,3
8251,PSEUDO,3
8252,PSEUDO,3
8253,PSEUDO,3
8254,PSEUDO,3
8255,BIOLOGICAL_REGION,0
8256,BIOLOGICAL_REGION,0
8257,BIOLOGICAL_REGION,0
8258,BIOLOGICAL_REGION,0
8259,PSEUDO,3
8260,PSEUDO,3
8261,PSEUDO,3
8262,PSEUDO,3
8263,PSEUDO,3
8264,PSEUDO,3
8265,PSEUDO,3
8266,BIOLOGICAL_REGION,0
8267,PSEUDO,3
8268,BIOLOGICAL_REGION,0
8269,snoRNA,8
8270,BIOLOGICAL_REGION,0
8271,ncRNA,4
8272,BIOLOGICAL_REGION,0
8273,BIOLOGICAL_REGION,0
8274,PSEUDO,3
8275,ncRNA,4
8276,ncRNA,4
8277,PSEUDO,3
8278,snoRNA,8
8279,PSEUDO,3
8280,BIOLOGICAL_REGION,0
8281,ncRNA,4
8282,BIOLOGICAL_REGION,0
8283,BIOLOGICAL_REGION,0
8284,BIOLOGICAL_REGION,0
8285,snoRNA,8
8286,PSEUDO,3
8287,snRNA,7
8288,PSEUDO,3
8289,BIOLOGICAL_REGION,0
8290,OTHER,1
8291,PSEUDO,3
8292,PSEUDO,3
8293,BIOLOGICAL_REGION,0
8294,ncRNA,4
8295,PSEUDO,3
8296,ncRNA,4
8297,ncRNA,4
8298,PSEUDO,3
8299,PROTEIN_CODING,2
8300,BIOLOGICAL_REGION,0
8301,PSEUDO,3
8302,BIOLOGICAL_REGION,0
8303,BIOLOGICAL_REGION,0
8304,PSEUDO,3
8305,tRNA,9
8306,PSEUDO,3
8307,tRNA,9
8308,BIOLOGICAL_REGION,0
8309,BIOLOGICAL_REGION,0
8310,PSEUDO,3
8311,BIOLOGICAL_REGION,0
8312,BIOLOGICAL_REGION,0
8313,PSEUDO,3
8314,rRNA,5
8315,BIOLOGICAL_REGION,0
8316,BIOLOGICAL_REGION,0
8317,PSEUDO,3
8318,BIOLOGICAL_REGION,0
8319,PSEUDO,3
8320,PSEUDO,3
8321,PSEUDO,3
8322,PSEUDO,3
8323,BIOLOGICAL_REGION,0
8324,PSEUDO,3
8325,PSEUDO,3
8326,ncRNA,4
8327,ncRNA,4
8328,PSEUDO,3
8329,ncRNA,4
8330,BIOLOGICAL_REGION,0
8331,BIOLOGICAL_REGION,0
8332,snRNA,7
8333,PSEUDO,3
8334,PROTEIN_CODING,2
8335,BIOLOGICAL_REGION,0
8336,PSEUDO,3
8337,PSEUDO,3
8338,BIOLOGICAL_REGION,0
8339,PSEUDO,3
8340,PROTEIN_CODING,2
8341,PSEUDO,3
8342,BIOLOGICAL_REGION,0
8343,PSEUDO,3
8344,PSEUDO,3
8345,PSEUDO,3
8346,PSEUDO,3
8347,PSEUDO,3
8348,PSEUDO,3
8349,ncRNA,4
8350,PSEUDO,3
8351,PSEUDO,3
8352,PSEUDO,3
8353,PSEUDO,3
8354,PSEUDO,3
8355,PSEUDO,3
8356,PSEUDO,3
8357,BIOLOGICAL_REGION,0
8358,BIOLOGICAL_REGION,0
8359,PSEUDO,3
8360,rRNA,5
8361,PSEUDO,3
8362,PSEUDO,3
8363,PSEUDO,3
8364,PSEUDO,3
8365,BIOLOGICAL_REGION,0
8366,PSEUDO,3
8367,BIOLOGICAL_REGION,0
8368,PSEUDO,3
8369,BIOLOGICAL_REGION,0
8370,PROTEIN_CODING,2
8371,BIOLOGICAL_REGION,0
8372,PSEUDO,3
8373,BIOLOGICAL_REGION,0
8374,BIOLOGICAL_REGION,0
8375,PSEUDO,3
8376,PSEUDO,3
8377,BIOLOGICAL_REGION,0
8378,snoRNA,8
8379,PSEUDO,3
8380,ncRNA,4
8381,PSEUDO,3
8382,PSEUDO,3
8383,BIOLOGICAL_REGION,0
8384,BIOLOGICAL_REGION,0
8385,PSEUDO,3
8386,PSEUDO,3
8387,snRNA,7
8388,BIOLOGICAL_REGION,0
8389,OTHER,1
8390,PSEUDO,3
8391,ncRNA,4
8392,PSEUDO,3
8393,PSEUDO,3
8394,BIOLOGICAL_REGION,0
8395,BIOLOGICAL_REGION,0
8396,BIOLOGICAL_REGION,0
8397,PSEUDO,3
8398,PROTEIN_CODING,2
8399,BIOLOGICAL_REGION,0
8400,BIOLOGICAL_REGION,0
8401,BIOLOGICAL_REGION,0
8402,ncRNA,4
8403,PSEUDO,3
8404,snRNA,7
8405,PROTEIN_CODING,2
8406,BIOLOGICAL_REGION,0
8407,PSEUDO,3
8408,BIOLOGICAL_REGION,0
8409,BIOLOGICAL_REGION,0
8410,PSEUDO,3
8411,PSEUDO,3
8412,BIOLOGICAL_REGION,0
8413,PSEUDO,3
8414,PSEUDO,3
8415,BIOLOGICAL_REGION,0
8416,PSEUDO,3
8417,PSEUDO,3
8418,BIOLOGICAL_REGION,0
8419,PSEUDO,3
8420,snoRNA,8
8421,BIOLOGICAL_REGION,0
8422,BIOLOGICAL_REGION,0
8423,PSEUDO,3
8424,PSEUDO,3
8425,PSEUDO,3
8426,snoRNA,8
8427,BIOLOGICAL_REGION,0
8428,PSEUDO,3
8429,PSEUDO,3
8430,PROTEIN_CODING,2
8431,PSEUDO,3
8432,BIOLOGICAL_REGION,0
8433,PSEUDO,3
8434,BIOLOGICAL_REGION,0
8435,PSEUDO,3
8436,BIOLOGICAL_REGION,0
8437,PSEUDO,3
8438,PSEUDO,3
8439,tRNA,9
8440,BIOLOGICAL_REGION,0
8441,ncRNA,4
8442,PSEUDO,3
8443,PSEUDO,3
8444,BIOLOGICAL_REGION,0
8445,BIOLOGICAL_REGION,0
8446,PSEUDO,3
8447,PSEUDO,3
8448,PSEUDO,3
8449,PSEUDO,3
8450,PSEUDO,3
8451,snoRNA,8
8452,BIOLOGICAL_REGION,0
8453,BIOLOGICAL_REGION,0
8454,PSEUDO,3
8455,PSEUDO,3
8456,PSEUDO,3
8457,tRNA,9
8458,PSEUDO,3
8459,PSEUDO,3
8460,BIOLOGICAL_REGION,0
8461,BIOLOGICAL_REGION,0
8462,snoRNA,8
8463,BIOLOGICAL_REGION,0
8464,BIOLOGICAL_REGION,0
8465,BIOLOGICAL_REGION,0
8466,BIOLOGICAL_REGION,0
8467,PSEUDO,3
8468,BIOLOGICAL_REGION,0
8469,PSEUDO,3
8470,PSEUDO,3
8471,ncRNA,4
8472,BIOLOGICAL_REGION,0
8473,BIOLOGICAL_REGION,0
8474,PSEUDO,3
8475,BIOLOGICAL_REGION,0
8476,ncRNA,4
8477,snoRNA,8
8478,ncRNA,4
8479,BIOLOGICAL_REGION,0
8480,ncRNA,4
8481,PSEUDO,3
8482,BIOLOGICAL_REGION,0
8483,PSEUDO,3
8484,snoRNA,8
8485,PSEUDO,3
8486,BIOLOGICAL_REGION,0
8487,BIOLOGICAL_REGION,0
8488,BIOLOGICAL_REGION,0
8489,BIOLOGICAL_REGION,0
8490,BIOLOGICAL_REGION,0
8491,BIOLOGICAL_REGION,0
8492,snRNA,7
8493,BIOLOGICAL_REGION,0
8494,BIOLOGICAL_REGION,0
8495,tRNA,9
8496,snoRNA,8
8497,BIOLOGICAL_REGION,0
8498,PSEUDO,3
8499,PSEUDO,3
8500,PSEUDO,3
8501,PSEUDO,3
8502,BIOLOGICAL_REGION,0
8503,PSEUDO,3
8504,PROTEIN_CODING,2
8505,BIOLOGICAL_REGION,0
8506,PSEUDO,3
8507,BIOLOGICAL_REGION,0
8508,ncRNA,4
8509,ncRNA,4
8510,BIOLOGICAL_REGION,0
8511,BIOLOGICAL_REGION,0
8512,OTHER,1
8513,PSEUDO,3
8514,BIOLOGICAL_REGION,0
8515,PSEUDO,3
8516,PSEUDO,3
8517,ncRNA,4
8518,PSEUDO,3
8519,PSEUDO,3
8520,PSEUDO,3
8521,BIOLOGICAL_REGION,0
8522,PSEUDO,3
8523,PSEUDO,3
8524,PSEUDO,3
8525,BIOLOGICAL_REGION,0
8526,snRNA,7
8527,BIOLOGICAL_REGION,0
8528,PSEUDO,3
8529,OTHER,1
8530,ncRNA,4
8531,BIOLOGICAL_REGION,0
8532,PSEUDO,3
8533,BIOLOGICAL_REGION,0
8534,BIOLOGICAL_REGION,0
8535,ncRNA,4
8536,ncRNA,4
8537,PSEUDO,3
8538,BIOLOGICAL_REGION,0
8539,BIOLOGICAL_REGION,0
8540,BIOLOGICAL_REGION,0
8541,BIOLOGICAL_REGION,0
8542,BIOLOGICAL_REGION,0
8543,ncRNA,4
8544,PSEUDO,3
8545,PSEUDO,3
8546,ncRNA,4
8547,PSEUDO,3
8548,PSEUDO,3
8549,BIOLOGICAL_REGION,0
8550,PSEUDO,3
8551,BIOLOGICAL_REGION,0
8552,PSEUDO,3
8553,PSEUDO,3
8554,PSEUDO,3
8555,PSEUDO,3
8556,PSEUDO,3
8557,PSEUDO,3
8558,BIOLOGICAL_REGION,0
8559,BIOLOGICAL_REGION,0
8560,BIOLOGICAL_REGION,0
8561,PSEUDO,3
8562,PSEUDO,3
8563,snoRNA,8
8564,PSEUDO,3
8565,BIOLOGICAL_REGION,0
8566,PSEUDO,3
8567,ncRNA,4
8568,PSEUDO,3
8569,ncRNA,4
8570,BIOLOGICAL_REGION,0
8571,ncRNA,4
8572,BIOLOGICAL_REGION,0
8573,OTHER,1
8574,PSEUDO,3
8575,PSEUDO,3
8576,PROTEIN_CODING,2
8577,snoRNA,8
8578,BIOLOGICAL_REGION,0
8579,ncRNA,4
8580,BIOLOGICAL_REGION,0
8581,BIOLOGICAL_REGION,0
8582,PSEUDO,3
8583,BIOLOGICAL_REGION,0
8584,BIOLOGICAL_REGION,0
8585,snoRNA,8
8586,BIOLOGICAL_REGION,0
8587,PSEUDO,3
8588,ncRNA,4
8589,ncRNA,4
8590,PSEUDO,3
8591,PSEUDO,3
8592,PSEUDO,3
8593,PSEUDO,3
8594,PSEUDO,3
8595,PSEUDO,3
8596,snoRNA,8
8597,BIOLOGICAL_REGION,0
8598,PSEUDO,3
8599,snoRNA,8
8600,ncRNA,4
8601,PSEUDO,3
8602,BIOLOGICAL_REGION,0
8603,snoRNA,8
8604,BIOLOGICAL_REGION,0
8605,PSEUDO,3
8606,ncRNA,4
8607,PROTEIN_CODING,2
8608,BIOLOGICAL_REGION,0
8609,PSEUDO,3
8610,PSEUDO,3
8611,BIOLOGICAL_REGION,0
8612,PSEUDO,3
8613,PSEUDO,3
8614,rRNA,5
8615,PSEUDO,3
8616,PROTEIN_CODING,2
8617,BIOLOGICAL_REGION,0
8618,PSEUDO,3
8619,PSEUDO,3
8620,BIOLOGICAL_REGION,0
8621,PSEUDO,3
8622,BIOLOGICAL_REGION,0
8623,PSEUDO,3
8624,PSEUDO,3
8625,PSEUDO,3
8626,BIOLOGICAL_REGION,0
8627,tRNA,9
8628,ncRNA,4
8629,BIOLOGICAL_REGION,0
8630,BIOLOGICAL_REGION,0
8631,PROTEIN_CODING,2
8632,BIOLOGICAL_REGION,0
8633,BIOLOGICAL_REGION,0
8634,PSEUDO,3
8635,ncRNA,4
8636,PSEUDO,3
8637,PSEUDO,3
8638,rRNA,5
8639,PSEUDO,3
8640,PSEUDO,3
8641,tRNA,9
8642,BIOLOGICAL_REGION,0
8643,BIOLOGICAL_REGION,0
8644,ncRNA,4
8645,BIOLOGICAL_REGION,0
8646,PSEUDO,3
8647,PSEUDO,3
8648,PSEUDO,3
8649,ncRNA,4
8650,BIOLOGICAL_REGION,0
8651,BIOLOGICAL_REGION,0
8652,PSEUDO,3
8653,PSEUDO,3
8654,PSEUDO,3
8655,PSEUDO,3
8656,BIOLOGICAL_REGION,0
8657,PSEUDO,3
8658,BIOLOGICAL_REGION,0
8659,ncRNA,4
8660,PSEUDO,3
8661,ncRNA,4
8662,ncRNA,4
8663,snRNA,7
8664,PSEUDO,3
8665,BIOLOGICAL_REGION,0
8666,PROTEIN_CODING,2
8667,ncRNA,4
8668,PSEUDO,3
8669,snoRNA,8
8670,ncRNA,4
8671,ncRNA,4
8672,BIOLOGICAL_REGION,0
8673,PSEUDO,3
8674,BIOLOGICAL_REGION,0
8675,BIOLOGICAL_REGION,0
8676,PSEUDO,3
8677,ncRNA,4
8678,tRNA,9
8679,ncRNA,4
8680,PSEUDO,3
8681,BIOLOGICAL_REGION,0
8682,OTHER,1
8683,PSEUDO,3
8684,BIOLOGICAL_REGION,0
8685,OTHER,1
8686,PSEUDO,3
8687,OTHER,1
8688,PSEUDO,3
8689,PSEUDO,3
8690,PSEUDO,3
8691,PSEUDO,3
8692,PSEUDO,3
8693,PSEUDO,3
8694,ncRNA,4
8695,PSEUDO,3
8696,PSEUDO,3
8697,BIOLOGICAL_REGION,0
8698,BIOLOGICAL_REGION,0
8699,PSEUDO,3
8700,BIOLOGICAL_REGION,0
8701,snoRNA,8
8702,OTHER,1
8703,BIOLOGICAL_REGION,0
8704,PSEUDO,3
8705,PSEUDO,3
8706,BIOLOGICAL_REGION,0
8707,ncRNA,4
8708,BIOLOGICAL_REGION,0
8709,ncRNA,4
8710,BIOLOGICAL_REGION,0
8711,ncRNA,4
8712,PSEUDO,3
8713,BIOLOGICAL_REGION,0
8714,PSEUDO,3
8715,BIOLOGICAL_REGION,0
8716,PSEUDO,3
8717,PSEUDO,3
8718,BIOLOGICAL_REGION,0
8719,tRNA,9
8720,PSEUDO,3
8721,tRNA,9
8722,ncRNA,4
8723,ncRNA,4
8724,PSEUDO,3
8725,PSEUDO,3
8726,PSEUDO,3
8727,PSEUDO,3
8728,BIOLOGICAL_REGION,0
8729,PSEUDO,3
8730,BIOLOGICAL_REGION,0
8731,tRNA,9
8732,BIOLOGICAL_REGION,0
8733,PSEUDO,3
8734,PSEUDO,3
8735,BIOLOGICAL_REGION,0
8736,ncRNA,4
8737,ncRNA,4
8738,BIOLOGICAL_REGION,0
8739,PSEUDO,3
8740,BIOLOGICAL_REGION,0
8741,PSEUDO,3
8742,PSEUDO,3
8743,BIOLOGICAL_REGION,0
8744,PSEUDO,3
8745,BIOLOGICAL_REGION,0
8746,BIOLOGICAL_REGION,0
8747,PSEUDO,3
8748,PSEUDO,3
8749,PSEUDO,3
8750,BIOLOGICAL_REGION,0
8751,PSEUDO,3
8752,ncRNA,4
8753,PSEUDO,3
8754,PROTEIN_CODING,2
8755,snoRNA,8
8756,ncRNA,4
8757,PSEUDO,3
8758,PSEUDO,3
8759,PSEUDO,3
8760,BIOLOGICAL_REGION,0
8761,snoRNA,8
8762,PSEUDO,3
8763,PSEUDO,3
8764,BIOLOGICAL_REGION,0
8765,BIOLOGICAL_REGION,0
8766,BIOLOGICAL_REGION,0
8767,PSEUDO,3
8768,BIOLOGICAL_REGION,0
8769,PSEUDO,3
8770,BIOLOGICAL_REGION,0
8771,BIOLOGICAL_REGION,0
8772,PSEUDO,3
8773,snoRNA,8
8774,PSEUDO,3
8775,PSEUDO,3
8776,tRNA,9
8777,BIOLOGICAL_REGION,0
8778,BIOLOGICAL_REGION,0
8779,ncRNA,4
8780,BIOLOGICAL_REGION,0
8781,PSEUDO,3
8782,BIOLOGICAL_REGION,0
8783,PSEUDO,3
8784,ncRNA,4
8785,BIOLOGICAL_REGION,0
8786,PSEUDO,3
8787,PSEUDO,3
8788,PSEUDO,3
8789,BIOLOGICAL_REGION,0
8790,PSEUDO,3
8791,PSEUDO,3
8792,ncRNA,4
8793,BIOLOGICAL_REGION,0
8794,BIOLOGICAL_REGION,0
8795,ncRNA,4
8796,PSEUDO,3
8797,PSEUDO,3
8798,PSEUDO,3
8799,PSEUDO,3
8800,PSEUDO,3
8801,PSEUDO,3
8802,snoRNA,8
8803,PSEUDO,3
8804,BIOLOGICAL_REGION,0
8805,PSEUDO,3
8806,PSEUDO,3
8807,PSEUDO,3
8808,BIOLOGICAL_REGION,0
8809,PSEUDO,3
8810,OTHER,1
8811,PSEUDO,3
8812,PSEUDO,3
8813,BIOLOGICAL_REGION,0
8814,ncRNA,4
8815,BIOLOGICAL_REGION,0
8816,PSEUDO,3
8817,BIOLOGICAL_REGION,0
8818,ncRNA,4
8819,PSEUDO,3
8820,PSEUDO,3
8821,PSEUDO,3
8822,PSEUDO,3
8823,PSEUDO,3
8824,BIOLOGICAL_REGION,0
8825,PSEUDO,3
8826,ncRNA,4
8827,snoRNA,8
8828,snRNA,7
8829,PSEUDO,3
8830,BIOLOGICAL_REGION,0
8831,PSEUDO,3
8832,ncRNA,4
8833,PROTEIN_CODING,2
8834,PSEUDO,3
8835,BIOLOGICAL_REGION,0
8836,ncRNA,4
8837,PSEUDO,3
8838,BIOLOGICAL_REGION,0
8839,PSEUDO,3
8840,snoRNA,8
8841,PSEUDO,3
8842,PSEUDO,3
8843,PSEUDO,3
8844,ncRNA,4
8845,PSEUDO,3
8846,ncRNA,4
8847,PSEUDO,3
8848,BIOLOGICAL_REGION,0
8849,BIOLOGICAL_REGION,0
8850,PSEUDO,3
8851,ncRNA,4
8852,BIOLOGICAL_REGION,0
8853,BIOLOGICAL_REGION,0
8854,BIOLOGICAL_REGION,0
8855,snoRNA,8
8856,PSEUDO,3
8857,PSEUDO,3
8858,BIOLOGICAL_REGION,0
8859,BIOLOGICAL_REGION,0
8860,BIOLOGICAL_REGION,0
8861,ncRNA,4
8862,PROTEIN_CODING,2
8863,PSEUDO,3
8864,PSEUDO,3
8865,BIOLOGICAL_REGION,0
8866,tRNA,9
8867,PROTEIN_CODING,2
8868,PSEUDO,3
8869,snoRNA,8
8870,BIOLOGICAL_REGION,0
8871,PSEUDO,3
8872,PSEUDO,3
8873,PSEUDO,3
8874,ncRNA,4
8875,BIOLOGICAL_REGION,0
8876,PSEUDO,3
8877,PSEUDO,3
8878,snoRNA,8
8879,BIOLOGICAL_REGION,0
8880,PSEUDO,3
8881,ncRNA,4
8882,BIOLOGICAL_REGION,0
8883,PSEUDO,3
8884,PSEUDO,3
8885,PSEUDO,3
8886,PSEUDO,3
8887,PSEUDO,3
8888,BIOLOGICAL_REGION,0
8889,BIOLOGICAL_REGION,0
8890,BIOLOGICAL_REGION,0
8891,snoRNA,8
8892,BIOLOGICAL_REGION,0
8893,PSEUDO,3
8894,BIOLOGICAL_REGION,0
8895,PSEUDO,3
8896,BIOLOGICAL_REGION,0
8897,PSEUDO,3
8898,ncRNA,4
8899,BIOLOGICAL_REGION,0
8900,PSEUDO,3
8901,PSEUDO,3
8902,PSEUDO,3
8903,snoRNA,8
8904,PSEUDO,3
8905,PSEUDO,3
8906,tRNA,9
8907,BIOLOGICAL_REGION,0
8908,PSEUDO,3
8909,BIOLOGICAL_REGION,0
8910,PSEUDO,3
8911,PSEUDO,3
8912,BIOLOGICAL_REGION,0
8913,ncRNA,4
8914,PSEUDO,3
8915,BIOLOGICAL_REGION,0
8916,BIOLOGICAL_REGION,0
8917,BIOLOGICAL_REGION,0
8918,snoRNA,8
8919,ncRNA,4
8920,BIOLOGICAL_REGION,0
8921,PSEUDO,3
8922,snRNA,7
8923,PROTEIN_CODING,2
8924,ncRNA,4
8925,PSEUDO,3
8926,PROTEIN_CODING,2
8927,PSEUDO,3
8928,ncRNA,4
8929,PSEUDO,3
8930,PSEUDO,3
8931,PSEUDO,3
8932,PSEUDO,3
8933,BIOLOGICAL_REGION,0
8934,rRNA,5
8935,PSEUDO,3
8936,BIOLOGICAL_REGION,0
8937,PSEUDO,3
8938,BIOLOGICAL_REGION,0
8939,PSEUDO,3
8940,PSEUDO,3
8941,PROTEIN_CODING,2
8942,snoRNA,8
8943,PSEUDO,3
8944,PSEUDO,3
8945,BIOLOGICAL_REGION,0
8946,PSEUDO,3
8947,ncRNA,4
8948,ncRNA,4
8949,BIOLOGICAL_REGION,0
8950,BIOLOGICAL_REGION,0
8951,ncRNA,4
8952,BIOLOGICAL_REGION,0
8953,ncRNA,4
8954,PSEUDO,3
8955,OTHER,1
8956,ncRNA,4
8957,ncRNA,4
8958,PSEUDO,3
8959,PSEUDO,3
8960,PSEUDO,3
8961,BIOLOGICAL_REGION,0
8962,snoRNA,8
8963,BIOLOGICAL_REGION,0
8964,BIOLOGICAL_REGION,0
8965,PSEUDO,3
8966,BIOLOGICAL_REGION,0
8967,BIOLOGICAL_REGION,0
8968,PSEUDO,3
8969,PSEUDO,3
8970,BIOLOGICAL_REGION,0
8971,PSEUDO,3
8972,BIOLOGICAL_REGION,0
8973,BIOLOGICAL_REGION,0
8974,BIOLOGICAL_REGION,0
8975,PSEUDO,3
8976,PSEUDO,3
8977,BIOLOGICAL_REGION,0
8978,BIOLOGICAL_REGION,0
8979,PSEUDO,3
8980,BIOLOGICAL_REGION,0
8981,tRNA,9
8982,ncRNA,4
8983,PSEUDO,3
8984,BIOLOGICAL_REGION,0
8985,BIOLOGICAL_REGION,0
8986,PSEUDO,3
8987,BIOLOGICAL_REGION,0
8988,ncRNA,4
8989,snoRNA,8
8990,snoRNA,8
8991,tRNA,9
8992,BIOLOGICAL_REGION,0
8993,BIOLOGICAL_REGION,0
8994,BIOLOGICAL_REGION,0
8995,BIOLOGICAL_REGION,0
8996,BIOLOGICAL_REGION,0
8997,PSEUDO,3
8998,PSEUDO,3
8999,BIOLOGICAL_REGION,0
9000,PSEUDO,3
9001,PSEUDO,3
9002,PSEUDO,3
9003,BIOLOGICAL_REGION,0
9004,snoRNA,8
9005,PSEUDO,3
9006,BIOLOGICAL_REGION,0
9007,PSEUDO,3
9008,BIOLOGICAL_REGION,0
9009,OTHER,1
9010,BIOLOGICAL_REGION,0
9011,PSEUDO,3
9012,PSEUDO,3
9013,PSEUDO,3
9014,ncRNA,4
9015,PSEUDO,3
9016,PROTEIN_CODING,2
9017,PSEUDO,3
9018,OTHER,1
9019,BIOLOGICAL_REGION,0
9020,BIOLOGICAL_REGION,0
9021,PSEUDO,3
9022,BIOLOGICAL_REGION,0
9023,PSEUDO,3
9024,BIOLOGICAL_REGION,0
9025,BIOLOGICAL_REGION,0
9026,PSEUDO,3
9027,BIOLOGICAL_REGION,0
9028,ncRNA,4
9029,ncRNA,4
9030,BIOLOGICAL_REGION,0
9031,rRNA,5
9032,PSEUDO,3
9033,BIOLOGICAL_REGION,0
9034,PSEUDO,3
9035,PSEUDO,3
9036,PSEUDO,3
9037,PSEUDO,3
9038,BIOLOGICAL_REGION,0
9039,snoRNA,8
9040,PSEUDO,3
9041,BIOLOGICAL_REGION,0
9042,ncRNA,4
9043,PSEUDO,3
9044,BIOLOGICAL_REGION,0
9045,ncRNA,4
9046,PSEUDO,3
9047,snoRNA,8
9048,OTHER,1
9049,BIOLOGICAL_REGION,0
9050,PSEUDO,3
9051,PSEUDO,3
9052,BIOLOGICAL_REGION,0
9053,PROTEIN_CODING,2
9054,tRNA,9
9055,ncRNA,4
9056,PSEUDO,3
9057,PSEUDO,3
9058,ncRNA,4
9059,ncRNA,4
9060,PSEUDO,3
9061,PSEUDO,3
9062,BIOLOGICAL_REGION,0
9063,BIOLOGICAL_REGION,0
9064,ncRNA,4
9065,snoRNA,8
9066,BIOLOGICAL_REGION,0
9067,ncRNA,4
9068,PSEUDO,3
9069,PSEUDO,3
9070,PSEUDO,3
9071,OTHER,1
9072,BIOLOGICAL_REGION,0
9073,PSEUDO,3
9074,PSEUDO,3
9075,ncRNA,4
9076,PSEUDO,3
9077,BIOLOGICAL_REGION,0
9078,BIOLOGICAL_REGION,0
9079,PSEUDO,3
9080,BIOLOGICAL_REGION,0
9081,PSEUDO,3
9082,PSEUDO,3
9083,BIOLOGICAL_REGION,0
9084,PSEUDO,3
9085,PSEUDO,3
9086,ncRNA,4
9087,ncRNA,4
9088,PROTEIN_CODING,2
9089,PSEUDO,3
9090,PSEUDO,3
9091,BIOLOGICAL_REGION,0
9092,ncRNA,4
9093,PSEUDO,3
9094,PROTEIN_CODING,2
9095,PSEUDO,3
9096,BIOLOGICAL_REGION,0
9097,OTHER,1
9098,PSEUDO,3
9099,PSEUDO,3
9100,snoRNA,8
9101,PSEUDO,3
9102,snoRNA,8
9103,ncRNA,4
9104,BIOLOGICAL_REGION,0
9105,PSEUDO,3
9106,BIOLOGICAL_REGION,0
9107,BIOLOGICAL_REGION,0
9108,BIOLOGICAL_REGION,0
9109,PSEUDO,3
9110,BIOLOGICAL_REGION,0
9111,PSEUDO,3
9112,BIOLOGICAL_REGION,0
9113,BIOLOGICAL_REGION,0
9114,BIOLOGICAL_REGION,0
9115,PSEUDO,3
9116,BIOLOGICAL_REGION,0
9117,PSEUDO,3
9118,PROTEIN_CODING,2
9119,PSEUDO,3
9120,PSEUDO,3
9121,PSEUDO,3
9122,PSEUDO,3
9123,PSEUDO,3
9124,PSEUDO,3
9125,PSEUDO,3
9126,ncRNA,4
9127,BIOLOGICAL_REGION,0
9128,ncRNA,4
9129,PSEUDO,3
9130,PSEUDO,3
9131,BIOLOGICAL_REGION,0
9132,snoRNA,8
9133,PSEUDO,3
9134,ncRNA,4
9135,ncRNA,4
9136,BIOLOGICAL_REGION,0
9137,BIOLOGICAL_REGION,0
9138,ncRNA,4
9139,snoRNA,8
9140,PSEUDO,3
9141,BIOLOGICAL_REGION,0
9142,PSEUDO,3
9143,BIOLOGICAL_REGION,0
9144,PSEUDO,3
9145,PSEUDO,3
9146,PSEUDO,3
9147,PSEUDO,3
9148,PSEUDO,3
9149,PSEUDO,3
9150,ncRNA,4
9151,PSEUDO,3
9152,PSEUDO,3
9153,PSEUDO,3
9154,BIOLOGICAL_REGION,0
9155,PSEUDO,3
9156,BIOLOGICAL_REGION,0
9157,BIOLOGICAL_REGION,0
9158,PSEUDO,3
9159,BIOLOGICAL_REGION,0
9160,BIOLOGICAL_REGION,0
9161,PSEUDO,3
9162,PSEUDO,3
9163,PSEUDO,3
9164,ncRNA,4
9165,BIOLOGICAL_REGION,0
9166,BIOLOGICAL_REGION,0
9167,PSEUDO,3
9168,tRNA,9
9169,ncRNA,4
9170,PSEUDO,3
9171,tRNA,9
9172,PSEUDO,3
9173,PSEUDO,3
9174,PSEUDO,3
9175,PSEUDO,3
9176,BIOLOGICAL_REGION,0
9177,ncRNA,4
9178,PSEUDO,3
9179,ncRNA,4
9180,PSEUDO,3
9181,PSEUDO,3
9182,PSEUDO,3
9183,BIOLOGICAL_REGION,0
9184,PSEUDO,3
9185,PSEUDO,3
9186,PSEUDO,3
9187,PSEUDO,3
9188,PSEUDO,3
9189,BIOLOGICAL_REGION,0
9190,PSEUDO,3
9191,BIOLOGICAL_REGION,0
9192,BIOLOGICAL_REGION,0
9193,PSEUDO,3
9194,BIOLOGICAL_REGION,0
9195,BIOLOGICAL_REGION,0
9196,BIOLOGICAL_REGION,0
9197,tRNA,9
9198,PSEUDO,3
9199,PSEUDO,3
9200,BIOLOGICAL_REGION,0
9201,ncRNA,4
9202,PSEUDO,3
9203,PSEUDO,3
9204,PSEUDO,3
9205,BIOLOGICAL_REGION,0
9206,ncRNA,4
9207,PSEUDO,3
9208,ncRNA,4
9209,snoRNA,8
9210,BIOLOGICAL_REGION,0
9211,ncRNA,4
9212,PSEUDO,3
9213,snoRNA,8
9214,PSEUDO,3
9215,PSEUDO,3
9216,BIOLOGICAL_REGION,0
9217,BIOLOGICAL_REGION,0
9218,PSEUDO,3
9219,ncRNA,4
9220,BIOLOGICAL_REGION,0
9221,BIOLOGICAL_REGION,0
9222,snoRNA,8
9223,ncRNA,4
9224,PSEUDO,3
9225,PSEUDO,3
9226,PSEUDO,3
9227,BIOLOGICAL_REGION,0
9228,BIOLOGICAL_REGION,0
9229,PSEUDO,3
9230,OTHER,1
9231,BIOLOGICAL_REGION,0
9232,PSEUDO,3
9233,BIOLOGICAL_REGION,0
9234,snoRNA,8
9235,PSEUDO,3
9236,BIOLOGICAL_REGION,0
9237,PSEUDO,3
9238,snoRNA,8
9239,BIOLOGICAL_REGION,0
9240,BIOLOGICAL_REGION,0
9241,PSEUDO,3
9242,PSEUDO,3
9243,ncRNA,4
9244,ncRNA,4
9245,BIOLOGICAL_REGION,0
9246,ncRNA,4
9247,tRNA,9
9248,PSEUDO,3
9249,PSEUDO,3
9250,PSEUDO,3
9251,BIOLOGICAL_REGION,0
9252,PSEUDO,3
9253,ncRNA,4
9254,PSEUDO,3
9255,BIOLOGICAL_REGION,0
9256,PSEUDO,3
9257,ncRNA,4
9258,ncRNA,4
9259,BIOLOGICAL_REGION,0
9260,PSEUDO,3
9261,snoRNA,8
9262,BIOLOGICAL_REGION,0
9263,ncRNA,4
9264,PSEUDO,3
9265,tRNA,9
9266,PSEUDO,3
9267,BIOLOGICAL_REGION,0
9268,snoRNA,8
9269,PSEUDO,3
9270,BIOLOGICAL_REGION,0
9271,PSEUDO,3
9272,BIOLOGICAL_REGION,0
9273,BIOLOGICAL_REGION,0
9274,PSEUDO,3
9275,rRNA,5
9276,PSEUDO,3
9277,PSEUDO,3
9278,ncRNA,4
9279,ncRNA,4
9280,BIOLOGICAL_REGION,0
9281,PSEUDO,3
9282,BIOLOGICAL_REGION,0
9283,tRNA,9
9284,ncRNA,4
9285,PSEUDO,3
9286,BIOLOGICAL_REGION,0
9287,PSEUDO,3
9288,PSEUDO,3
9289,BIOLOGICAL_REGION,0
9290,PSEUDO,3
9291,BIOLOGICAL_REGION,0
9292,PSEUDO,3
9293,BIOLOGICAL_REGION,0
9294,PSEUDO,3
9295,PROTEIN_CODING,2
9296,PSEUDO,3
9297,PSEUDO,3
9298,OTHER,1
9299,PSEUDO,3
9300,BIOLOGICAL_REGION,0
9301,scRNA,6
9302,snRNA,7
9303,BIOLOGICAL_REGION,0
9304,PSEUDO,3
9305,ncRNA,4
9306,tRNA,9
9307,BIOLOGICAL_REGION,0
9308,BIOLOGICAL_REGION,0
9309,BIOLOGICAL_REGION,0
9310,BIOLOGICAL_REGION,0
9311,PSEUDO,3
9312,BIOLOGICAL_REGION,0
9313,PSEUDO,3
9314,BIOLOGICAL_REGION,0
9315,PSEUDO,3
9316,PSEUDO,3
9317,BIOLOGICAL_REGION,0
9318,ncRNA,4
9319,PSEUDO,3
9320,BIOLOGICAL_REGION,0
9321,BIOLOGICAL_REGION,0
9322,PSEUDO,3
9323,PROTEIN_CODING,2
9324,PSEUDO,3
9325,PROTEIN_CODING,2
9326,PSEUDO,3
9327,PSEUDO,3
9328,PSEUDO,3
9329,PSEUDO,3
9330,PSEUDO,3
9331,BIOLOGICAL_REGION,0
9332,ncRNA,4
9333,PSEUDO,3
9334,PSEUDO,3
9335,BIOLOGICAL_REGION,0
9336,PSEUDO,3
9337,PSEUDO,3
9338,PSEUDO,3
9339,BIOLOGICAL_REGION,0
9340,PSEUDO,3
9341,BIOLOGICAL_REGION,0
9342,BIOLOGICAL_REGION,0
9343,PSEUDO,3
9344,PROTEIN_CODING,2
9345,PSEUDO,3
9346,PSEUDO,3
9347,ncRNA,4
9348,PSEUDO,3
9349,BIOLOGICAL_REGION,0
9350,snoRNA,8
9351,PSEUDO,3
9352,BIOLOGICAL_REGION,0
9353,tRNA,9
9354,PSEUDO,3
9355,PSEUDO,3
9356,PSEUDO,3
9357,BIOLOGICAL_REGION,0
9358,BIOLOGICAL_REGION,0
9359,PSEUDO,3
9360,snoRNA,8
9361,ncRNA,4
9362,PSEUDO,3
9363,PSEUDO,3
9364,ncRNA,4
9365,BIOLOGICAL_REGION,0
9366,PSEUDO,3
9367,ncRNA,4
9368,ncRNA,4
9369,BIOLOGICAL_REGION,0
9370,ncRNA,4
9371,ncRNA,4
9372,rRNA,5
9373,BIOLOGICAL_REGION,0
9374,BIOLOGICAL_REGION,0
9375,BIOLOGICAL_REGION,0
9376,OTHER,1
9377,BIOLOGICAL_REGION,0
9378,PSEUDO,3
9379,PSEUDO,3
9380,PSEUDO,3
9381,BIOLOGICAL_REGION,0
9382,ncRNA,4
9383,BIOLOGICAL_REGION,0
9384,PSEUDO,3
9385,BIOLOGICAL_REGION,0
9386,ncRNA,4
9387,PSEUDO,3
9388,ncRNA,4
9389,PSEUDO,3
9390,ncRNA,4
9391,PSEUDO,3
9392,BIOLOGICAL_REGION,0
9393,PSEUDO,3
9394,BIOLOGICAL_REGION,0
9395,PSEUDO,3
9396,rRNA,5
9397,BIOLOGICAL_REGION,0
9398,BIOLOGICAL_REGION,0
9399,BIOLOGICAL_REGION,0
9400,ncRNA,4
9401,PSEUDO,3
9402,PROTEIN_CODING,2
9403,PSEUDO,3
9404,BIOLOGICAL_REGION,0
9405,BIOLOGICAL_REGION,0
9406,BIOLOGICAL_REGION,0
9407,BIOLOGICAL_REGION,0
9408,PSEUDO,3
9409,BIOLOGICAL_REGION,0
9410,BIOLOGICAL_REGION,0
9411,ncRNA,4
9412,PROTEIN_CODING,2
9413,BIOLOGICAL_REGION,0
9414,PSEUDO,3
9415,PSEUDO,3
9416,BIOLOGICAL_REGION,0
9417,ncRNA,4
9418,OTHER,1
9419,BIOLOGICAL_REGION,0
9420,PSEUDO,3
9421,PSEUDO,3
9422,BIOLOGICAL_REGION,0
9423,PSEUDO,3
9424,BIOLOGICAL_REGION,0
9425,PSEUDO,3
9426,PSEUDO,3
9427,BIOLOGICAL_REGION,0
9428,PROTEIN_CODING,2
9429,BIOLOGICAL_REGION,0
9430,PSEUDO,3
9431,BIOLOGICAL_REGION,0
9432,ncRNA,4
9433,ncRNA,4
9434,PSEUDO,3
9435,PSEUDO,3
9436,BIOLOGICAL_REGION,0
9437,PSEUDO,3
9438,BIOLOGICAL_REGION,0
9439,BIOLOGICAL_REGION,0
9440,PSEUDO,3
9441,PSEUDO,3
9442,PSEUDO,3
9443,PSEUDO,3
9444,ncRNA,4
9445,PSEUDO,3
9446,BIOLOGICAL_REGION,0
9447,BIOLOGICAL_REGION,0
9448,OTHER,1
9449,BIOLOGICAL_REGION,0
9450,BIOLOGICAL_REGION,0
9451,PSEUDO,3
9452,PSEUDO,3
9453,PSEUDO,3
9454,BIOLOGICAL_REGION,0
9455,BIOLOGICAL_REGION,0
9456,PSEUDO,3
9457,BIOLOGICAL_REGION,0
9458,BIOLOGICAL_REGION,0
9459,PSEUDO,3
9460,PSEUDO,3
9461,PSEUDO,3
9462,PROTEIN_CODING,2
9463,BIOLOGICAL_REGION,0
9464,ncRNA,4
9465,PSEUDO,3
9466,PSEUDO,3
9467,PSEUDO,3
9468,PROTEIN_CODING,2
9469,PSEUDO,3
9470,BIOLOGICAL_REGION,0
9471,PSEUDO,3
9472,BIOLOGICAL_REGION,0
9473,snoRNA,8
9474,tRNA,9
9475,BIOLOGICAL_REGION,0
9476,rRNA,5
9477,PSEUDO,3
9478,BIOLOGICAL_REGION,0
9479,PSEUDO,3
9480,PSEUDO,3
9481,PSEUDO,3
9482,PSEUDO,3
9483,BIOLOGICAL_REGION,0
9484,OTHER,1
9485,BIOLOGICAL_REGION,0
9486,PSEUDO,3
9487,PSEUDO,3
9488,PSEUDO,3
9489,PROTEIN_CODING,2
9490,BIOLOGICAL_REGION,0
9491,snRNA,7
9492,PSEUDO,3
9493,snoRNA,8
9494,BIOLOGICAL_REGION,0
9495,PSEUDO,3
9496,BIOLOGICAL_REGION,0
9497,snoRNA,8
9498,PSEUDO,3
9499,PSEUDO,3
9500,PSEUDO,3
9501,PSEUDO,3
9502,PSEUDO,3
9503,PROTEIN_CODING,2
9504,BIOLOGICAL_REGION,0
9505,PSEUDO,3
9506,snoRNA,8
9507,PSEUDO,3
9508,BIOLOGICAL_REGION,0
9509,PSEUDO,3
9510,ncRNA,4
9511,PSEUDO,3
9512,PSEUDO,3
9513,PSEUDO,3
9514,BIOLOGICAL_REGION,0
9515,PSEUDO,3
9516,PSEUDO,3
9517,PSEUDO,3
9518,PSEUDO,3
9519,snoRNA,8
9520,snoRNA,8
9521,PSEUDO,3
9522,PSEUDO,3
9523,rRNA,5
9524,PSEUDO,3
9525,PSEUDO,3
9526,BIOLOGICAL_REGION,0
9527,BIOLOGICAL_REGION,0
9528,PSEUDO,3
9529,BIOLOGICAL_REGION,0
9530,BIOLOGICAL_REGION,0
9531,BIOLOGICAL_REGION,0
9532,ncRNA,4
9533,PSEUDO,3
9534,ncRNA,4
9535,PSEUDO,3
9536,PSEUDO,3
9537,PSEUDO,3
9538,PSEUDO,3
9539,BIOLOGICAL_REGION,0
9540,snoRNA,8
9541,snoRNA,8
9542,BIOLOGICAL_REGION,0
9543,rRNA,5
9544,PSEUDO,3
9545,BIOLOGICAL_REGION,0
9546,BIOLOGICAL_REGION,0
9547,PSEUDO,3
9548,snoRNA,8
9549,BIOLOGICAL_REGION,0
9550,ncRNA,4
9551,PSEUDO,3
9552,ncRNA,4
9553,PSEUDO,3
9554,BIOLOGICAL_REGION,0
9555,ncRNA,4
9556,PSEUDO,3
9557,ncRNA,4
9558,ncRNA,4
9559,ncRNA,4
9560,BIOLOGICAL_REGION,0
9561,PSEUDO,3
9562,PSEUDO,3
9563,rRNA,5
9564,tRNA,9
9565,PSEUDO,3
9566,BIOLOGICAL_REGION,0
9567,BIOLOGICAL_REGION,0
9568,BIOLOGICAL_REGION,0
9569,BIOLOGICAL_REGION,0
9570,PSEUDO,3
9571,snRNA,7
9572,PSEUDO,3
9573,PSEUDO,3
9574,BIOLOGICAL_REGION,0
9575,PSEUDO,3
9576,PROTEIN_CODING,2
9577,BIOLOGICAL_REGION,0
9578,PSEUDO,3
9579,BIOLOGICAL_REGION,0
9580,BIOLOGICAL_REGION,0
9581,rRNA,5
9582,BIOLOGICAL_REGION,0
9583,BIOLOGICAL_REGION,0
9584,BIOLOGICAL_REGION,0
9585,BIOLOGICAL_REGION,0
9586,BIOLOGICAL_REGION,0
9587,BIOLOGICAL_REGION,0
9588,BIOLOGICAL_REGION,0
9589,BIOLOGICAL_REGION,0
9590,tRNA,9
9591,PSEUDO,3
9592,PSEUDO,3
9593,BIOLOGICAL_REGION,0
9594,PSEUDO,3
9595,BIOLOGICAL_REGION,0
9596,PSEUDO,3
9597,BIOLOGICAL_REGION,0
9598,ncRNA,4
9599,BIOLOGICAL_REGION,0
9600,ncRNA,4
9601,ncRNA,4
9602,PSEUDO,3
9603,PSEUDO,3
9604,tRNA,9
9605,PSEUDO,3
9606,PSEUDO,3
9607,BIOLOGICAL_REGION,0
9608,BIOLOGICAL_REGION,0
9609,tRNA,9
9610,PSEUDO,3
9611,BIOLOGICAL_REGION,0
9612,PSEUDO,3
9613,BIOLOGICAL_REGION,0
9614,PSEUDO,3
9615,BIOLOGICAL_REGION,0
9616,PSEUDO,3
9617,PSEUDO,3
9618,PSEUDO,3
9619,BIOLOGICAL_REGION,0
9620,PSEUDO,3
9621,BIOLOGICAL_REGION,0
9622,snoRNA,8
9623,ncRNA,4
9624,rRNA,5
9625,PSEUDO,3
9626,BIOLOGICAL_REGION,0
9627,PSEUDO,3
9628,PSEUDO,3
9629,BIOLOGICAL_REGION,0
9630,PSEUDO,3
9631,BIOLOGICAL_REGION,0
9632,tRNA,9
9633,BIOLOGICAL_REGION,0
9634,tRNA,9
9635,PSEUDO,3
9636,BIOLOGICAL_REGION,0
9637,ncRNA,4
9638,ncRNA,4
9639,BIOLOGICAL_REGION,0
9640,PSEUDO,3
9641,PSEUDO,3
9642,PSEUDO,3
9643,PSEUDO,3
9644,PROTEIN_CODING,2
9645,BIOLOGICAL_REGION,0
9646,PSEUDO,3
9647,PSEUDO,3
9648,PSEUDO,3
9649,ncRNA,4
9650,ncRNA,4
9651,BIOLOGICAL_REGION,0
9652,PSEUDO,3
9653,PSEUDO,3
9654,PSEUDO,3
9655,PROTEIN_CODING,2
9656,ncRNA,4
9657,ncRNA,4
9658,BIOLOGICAL_REGION,0
9659,PSEUDO,3
9660,BIOLOGICAL_REGION,0
9661,BIOLOGICAL_REGION,0
9662,PROTEIN_CODING,2
9663,PSEUDO,3
9664,PSEUDO,3
9665,PSEUDO,3
9666,PSEUDO,3
9667,BIOLOGICAL_REGION,0
9668,BIOLOGICAL_REGION,0
9669,PSEUDO,3
9670,PSEUDO,3
9671,BIOLOGICAL_REGION,0
9672,BIOLOGICAL_REGION,0
9673,BIOLOGICAL_REGION,0
9674,BIOLOGICAL_REGION,0
9675,PSEUDO,3
9676,ncRNA,4
9677,BIOLOGICAL_REGION,0
9678,PSEUDO,3
9679,snoRNA,8
9680,BIOLOGICAL_REGION,0
9681,PSEUDO,3
9682,snoRNA,8
9683,PSEUDO,3
9684,BIOLOGICAL_REGION,0
9685,PSEUDO,3
9686,BIOLOGICAL_REGION,0
9687,PSEUDO,3
9688,PSEUDO,3
9689,PSEUDO,3
9690,PSEUDO,3
9691,BIOLOGICAL_REGION,0
9692,BIOLOGICAL_REGION,0
9693,BIOLOGICAL_REGION,0
9694,PSEUDO,3
9695,PSEUDO,3
9696,PSEUDO,3
9697,PSEUDO,3
9698,BIOLOGICAL_REGION,0
9699,snoRNA,8
9700,ncRNA,4
9701,BIOLOGICAL_REGION,0
9702,BIOLOGICAL_REGION,0
9703,PSEUDO,3
9704,PSEUDO,3
9705,BIOLOGICAL_REGION,0
9706,PSEUDO,3
9707,PSEUDO,3
9708,PSEUDO,3
9709,PSEUDO,3
9710,BIOLOGICAL_REGION,0
9711,rRNA,5
9712,BIOLOGICAL_REGION,0
9713,PSEUDO,3
9714,PSEUDO,3
9715,PROTEIN_CODING,2
9716,ncRNA,4
9717,PSEUDO,3
9718,BIOLOGICAL_REGION,0
9719,snoRNA,8
9720,PSEUDO,3
9721,BIOLOGICAL_REGION,0
9722,PSEUDO,3
9723,PSEUDO,3
9724,BIOLOGICAL_REGION,0
9725,tRNA,9
9726,PROTEIN_CODING,2
9727,tRNA,9
9728,rRNA,5
9729,snoRNA,8
9730,BIOLOGICAL_REGION,0
9731,ncRNA,4
9732,BIOLOGICAL_REGION,0
9733,ncRNA,4
9734,BIOLOGICAL_REGION,0
9735,PSEUDO,3
9736,PSEUDO,3
9737,rRNA,5
9738,PSEUDO,3
9739,PSEUDO,3
9740,PSEUDO,3
9741,OTHER,1
9742,PSEUDO,3
9743,BIOLOGICAL_REGION,0
9744,PSEUDO,3
9745,PSEUDO,3
9746,snRNA,7
9747,PSEUDO,3
9748,PSEUDO,3
9749,PSEUDO,3
9750,PSEUDO,3
9751,ncRNA,4
9752,ncRNA,4
9753,BIOLOGICAL_REGION,0
9754,ncRNA,4
9755,snoRNA,8
9756,PSEUDO,3
9757,BIOLOGICAL_REGION,0
9758,BIOLOGICAL_REGION,0
9759,BIOLOGICAL_REGION,0
9760,ncRNA,4
9761,PSEUDO,3
9762,BIOLOGICAL_REGION,0
9763,BIOLOGICAL_REGION,0
9764,BIOLOGICAL_REGION,0
9765,rRNA,5
9766,PSEUDO,3
9767,snoRNA,8
9768,PSEUDO,3
9769,PSEUDO,3
9770,PSEUDO,3
9771,PSEUDO,3
9772,PSEUDO,3
9773,BIOLOGICAL_REGION,0
9774,BIOLOGICAL_REGION,0
9775,BIOLOGICAL_REGION,0
9776,BIOLOGICAL_REGION,0
9777,tRNA,9
9778,PSEUDO,3
9779,BIOLOGICAL_REGION,0
9780,OTHER,1
9781,PSEUDO,3
9782,BIOLOGICAL_REGION,0
9783,BIOLOGICAL_REGION,0
9784,snoRNA,8
9785,BIOLOGICAL_REGION,0
9786,BIOLOGICAL_REGION,0
9787,PSEUDO,3
9788,ncRNA,4
9789,BIOLOGICAL_REGION,0
9790,BIOLOGICAL_REGION,0
9791,ncRNA,4
9792,PSEUDO,3
9793,BIOLOGICAL_REGION,0
9794,PSEUDO,3
9795,BIOLOGICAL_REGION,0
9796,PSEUDO,3
9797,BIOLOGICAL_REGION,0
9798,PSEUDO,3
9799,PSEUDO,3
9800,PSEUDO,3
9801,PSEUDO,3
9802,PSEUDO,3
9803,PSEUDO,3
9804,PSEUDO,3
9805,ncRNA,4
9806,PSEUDO,3
9807,BIOLOGICAL_REGION,0
9808,PSEUDO,3
9809,BIOLOGICAL_REGION,0
9810,BIOLOGICAL_REGION,0
9811,BIOLOGICAL_REGION,0
9812,BIOLOGICAL_REGION,0
9813,ncRNA,4
9814,ncRNA,4
9815,ncRNA,4
9816,PSEUDO,3
9817,PSEUDO,3
9818,PSEUDO,3
9819,BIOLOGICAL_REGION,0
9820,PSEUDO,3
9821,snoRNA,8
9822,PSEUDO,3
9823,PSEUDO,3
9824,PSEUDO,3
9825,ncRNA,4
9826,snoRNA,8
9827,BIOLOGICAL_REGION,0
9828,PSEUDO,3
9829,ncRNA,4
9830,ncRNA,4
9831,BIOLOGICAL_REGION,0
9832,BIOLOGICAL_REGION,0
9833,BIOLOGICAL_REGION,0
9834,ncRNA,4
9835,PSEUDO,3
9836,PSEUDO,3
9837,PSEUDO,3
9838,snoRNA,8
9839,PSEUDO,3
9840,ncRNA,4
9841,BIOLOGICAL_REGION,0
9842,PSEUDO,3
9843,tRNA,9
9844,tRNA,9
9845,PSEUDO,3
9846,PSEUDO,3
9847,PSEUDO,3
9848,PSEUDO,3
9849,PSEUDO,3
9850,snoRNA,8
9851,PSEUDO,3
9852,PSEUDO,3
9853,PSEUDO,3
9854,OTHER,1
9855,BIOLOGICAL_REGION,0
9856,ncRNA,4
9857,ncRNA,4
9858,BIOLOGICAL_REGION,0
9859,BIOLOGICAL_REGION,0
9860,snoRNA,8
9861,PSEUDO,3
9862,ncRNA,4
9863,PSEUDO,3
9864,PSEUDO,3
9865,PROTEIN_CODING,2
9866,PROTEIN_CODING,2
9867,BIOLOGICAL_REGION,0
9868,ncRNA,4
9869,PSEUDO,3
9870,PSEUDO,3
9871,tRNA,9
9872,BIOLOGICAL_REGION,0
9873,BIOLOGICAL_REGION,0
9874,BIOLOGICAL_REGION,0
9875,PSEUDO,3
9876,ncRNA,4
9877,PSEUDO,3
9878,ncRNA,4
9879,PSEUDO,3
9880,ncRNA,4
9881,BIOLOGICAL_REGION,0
9882,tRNA,9
9883,PSEUDO,3
9884,BIOLOGICAL_REGION,0
9885,PSEUDO,3
9886,PSEUDO,3
9887,BIOLOGICAL_REGION,0
9888,snoRNA,8
9889,BIOLOGICAL_REGION,0
9890,ncRNA,4
9891,PSEUDO,3
9892,tRNA,9
9893,ncRNA,4
9894,PSEUDO,3
9895,BIOLOGICAL_REGION,0
9896,snRNA,7
9897,BIOLOGICAL_REGION,0
9898,ncRNA,4
9899,BIOLOGICAL_REGION,0
9900,BIOLOGICAL_REGION,0
9901,PSEUDO,3
9902,BIOLOGICAL_REGION,0
9903,OTHER,1
9904,PSEUDO,3
9905,BIOLOGICAL_REGION,0
9906,PSEUDO,3
9907,BIOLOGICAL_REGION,0
9908,ncRNA,4
9909,BIOLOGICAL_REGION,0
9910,snRNA,7
9911,PSEUDO,3
9912,PSEUDO,3
9913,BIOLOGICAL_REGION,0
9914,BIOLOGICAL_REGION,0
9915,PSEUDO,3
9916,ncRNA,4
9917,ncRNA,4
9918,BIOLOGICAL_REGION,0
9919,BIOLOGICAL_REGION,0
9920,BIOLOGICAL_REGION,0
9921,PSEUDO,3
9922,BIOLOGICAL_REGION,0
9923,BIOLOGICAL_REGION,0
9924,ncRNA,4
9925,BIOLOGICAL_REGION,0
9926,OTHER,1
9927,ncRNA,4
9928,PSEUDO,3
9929,BIOLOGICAL_REGION,0
9930,tRNA,9
9931,PSEUDO,3
9932,PSEUDO,3
9933,BIOLOGICAL_REGION,0
9934,BIOLOGICAL_REGION,0
9935,snoRNA,8
9936,rRNA,5
9937,PSEUDO,3
9938,PSEUDO,3
9939,PSEUDO,3
9940,PSEUDO,3
9941,BIOLOGICAL_REGION,0
9942,PSEUDO,3
9943,ncRNA,4
9944,PSEUDO,3
9945,PSEUDO,3
9946,PSEUDO,3
9947,ncRNA,4
9948,snoRNA,8
9949,PSEUDO,3
9950,ncRNA,4
9951,PSEUDO,3
9952,BIOLOGICAL_REGION,0
9953,BIOLOGICAL_REGION,0
9954,PSEUDO,3
9955,PSEUDO,3
9956,ncRNA,4
9957,snoRNA,8
9958,PSEUDO,3
9959,BIOLOGICAL_REGION,0
9960,PSEUDO,3
9961,PSEUDO,3
9962,PSEUDO,3
9963,PSEUDO,3
9964,BIOLOGICAL_REGION,0
9965,PSEUDO,3
9966,PSEUDO,3
9967,BIOLOGICAL_REGION,0
9968,BIOLOGICAL_REGION,0
9969,ncRNA,4
9970,BIOLOGICAL_REGION,0
9971,PSEUDO,3
9972,rRNA,5
9973,PSEUDO,3
9974,snoRNA,8
9975,PSEUDO,3
9976,ncRNA,4
9977,BIOLOGICAL_REGION,0
9978,BIOLOGICAL_REGION,0
9979,ncRNA,4
9980,BIOLOGICAL_REGION,0
9981,ncRNA,4
9982,tRNA,9
9983,ncRNA,4
9984,PSEUDO,3
9985,PSEUDO,3
9986,PSEUDO,3
9987,PSEUDO,3
9988,BIOLOGICAL_REGION,0
9989,OTHER,1
9990,BIOLOGICAL_REGION,0
9991,PSEUDO,3
9992,PSEUDO,3
9993,PSEUDO,3
9994,PSEUDO,3
9995,BIOLOGICAL_REGION,0
9996,PSEUDO,3
9997,snoRNA,8
9998,PSEUDO,3
9999,snoRNA,8
10000,PSEUDO,3
10001,PSEUDO,3
10002,BIOLOGICAL_REGION,0
10003,BIOLOGICAL_REGION,0
10004,PSEUDO,3
10005,BIOLOGICAL_REGION,0
10006,BIOLOGICAL_REGION,0
10007,PSEUDO,3
10008,snoRNA,8
10009,snoRNA,8
10010,PSEUDO,3
10011,BIOLOGICAL_REGION,0
10012,PSEUDO,3
10013,ncRNA,4
10014,PSEUDO,3
10015,PSEUDO,3
10016,PSEUDO,3
10017,PSEUDO,3
10018,BIOLOGICAL_REGION,0
10019,ncRNA,4
10020,PSEUDO,3
10021,ncRNA,4
10022,ncRNA,4
10023,ncRNA,4
10024,ncRNA,4
10025,PSEUDO,3
10026,PSEUDO,3
10027,PSEUDO,3
10028,OTHER,1
10029,snoRNA,8
10030,BIOLOGICAL_REGION,0
10031,BIOLOGICAL_REGION,0
10032,PSEUDO,3
10033,ncRNA,4
10034,PSEUDO,3
10035,BIOLOGICAL_REGION,0
10036,tRNA,9
10037,OTHER,1
10038,PSEUDO,3
10039,BIOLOGICAL_REGION,0
10040,PSEUDO,3
10041,snoRNA,8
10042,PSEUDO,3
10043,ncRNA,4
10044,PSEUDO,3
10045,BIOLOGICAL_REGION,0
10046,PSEUDO,3
10047,BIOLOGICAL_REGION,0
10048,ncRNA,4
10049,BIOLOGICAL_REGION,0
10050,ncRNA,4
10051,PSEUDO,3
10052,PSEUDO,3
10053,PSEUDO,3
10054,BIOLOGICAL_REGION,0
10055,BIOLOGICAL_REGION,0
10056,PSEUDO,3
10057,BIOLOGICAL_REGION,0
10058,BIOLOGICAL_REGION,0
10059,BIOLOGICAL_REGION,0
10060,PSEUDO,3
10061,PSEUDO,3
10062,PSEUDO,3
10063,BIOLOGICAL_REGION,0
10064,BIOLOGICAL_REGION,0
10065,PSEUDO,3
10066,BIOLOGICAL_REGION,0
10067,PSEUDO,3
10068,snoRNA,8
10069,BIOLOGICAL_REGION,0
10070,PSEUDO,3
10071,BIOLOGICAL_REGION,0
10072,PROTEIN_CODING,2
10073,ncRNA,4
10074,PSEUDO,3
10075,ncRNA,4
10076,BIOLOGICAL_REGION,0
10077,PSEUDO,3
10078,ncRNA,4
10079,PSEUDO,3
10080,PSEUDO,3
10081,BIOLOGICAL_REGION,0
10082,PSEUDO,3
10083,BIOLOGICAL_REGION,0
10084,PSEUDO,3
10085,snoRNA,8
10086,ncRNA,4
10087,PSEUDO,3
10088,PROTEIN_CODING,2
10089,PSEUDO,3
10090,BIOLOGICAL_REGION,0
10091,PSEUDO,3
10092,BIOLOGICAL_REGION,0
10093,BIOLOGICAL_REGION,0
10094,BIOLOGICAL_REGION,0
10095,PSEUDO,3
10096,PSEUDO,3
10097,rRNA,5
10098,PSEUDO,3
10099,PSEUDO,3
10100,snoRNA,8
10101,BIOLOGICAL_REGION,0
10102,PSEUDO,3
10103,ncRNA,4
10104,BIOLOGICAL_REGION,0
10105,PSEUDO,3
10106,BIOLOGICAL_REGION,0
10107,BIOLOGICAL_REGION,0
10108,PSEUDO,3
10109,BIOLOGICAL_REGION,0
10110,PSEUDO,3
10111,BIOLOGICAL_REGION,0
10112,BIOLOGICAL_REGION,0
10113,PSEUDO,3
10114,PSEUDO,3
10115,PSEUDO,3
10116,PSEUDO,3
10117,BIOLOGICAL_REGION,0
10118,ncRNA,4
10119,ncRNA,4
10120,PSEUDO,3
10121,ncRNA,4
10122,BIOLOGICAL_REGION,0
10123,snoRNA,8
10124,tRNA,9
10125,ncRNA,4
10126,BIOLOGICAL_REGION,0
10127,PSEUDO,3
10128,PSEUDO,3
10129,rRNA,5
10130,snoRNA,8
10131,PSEUDO,3
10132,BIOLOGICAL_REGION,0
10133,PSEUDO,3
10134,PSEUDO,3
10135,PSEUDO,3
10136,BIOLOGICAL_REGION,0
10137,PSEUDO,3
10138,BIOLOGICAL_REGION,0
10139,PSEUDO,3
10140,BIOLOGICAL_REGION,0
10141,BIOLOGICAL_REGION,0
10142,BIOLOGICAL_REGION,0
10143,PSEUDO,3
10144,ncRNA,4
10145,rRNA,5
10146,PSEUDO,3
10147,BIOLOGICAL_REGION,0
10148,PSEUDO,3
10149,ncRNA,4
10150,PSEUDO,3
10151,ncRNA,4
10152,snoRNA,8
10153,tRNA,9
10154,PSEUDO,3
10155,tRNA,9
10156,PSEUDO,3
10157,PSEUDO,3
10158,PSEUDO,3
10159,PSEUDO,3
10160,BIOLOGICAL_REGION,0
10161,BIOLOGICAL_REGION,0
10162,PSEUDO,3
10163,PSEUDO,3
10164,BIOLOGICAL_REGION,0
10165,BIOLOGICAL_REGION,0
10166,rRNA,5
10167,PSEUDO,3
10168,ncRNA,4
10169,BIOLOGICAL_REGION,0
10170,PSEUDO,3
10171,snRNA,7
10172,BIOLOGICAL_REGION,0
10173,PSEUDO,3
10174,snoRNA,8
10175,snoRNA,8
10176,PSEUDO,3
10177,tRNA,9
10178,ncRNA,4
10179,snoRNA,8
10180,BIOLOGICAL_REGION,0
10181,PSEUDO,3
10182,ncRNA,4
10183,tRNA,9
10184,PSEUDO,3
10185,PROTEIN_CODING,2
10186,PSEUDO,3
10187,PSEUDO,3
10188,BIOLOGICAL_REGION,0
10189,PSEUDO,3
10190,PSEUDO,3
10191,ncRNA,4
10192,PSEUDO,3
10193,ncRNA,4
10194,PSEUDO,3
10195,snoRNA,8
10196,BIOLOGICAL_REGION,0
10197,PSEUDO,3
10198,PROTEIN_CODING,2
10199,ncRNA,4
10200,BIOLOGICAL_REGION,0
10201,PSEUDO,3
10202,PSEUDO,3
10203,BIOLOGICAL_REGION,0
10204,BIOLOGICAL_REGION,0
10205,OTHER,1
10206,ncRNA,4
10207,PSEUDO,3
10208,PSEUDO,3
10209,ncRNA,4
10210,snoRNA,8
10211,PSEUDO,3
10212,PSEUDO,3
10213,BIOLOGICAL_REGION,0
10214,ncRNA,4
10215,PSEUDO,3
10216,PSEUDO,3
10217,PSEUDO,3
10218,BIOLOGICAL_REGION,0
10219,BIOLOGICAL_REGION,0
10220,ncRNA,4
10221,ncRNA,4
10222,PROTEIN_CODING,2
10223,PSEUDO,3
10224,PSEUDO,3
10225,PSEUDO,3
10226,PSEUDO,3
10227,PSEUDO,3
10228,BIOLOGICAL_REGION,0
10229,PSEUDO,3
10230,PSEUDO,3
10231,PSEUDO,3
10232,BIOLOGICAL_REGION,0
10233,PSEUDO,3
10234,BIOLOGICAL_REGION,0
10235,BIOLOGICAL_REGION,0
10236,PSEUDO,3
10237,PSEUDO,3
10238,PSEUDO,3
10239,BIOLOGICAL_REGION,0
10240,PSEUDO,3
10241,BIOLOGICAL_REGION,0
10242,BIOLOGICAL_REGION,0
10243,PSEUDO,3
10244,PSEUDO,3
10245,PSEUDO,3
10246,BIOLOGICAL_REGION,0
10247,snoRNA,8
10248,snoRNA,8
10249,snoRNA,8
10250,PSEUDO,3
10251,PSEUDO,3
10252,PSEUDO,3
10253,BIOLOGICAL_REGION,0
10254,PSEUDO,3
10255,BIOLOGICAL_REGION,0
10256,PSEUDO,3
10257,snoRNA,8
10258,BIOLOGICAL_REGION,0
10259,PSEUDO,3
10260,PSEUDO,3
10261,ncRNA,4
10262,BIOLOGICAL_REGION,0
10263,BIOLOGICAL_REGION,0
10264,BIOLOGICAL_REGION,0
10265,PSEUDO,3
10266,ncRNA,4
10267,BIOLOGICAL_REGION,0
10268,tRNA,9
10269,PSEUDO,3
10270,PSEUDO,3
10271,PSEUDO,3
10272,snoRNA,8
10273,PSEUDO,3
10274,PSEUDO,3
10275,BIOLOGICAL_REGION,0
10276,BIOLOGICAL_REGION,0
10277,PSEUDO,3
10278,PSEUDO,3
10279,PSEUDO,3
10280,PSEUDO,3
10281,PSEUDO,3
10282,PSEUDO,3
10283,BIOLOGICAL_REGION,0
10284,PROTEIN_CODING,2
10285,BIOLOGICAL_REGION,0
10286,BIOLOGICAL_REGION,0
10287,PSEUDO,3
10288,PSEUDO,3
10289,BIOLOGICAL_REGION,0
10290,PSEUDO,3
10291,BIOLOGICAL_REGION,0
10292,PSEUDO,3
10293,ncRNA,4
10294,PSEUDO,3
10295,BIOLOGICAL_REGION,0
10296,PSEUDO,3
10297,BIOLOGICAL_REGION,0
10298,PSEUDO,3
10299,rRNA,5
10300,PSEUDO,3
10301,PSEUDO,3
10302,PSEUDO,3
10303,BIOLOGICAL_REGION,0
10304,BIOLOGICAL_REGION,0
10305,BIOLOGICAL_REGION,0
10306,PSEUDO,3
10307,PSEUDO,3
10308,BIOLOGICAL_REGION,0
10309,BIOLOGICAL_REGION,0
10310,BIOLOGICAL_REGION,0
10311,OTHER,1
10312,ncRNA,4
10313,BIOLOGICAL_REGION,0
10314,BIOLOGICAL_REGION,0
10315,BIOLOGICAL_REGION,0
10316,PSEUDO,3
10317,PSEUDO,3
10318,PSEUDO,3
10319,BIOLOGICAL_REGION,0
10320,PSEUDO,3
10321,snoRNA,8
10322,BIOLOGICAL_REGION,0
10323,PSEUDO,3
10324,BIOLOGICAL_REGION,0
10325,BIOLOGICAL_REGION,0
10326,PSEUDO,3
10327,PSEUDO,3
10328,PSEUDO,3
10329,BIOLOGICAL_REGION,0
10330,PSEUDO,3
10331,PSEUDO,3
10332,snoRNA,8
10333,PSEUDO,3
10334,PSEUDO,3
10335,PSEUDO,3
10336,PSEUDO,3
10337,BIOLOGICAL_REGION,0
10338,ncRNA,4
10339,BIOLOGICAL_REGION,0
10340,PSEUDO,3
10341,PSEUDO,3
10342,ncRNA,4
10343,BIOLOGICAL_REGION,0
10344,PSEUDO,3
10345,PSEUDO,3
10346,PSEUDO,3
10347,ncRNA,4
10348,BIOLOGICAL_REGION,0
10349,BIOLOGICAL_REGION,0
10350,OTHER,1
10351,BIOLOGICAL_REGION,0
10352,snoRNA,8
10353,BIOLOGICAL_REGION,0
10354,PSEUDO,3
10355,PSEUDO,3
10356,PSEUDO,3
10357,BIOLOGICAL_REGION,0
10358,ncRNA,4
10359,ncRNA,4
10360,BIOLOGICAL_REGION,0
10361,PSEUDO,3
10362,ncRNA,4
10363,PSEUDO,3
10364,ncRNA,4
10365,PSEUDO,3
10366,PSEUDO,3
10367,PSEUDO,3
10368,BIOLOGICAL_REGION,0
10369,PROTEIN_CODING,2
10370,BIOLOGICAL_REGION,0
10371,BIOLOGICAL_REGION,0
10372,PSEUDO,3
10373,BIOLOGICAL_REGION,0
10374,BIOLOGICAL_REGION,0
10375,PSEUDO,3
10376,PSEUDO,3
10377,BIOLOGICAL_REGION,0
10378,PSEUDO,3
10379,ncRNA,4
10380,PSEUDO,3
10381,PSEUDO,3
10382,BIOLOGICAL_REGION,0
10383,BIOLOGICAL_REGION,0
10384,BIOLOGICAL_REGION,0
10385,PSEUDO,3
10386,tRNA,9
10387,PSEUDO,3
10388,PSEUDO,3
10389,ncRNA,4
10390,PSEUDO,3
10391,BIOLOGICAL_REGION,0
10392,BIOLOGICAL_REGION,0
10393,BIOLOGICAL_REGION,0
10394,PSEUDO,3
10395,PSEUDO,3
10396,PROTEIN_CODING,2
10397,PSEUDO,3
10398,PSEUDO,3
10399,BIOLOGICAL_REGION,0
10400,PSEUDO,3
10401,PSEUDO,3
10402,BIOLOGICAL_REGION,0
10403,ncRNA,4
10404,PSEUDO,3
10405,snoRNA,8
10406,BIOLOGICAL_REGION,0
10407,PSEUDO,3
10408,OTHER,1
10409,PSEUDO,3
10410,BIOLOGICAL_REGION,0
10411,PSEUDO,3
10412,BIOLOGICAL_REGION,0
10413,PSEUDO,3
10414,ncRNA,4
10415,PSEUDO,3
10416,PSEUDO,3
10417,PSEUDO,3
10418,BIOLOGICAL_REGION,0
10419,PSEUDO,3
10420,snoRNA,8
10421,snoRNA,8
10422,ncRNA,4
10423,PSEUDO,3
10424,PSEUDO,3
10425,BIOLOGICAL_REGION,0
10426,BIOLOGICAL_REGION,0
10427,OTHER,1
10428,PSEUDO,3
10429,PSEUDO,3
10430,PROTEIN_CODING,2
10431,PSEUDO,3
10432,BIOLOGICAL_REGION,0
10433,ncRNA,4
10434,BIOLOGICAL_REGION,0
10435,PSEUDO,3
10436,PSEUDO,3
10437,BIOLOGICAL_REGION,0
10438,PSEUDO,3
10439,BIOLOGICAL_REGION,0
10440,ncRNA,4
10441,PSEUDO,3
10442,BIOLOGICAL_REGION,0
10443,PSEUDO,3
10444,BIOLOGICAL_REGION,0
10445,BIOLOGICAL_REGION,0
10446,BIOLOGICAL_REGION,0
10447,PSEUDO,3
10448,PSEUDO,3
10449,ncRNA,4
10450,PSEUDO,3
10451,PSEUDO,3
10452,PSEUDO,3
10453,PSEUDO,3
10454,ncRNA,4
10455,BIOLOGICAL_REGION,0
10456,PSEUDO,3
10457,BIOLOGICAL_REGION,0
10458,PSEUDO,3
10459,snoRNA,8
10460,BIOLOGICAL_REGION,0
10461,PROTEIN_CODING,2
10462,BIOLOGICAL_REGION,0
10463,BIOLOGICAL_REGION,0
10464,BIOLOGICAL_REGION,0
10465,PSEUDO,3
10466,PSEUDO,3
10467,BIOLOGICAL_REGION,0
10468,PSEUDO,3
10469,BIOLOGICAL_REGION,0
10470,BIOLOGICAL_REGION,0
10471,PSEUDO,3
10472,ncRNA,4
10473,snoRNA,8
10474,ncRNA,4
10475,PSEUDO,3
10476,PSEUDO,3
10477,PSEUDO,3
10478,BIOLOGICAL_REGION,0
10479,PROTEIN_CODING,2
10480,BIOLOGICAL_REGION,0
10481,BIOLOGICAL_REGION,0
10482,PSEUDO,3
10483,ncRNA,4
10484,PSEUDO,3
10485,snoRNA,8
10486,PSEUDO,3
10487,PSEUDO,3
10488,BIOLOGICAL_REGION,0
10489,BIOLOGICAL_REGION,0
10490,PSEUDO,3
10491,BIOLOGICAL_REGION,0
10492,ncRNA,4
10493,OTHER,1
10494,ncRNA,4
10495,snoRNA,8
10496,ncRNA,4
10497,snoRNA,8
10498,PSEUDO,3
10499,OTHER,1
10500,ncRNA,4
10501,PSEUDO,3
10502,BIOLOGICAL_REGION,0
10503,PSEUDO,3
10504,tRNA,9
10505,PSEUDO,3
10506,BIOLOGICAL_REGION,0
10507,BIOLOGICAL_REGION,0
10508,PSEUDO,3
10509,PSEUDO,3
10510,rRNA,5
10511,ncRNA,4
10512,PSEUDO,3
10513,BIOLOGICAL_REGION,0
10514,PSEUDO,3
10515,PSEUDO,3
10516,PSEUDO,3
10517,BIOLOGICAL_REGION,0
10518,BIOLOGICAL_REGION,0
10519,BIOLOGICAL_REGION,0
10520,BIOLOGICAL_REGION,0
10521,PSEUDO,3
10522,ncRNA,4
10523,PSEUDO,3
10524,tRNA,9
10525,OTHER,1
10526,PSEUDO,3
10527,PSEUDO,3
10528,BIOLOGICAL_REGION,0
10529,BIOLOGICAL_REGION,0
10530,BIOLOGICAL_REGION,0
10531,BIOLOGICAL_REGION,0
10532,ncRNA,4
10533,OTHER,1
10534,PSEUDO,3
10535,BIOLOGICAL_REGION,0
10536,PSEUDO,3
10537,PSEUDO,3
10538,BIOLOGICAL_REGION,0
10539,BIOLOGICAL_REGION,0
10540,PSEUDO,3
10541,BIOLOGICAL_REGION,0
10542,PSEUDO,3
10543,PSEUDO,3
10544,BIOLOGICAL_REGION,0
10545,BIOLOGICAL_REGION,0
10546,PSEUDO,3
10547,PSEUDO,3
10548,PSEUDO,3
10549,PSEUDO,3
10550,PSEUDO,3
10551,BIOLOGICAL_REGION,0
10552,ncRNA,4
10553,ncRNA,4
10554,BIOLOGICAL_REGION,0
10555,ncRNA,4
10556,PROTEIN_CODING,2
10557,PSEUDO,3
10558,rRNA,5
10559,PSEUDO,3
10560,ncRNA,4
10561,ncRNA,4
10562,PSEUDO,3
10563,snoRNA,8
10564,PSEUDO,3
10565,BIOLOGICAL_REGION,0
10566,snoRNA,8
10567,BIOLOGICAL_REGION,0
10568,PSEUDO,3
10569,BIOLOGICAL_REGION,0
10570,PSEUDO,3
10571,BIOLOGICAL_REGION,0
10572,BIOLOGICAL_REGION,0
10573,ncRNA,4
10574,BIOLOGICAL_REGION,0
10575,PSEUDO,3
10576,PSEUDO,3
10577,OTHER,1
10578,BIOLOGICAL_REGION,0
10579,ncRNA,4
10580,PSEUDO,3
10581,PSEUDO,3
10582,PSEUDO,3
10583,PSEUDO,3
10584,ncRNA,4
10585,PSEUDO,3
10586,BIOLOGICAL_REGION,0
10587,BIOLOGICAL_REGION,0
10588,tRNA,9
10589,PSEUDO,3
10590,PSEUDO,3
10591,ncRNA,4
10592,tRNA,9
10593,BIOLOGICAL_REGION,0
10594,BIOLOGICAL_REGION,0
10595,BIOLOGICAL_REGION,0
10596,PSEUDO,3
10597,PSEUDO,3
10598,tRNA,9
10599,PROTEIN_CODING,2
10600,ncRNA,4
10601,PSEUDO,3
10602,PSEUDO,3
10603,PSEUDO,3
10604,ncRNA,4
10605,PSEUDO,3
10606,PSEUDO,3
10607,PSEUDO,3
10608,PSEUDO,3
10609,PSEUDO,3
10610,PSEUDO,3
10611,PSEUDO,3
10612,PSEUDO,3
10613,PSEUDO,3
10614,BIOLOGICAL_REGION,0
10615,PSEUDO,3
10616,BIOLOGICAL_REGION,0
10617,rRNA,5
10618,ncRNA,4
10619,PSEUDO,3
10620,PSEUDO,3
10621,PSEUDO,3
10622,snoRNA,8
10623,BIOLOGICAL_REGION,0
10624,ncRNA,4
10625,snRNA,7
10626,snRNA,7
10627,BIOLOGICAL_REGION,0
10628,BIOLOGICAL_REGION,0
10629,BIOLOGICAL_REGION,0
10630,BIOLOGICAL_REGION,0
10631,PSEUDO,3
10632,ncRNA,4
10633,PSEUDO,3
10634,PSEUDO,3
10635,rRNA,5
10636,ncRNA,4
10637,PSEUDO,3
10638,BIOLOGICAL_REGION,0
10639,BIOLOGICAL_REGION,0
10640,PSEUDO,3
10641,PROTEIN_CODING,2
10642,PSEUDO,3
10643,BIOLOGICAL_REGION,0
10644,snoRNA,8
10645,PSEUDO,3
10646,ncRNA,4
10647,PSEUDO,3
10648,PROTEIN_CODING,2
10649,PSEUDO,3
10650,ncRNA,4
10651,PSEUDO,3
10652,snoRNA,8
10653,BIOLOGICAL_REGION,0
10654,PSEUDO,3
10655,PSEUDO,3
10656,PSEUDO,3
10657,PSEUDO,3
10658,PSEUDO,3
10659,PSEUDO,3
10660,PROTEIN_CODING,2
10661,ncRNA,4
10662,PSEUDO,3
10663,PSEUDO,3
10664,PSEUDO,3
10665,BIOLOGICAL_REGION,0
10666,ncRNA,4
10667,ncRNA,4
10668,PSEUDO,3
10669,ncRNA,4
10670,ncRNA,4
10671,PSEUDO,3
10672,BIOLOGICAL_REGION,0
10673,BIOLOGICAL_REGION,0
10674,snoRNA,8
10675,BIOLOGICAL_REGION,0
10676,PSEUDO,3
10677,tRNA,9
10678,PSEUDO,3
10679,snoRNA,8
10680,PSEUDO,3
10681,PSEUDO,3
10682,PSEUDO,3
10683,PSEUDO,3
10684,PSEUDO,3
10685,BIOLOGICAL_REGION,0
10686,snoRNA,8
10687,PROTEIN_CODING,2
10688,PSEUDO,3
10689,rRNA,5
10690,snRNA,7
10691,BIOLOGICAL_REGION,0
10692,BIOLOGICAL_REGION,0
10693,PSEUDO,3
10694,PSEUDO,3
10695,PSEUDO,3
10696,BIOLOGICAL_REGION,0
10697,PSEUDO,3
10698,PSEUDO,3
10699,PSEUDO,3
10700,ncRNA,4
10701,BIOLOGICAL_REGION,0
10702,BIOLOGICAL_REGION,0
10703,ncRNA,4
10704,PSEUDO,3
10705,BIOLOGICAL_REGION,0
10706,BIOLOGICAL_REGION,0
10707,PSEUDO,3
10708,BIOLOGICAL_REGION,0
10709,ncRNA,4
10710,PSEUDO,3
10711,BIOLOGICAL_REGION,0
10712,snoRNA,8
10713,BIOLOGICAL_REGION,0
10714,BIOLOGICAL_REGION,0
10715,BIOLOGICAL_REGION,0
10716,PROTEIN_CODING,2
10717,PSEUDO,3
10718,snoRNA,8
10719,PROTEIN_CODING,2
10720,snoRNA,8
10721,PSEUDO,3
10722,PSEUDO,3
10723,BIOLOGICAL_REGION,0
10724,PSEUDO,3
10725,ncRNA,4
10726,PSEUDO,3
10727,PSEUDO,3
10728,ncRNA,4
10729,PSEUDO,3
10730,PSEUDO,3
10731,PSEUDO,3
10732,PROTEIN_CODING,2
10733,OTHER,1
10734,PSEUDO,3
10735,ncRNA,4
10736,snRNA,7
10737,BIOLOGICAL_REGION,0
10738,PSEUDO,3
10739,BIOLOGICAL_REGION,0
10740,PSEUDO,3
10741,BIOLOGICAL_REGION,0
10742,BIOLOGICAL_REGION,0
10743,ncRNA,4
10744,BIOLOGICAL_REGION,0
10745,PSEUDO,3
10746,PSEUDO,3
10747,PSEUDO,3
10748,PSEUDO,3
10749,BIOLOGICAL_REGION,0
10750,PSEUDO,3
10751,PSEUDO,3
10752,PSEUDO,3
10753,OTHER,1
10754,OTHER,1
10755,BIOLOGICAL_REGION,0
10756,BIOLOGICAL_REGION,0
10757,PSEUDO,3
10758,PSEUDO,3
10759,PSEUDO,3
10760,snoRNA,8
10761,BIOLOGICAL_REGION,0
10762,BIOLOGICAL_REGION,0
10763,PSEUDO,3
10764,ncRNA,4
10765,BIOLOGICAL_REGION,0
10766,PSEUDO,3
10767,PSEUDO,3
10768,tRNA,9
10769,BIOLOGICAL_REGION,0
10770,ncRNA,4
10771,snoRNA,8
10772,BIOLOGICAL_REGION,0
10773,PSEUDO,3
10774,BIOLOGICAL_REGION,0
10775,tRNA,9
10776,snoRNA,8
10777,PSEUDO,3
10778,PSEUDO,3
10779,BIOLOGICAL_REGION,0
10780,PSEUDO,3
10781,PSEUDO,3
10782,BIOLOGICAL_REGION,0
10783,BIOLOGICAL_REGION,0
10784,BIOLOGICAL_REGION,0
10785,PROTEIN_CODING,2
10786,BIOLOGICAL_REGION,0
10787,PSEUDO,3
10788,PSEUDO,3
10789,BIOLOGICAL_REGION,0
10790,BIOLOGICAL_REGION,0
10791,ncRNA,4
10792,PSEUDO,3
10793,PROTEIN_CODING,2
10794,PSEUDO,3
10795,BIOLOGICAL_REGION,0
10796,PSEUDO,3
10797,PSEUDO,3
10798,BIOLOGICAL_REGION,0
10799,PSEUDO,3
10800,PSEUDO,3
10801,PSEUDO,3
10802,BIOLOGICAL_REGION,0
10803,PSEUDO,3
10804,BIOLOGICAL_REGION,0
10805,BIOLOGICAL_REGION,0
10806,ncRNA,4
10807,PSEUDO,3
10808,OTHER,1
10809,snoRNA,8
10810,PSEUDO,3
10811,BIOLOGICAL_REGION,0
10812,ncRNA,4
10813,ncRNA,4
10814,PSEUDO,3
10815,PSEUDO,3
10816,PSEUDO,3
10817,OTHER,1
10818,BIOLOGICAL_REGION,0
10819,PSEUDO,3
10820,OTHER,1
10821,BIOLOGICAL_REGION,0
10822,BIOLOGICAL_REGION,0
10823,ncRNA,4
10824,BIOLOGICAL_REGION,0
10825,PSEUDO,3
10826,tRNA,9
10827,PSEUDO,3
10828,BIOLOGICAL_REGION,0
10829,PROTEIN_CODING,2
10830,BIOLOGICAL_REGION,0
10831,BIOLOGICAL_REGION,0
10832,BIOLOGICAL_REGION,0
10833,BIOLOGICAL_REGION,0
10834,BIOLOGICAL_REGION,0
10835,PSEUDO,3
10836,ncRNA,4
10837,BIOLOGICAL_REGION,0
10838,BIOLOGICAL_REGION,0
10839,PSEUDO,3
10840,PSEUDO,3
10841,BIOLOGICAL_REGION,0
10842,PSEUDO,3
10843,BIOLOGICAL_REGION,0
10844,BIOLOGICAL_REGION,0
10845,ncRNA,4
10846,BIOLOGICAL_REGION,0
10847,ncRNA,4
10848,BIOLOGICAL_REGION,0
10849,BIOLOGICAL_REGION,0
10850,snoRNA,8
10851,BIOLOGICAL_REGION,0
10852,BIOLOGICAL_REGION,0
10853,PSEUDO,3
10854,PSEUDO,3
10855,snoRNA,8
10856,PROTEIN_CODING,2
10857,PSEUDO,3
10858,PSEUDO,3
10859,PSEUDO,3
10860,tRNA,9
10861,BIOLOGICAL_REGION,0
10862,BIOLOGICAL_REGION,0
10863,PSEUDO,3
10864,PSEUDO,3
10865,PSEUDO,3
10866,PSEUDO,3
10867,PSEUDO,3
10868,PSEUDO,3
10869,BIOLOGICAL_REGION,0
10870,BIOLOGICAL_REGION,0
10871,PSEUDO,3
10872,OTHER,1
10873,PSEUDO,3
10874,PSEUDO,3
10875,PSEUDO,3
10876,PSEUDO,3
10877,snoRNA,8
10878,PSEUDO,3
10879,PSEUDO,3
10880,PSEUDO,3
10881,BIOLOGICAL_REGION,0
10882,BIOLOGICAL_REGION,0
10883,BIOLOGICAL_REGION,0
10884,PSEUDO,3
10885,PSEUDO,3
10886,tRNA,9
10887,PSEUDO,3
10888,rRNA,5
10889,PROTEIN_CODING,2
10890,ncRNA,4
10891,PSEUDO,3
10892,PSEUDO,3
10893,PSEUDO,3
10894,BIOLOGICAL_REGION,0
10895,PSEUDO,3
10896,PROTEIN_CODING,2
10897,BIOLOGICAL_REGION,0
10898,PSEUDO,3
10899,PSEUDO,3
10900,BIOLOGICAL_REGION,0
10901,BIOLOGICAL_REGION,0
10902,PSEUDO,3
10903,ncRNA,4
10904,ncRNA,4
10905,BIOLOGICAL_REGION,0
10906,PSEUDO,3
10907,BIOLOGICAL_REGION,0
10908,PSEUDO,3
10909,tRNA,9
10910,snoRNA,8
10911,PSEUDO,3
10912,BIOLOGICAL_REGION,0
10913,BIOLOGICAL_REGION,0
10914,PSEUDO,3
10915,PSEUDO,3
10916,BIOLOGICAL_REGION,0
10917,PSEUDO,3
10918,PROTEIN_CODING,2
10919,BIOLOGICAL_REGION,0
10920,PSEUDO,3
10921,PSEUDO,3
10922,PSEUDO,3
10923,BIOLOGICAL_REGION,0
10924,PSEUDO,3
10925,PSEUDO,3
10926,PROTEIN_CODING,2
10927,snoRNA,8
10928,PSEUDO,3
10929,PSEUDO,3
10930,PSEUDO,3
10931,BIOLOGICAL_REGION,0
10932,rRNA,5
10933,PSEUDO,3
10934,PSEUDO,3
10935,BIOLOGICAL_REGION,0
10936,PSEUDO,3
10937,PSEUDO,3
10938,PSEUDO,3
10939,PSEUDO,3
10940,PSEUDO,3
10941,ncRNA,4
10942,BIOLOGICAL_REGION,0
10943,PSEUDO,3
10944,ncRNA,4
10945,PSEUDO,3
10946,PSEUDO,3
10947,PSEUDO,3
10948,BIOLOGICAL_REGION,0
10949,PSEUDO,3
10950,PSEUDO,3
10951,BIOLOGICAL_REGION,0
10952,BIOLOGICAL_REGION,0
10953,PSEUDO,3
10954,tRNA,9
10955,PSEUDO,3
10956,BIOLOGICAL_REGION,0
10957,PSEUDO,3
10958,PROTEIN_CODING,2
10959,PSEUDO,3
10960,PSEUDO,3
10961,PSEUDO,3
10962,PSEUDO,3
10963,BIOLOGICAL_REGION,0
10964,BIOLOGICAL_REGION,0
10965,PSEUDO,3
10966,PSEUDO,3
10967,snoRNA,8
10968,PSEUDO,3
10969,rRNA,5
10970,PSEUDO,3
10971,PSEUDO,3
10972,snRNA,7
10973,PSEUDO,3
10974,PSEUDO,3
10975,BIOLOGICAL_REGION,0
10976,ncRNA,4
10977,BIOLOGICAL_REGION,0
10978,BIOLOGICAL_REGION,0
10979,PSEUDO,3
10980,PSEUDO,3
10981,PSEUDO,3
10982,PSEUDO,3
10983,ncRNA,4
10984,PSEUDO,3
10985,PSEUDO,3
10986,ncRNA,4
10987,BIOLOGICAL_REGION,0
10988,PSEUDO,3
10989,BIOLOGICAL_REGION,0
10990,PSEUDO,3
10991,PSEUDO,3
10992,PSEUDO,3
10993,ncRNA,4
10994,rRNA,5
10995,PSEUDO,3
10996,BIOLOGICAL_REGION,0
10997,PSEUDO,3
10998,PSEUDO,3
10999,PSEUDO,3
11000,BIOLOGICAL_REGION,0
11001,PSEUDO,3
11002,PROTEIN_CODING,2
11003,snRNA,7
11004,ncRNA,4
11005,PSEUDO,3
11006,BIOLOGICAL_REGION,0
11007,PROTEIN_CODING,2
11008,PSEUDO,3
11009,BIOLOGICAL_REGION,0
11010,PSEUDO,3
11011,BIOLOGICAL_REGION,0
11012,PSEUDO,3
11013,BIOLOGICAL_REGION,0
11014,BIOLOGICAL_REGION,0
11015,BIOLOGICAL_REGION,0
11016,PSEUDO,3
11017,PSEUDO,3
11018,BIOLOGICAL_REGION,0
11019,BIOLOGICAL_REGION,0
11020,PSEUDO,3
11021,snoRNA,8
11022,ncRNA,4
11023,BIOLOGICAL_REGION,0
11024,snoRNA,8
11025,BIOLOGICAL_REGION,0
11026,tRNA,9
11027,PSEUDO,3
11028,BIOLOGICAL_REGION,0
11029,PSEUDO,3
11030,PSEUDO,3
11031,BIOLOGICAL_REGION,0
11032,PSEUDO,3
11033,PSEUDO,3
11034,PSEUDO,3
11035,BIOLOGICAL_REGION,0
11036,ncRNA,4
11037,PSEUDO,3
11038,PSEUDO,3
11039,rRNA,5
11040,BIOLOGICAL_REGION,0
11041,BIOLOGICAL_REGION,0
11042,ncRNA,4
11043,PSEUDO,3
11044,PSEUDO,3
11045,PSEUDO,3
11046,BIOLOGICAL_REGION,0
11047,PSEUDO,3
11048,snoRNA,8
11049,BIOLOGICAL_REGION,0
11050,snRNA,7
11051,PSEUDO,3
11052,PSEUDO,3
11053,PSEUDO,3
11054,BIOLOGICAL_REGION,0
11055,PROTEIN_CODING,2
11056,PSEUDO,3
11057,BIOLOGICAL_REGION,0
11058,PSEUDO,3
11059,BIOLOGICAL_REGION,0
11060,PSEUDO,3
11061,BIOLOGICAL_REGION,0
11062,PSEUDO,3
11063,PSEUDO,3
11064,ncRNA,4
11065,PSEUDO,3
11066,ncRNA,4
11067,PSEUDO,3
11068,BIOLOGICAL_REGION,0
11069,ncRNA,4
11070,PSEUDO,3
11071,PSEUDO,3
11072,ncRNA,4
11073,PSEUDO,3
11074,BIOLOGICAL_REGION,0
11075,ncRNA,4
11076,PSEUDO,3
11077,BIOLOGICAL_REGION,0
11078,BIOLOGICAL_REGION,0
11079,PSEUDO,3
11080,PSEUDO,3
11081,PSEUDO,3
11082,PSEUDO,3
11083,snoRNA,8
11084,PSEUDO,3
11085,PSEUDO,3
11086,PSEUDO,3
11087,PSEUDO,3
11088,ncRNA,4
11089,PSEUDO,3
11090,PSEUDO,3
11091,snRNA,7
11092,tRNA,9
11093,PSEUDO,3
11094,PROTEIN_CODING,2
11095,snoRNA,8
11096,PSEUDO,3
11097,BIOLOGICAL_REGION,0
11098,ncRNA,4
11099,BIOLOGICAL_REGION,0
11100,BIOLOGICAL_REGION,0
11101,PSEUDO,3
11102,ncRNA,4
11103,ncRNA,4
11104,BIOLOGICAL_REGION,0
11105,BIOLOGICAL_REGION,0
11106,PSEUDO,3
11107,PSEUDO,3
11108,BIOLOGICAL_REGION,0
11109,PSEUDO,3
11110,tRNA,9
11111,PSEUDO,3
11112,PSEUDO,3
11113,PSEUDO,3
11114,PSEUDO,3
11115,PSEUDO,3
11116,OTHER,1
11117,PSEUDO,3
11118,BIOLOGICAL_REGION,0
11119,PSEUDO,3
11120,snoRNA,8
11121,BIOLOGICAL_REGION,0
11122,PSEUDO,3
11123,BIOLOGICAL_REGION,0
11124,ncRNA,4
11125,PSEUDO,3
11126,PSEUDO,3
11127,tRNA,9
11128,PSEUDO,3
11129,PSEUDO,3
11130,BIOLOGICAL_REGION,0
11131,snoRNA,8
11132,tRNA,9
11133,BIOLOGICAL_REGION,0
11134,BIOLOGICAL_REGION,0
11135,BIOLOGICAL_REGION,0
11136,PSEUDO,3
11137,BIOLOGICAL_REGION,0
11138,BIOLOGICAL_REGION,0
11139,PSEUDO,3
11140,PSEUDO,3
11141,BIOLOGICAL_REGION,0
11142,BIOLOGICAL_REGION,0
11143,BIOLOGICAL_REGION,0
11144,OTHER,1
11145,PSEUDO,3
11146,tRNA,9
11147,ncRNA,4
11148,BIOLOGICAL_REGION,0
11149,ncRNA,4
11150,PROTEIN_CODING,2
11151,snoRNA,8
11152,PSEUDO,3
11153,ncRNA,4
11154,BIOLOGICAL_REGION,0
11155,PSEUDO,3
11156,ncRNA,4
11157,PSEUDO,3
11158,PSEUDO,3
11159,BIOLOGICAL_REGION,0
11160,ncRNA,4
11161,PSEUDO,3
11162,BIOLOGICAL_REGION,0
11163,PSEUDO,3
11164,PSEUDO,3
11165,PSEUDO,3
11166,rRNA,5
11167,BIOLOGICAL_REGION,0
11168,PSEUDO,3
11169,BIOLOGICAL_REGION,0
11170,snoRNA,8
11171,BIOLOGICAL_REGION,0
11172,PSEUDO,3
11173,ncRNA,4
11174,BIOLOGICAL_REGION,0
11175,PROTEIN_CODING,2
11176,PSEUDO,3
11177,BIOLOGICAL_REGION,0
11178,tRNA,9
11179,BIOLOGICAL_REGION,0
11180,BIOLOGICAL_REGION,0
11181,PSEUDO,3
11182,PSEUDO,3
11183,BIOLOGICAL_REGION,0
11184,PSEUDO,3
11185,PSEUDO,3
11186,PSEUDO,3
11187,PSEUDO,3
11188,BIOLOGICAL_REGION,0
11189,PSEUDO,3
11190,BIOLOGICAL_REGION,0
11191,ncRNA,4
11192,ncRNA,4
11193,snoRNA,8
11194,PSEUDO,3
11195,PSEUDO,3
11196,ncRNA,4
11197,ncRNA,4
11198,BIOLOGICAL_REGION,0
11199,BIOLOGICAL_REGION,0
11200,BIOLOGICAL_REGION,0
11201,BIOLOGICAL_REGION,0
11202,snoRNA,8
11203,BIOLOGICAL_REGION,0
11204,PSEUDO,3
11205,PSEUDO,3
11206,PSEUDO,3
11207,snoRNA,8
11208,tRNA,9
11209,PSEUDO,3
11210,snoRNA,8
11211,PSEUDO,3
11212,PROTEIN_CODING,2
11213,BIOLOGICAL_REGION,0
11214,PSEUDO,3
11215,BIOLOGICAL_REGION,0
11216,PSEUDO,3
11217,BIOLOGICAL_REGION,0
11218,BIOLOGICAL_REGION,0
11219,BIOLOGICAL_REGION,0
11220,BIOLOGICAL_REGION,0
11221,PSEUDO,3
11222,snoRNA,8
11223,PSEUDO,3
11224,PSEUDO,3
11225,OTHER,1
11226,PSEUDO,3
11227,PROTEIN_CODING,2
11228,PSEUDO,3
11229,snoRNA,8
11230,ncRNA,4
11231,PSEUDO,3
11232,BIOLOGICAL_REGION,0
11233,BIOLOGICAL_REGION,0
11234,ncRNA,4
11235,PSEUDO,3
11236,PSEUDO,3
11237,BIOLOGICAL_REGION,0
11238,PSEUDO,3
11239,PSEUDO,3
11240,PSEUDO,3
11241,snoRNA,8
11242,BIOLOGICAL_REGION,0
11243,PSEUDO,3
11244,PROTEIN_CODING,2
11245,PSEUDO,3
11246,BIOLOGICAL_REGION,0
11247,PSEUDO,3
11248,BIOLOGICAL_REGION,0
11249,PSEUDO,3
11250,OTHER,1
11251,BIOLOGICAL_REGION,0
11252,PSEUDO,3
11253,BIOLOGICAL_REGION,0
11254,PSEUDO,3
11255,BIOLOGICAL_REGION,0
11256,ncRNA,4
11257,BIOLOGICAL_REGION,0
11258,snoRNA,8
11259,PSEUDO,3
11260,PSEUDO,3
11261,BIOLOGICAL_REGION,0
11262,PSEUDO,3
11263,PSEUDO,3
11264,PSEUDO,3
11265,PSEUDO,3
11266,ncRNA,4
11267,PSEUDO,3
11268,PSEUDO,3
11269,PSEUDO,3
11270,BIOLOGICAL_REGION,0
11271,PSEUDO,3
11272,PSEUDO,3
11273,BIOLOGICAL_REGION,0
11274,PSEUDO,3
11275,PSEUDO,3
11276,PSEUDO,3
11277,ncRNA,4
11278,BIOLOGICAL_REGION,0
11279,PSEUDO,3
11280,ncRNA,4
11281,PSEUDO,3
11282,BIOLOGICAL_REGION,0
11283,BIOLOGICAL_REGION,0
11284,PSEUDO,3
11285,BIOLOGICAL_REGION,0
11286,PSEUDO,3
11287,BIOLOGICAL_REGION,0
11288,PSEUDO,3
11289,ncRNA,4
11290,PSEUDO,3
11291,BIOLOGICAL_REGION,0
11292,ncRNA,4
11293,BIOLOGICAL_REGION,0
11294,PSEUDO,3
11295,PSEUDO,3
11296,ncRNA,4
11297,snoRNA,8
11298,PSEUDO,3
11299,PSEUDO,3
11300,PSEUDO,3
11301,PSEUDO,3
11302,PSEUDO,3
11303,ncRNA,4
11304,snoRNA,8
11305,BIOLOGICAL_REGION,0
11306,PSEUDO,3
11307,PSEUDO,3
11308,BIOLOGICAL_REGION,0
11309,snoRNA,8
11310,ncRNA,4
11311,PSEUDO,3
11312,PSEUDO,3
11313,BIOLOGICAL_REGION,0
11314,PSEUDO,3
11315,PROTEIN_CODING,2
11316,BIOLOGICAL_REGION,0
11317,snoRNA,8
11318,ncRNA,4
11319,PSEUDO,3
11320,PSEUDO,3
11321,PSEUDO,3
11322,PSEUDO,3
11323,PSEUDO,3
11324,PROTEIN_CODING,2
11325,BIOLOGICAL_REGION,0
11326,PSEUDO,3
11327,ncRNA,4
11328,BIOLOGICAL_REGION,0
11329,PSEUDO,3
11330,ncRNA,4
11331,BIOLOGICAL_REGION,0
11332,BIOLOGICAL_REGION,0
11333,tRNA,9
11334,PSEUDO,3
11335,snoRNA,8
11336,PSEUDO,3
11337,PSEUDO,3
11338,PSEUDO,3
11339,ncRNA,4
11340,PSEUDO,3
11341,PSEUDO,3
11342,snoRNA,8
11343,PSEUDO,3
11344,PSEUDO,3
11345,ncRNA,4
11346,PSEUDO,3
11347,BIOLOGICAL_REGION,0
11348,BIOLOGICAL_REGION,0
11349,tRNA,9
11350,tRNA,9
11351,BIOLOGICAL_REGION,0
11352,PSEUDO,3
11353,PSEUDO,3
11354,PSEUDO,3
11355,BIOLOGICAL_REGION,0
11356,PSEUDO,3
11357,PSEUDO,3
11358,BIOLOGICAL_REGION,0
11359,PSEUDO,3
11360,BIOLOGICAL_REGION,0
11361,tRNA,9
11362,BIOLOGICAL_REGION,0
11363,PSEUDO,3
11364,BIOLOGICAL_REGION,0
11365,snRNA,7
11366,PSEUDO,3
11367,PSEUDO,3
11368,PSEUDO,3
11369,PSEUDO,3
11370,rRNA,5
11371,PSEUDO,3
11372,BIOLOGICAL_REGION,0
11373,ncRNA,4
11374,PSEUDO,3
11375,ncRNA,4
11376,ncRNA,4
11377,PSEUDO,3
11378,BIOLOGICAL_REGION,0
11379,PSEUDO,3
11380,ncRNA,4
11381,BIOLOGICAL_REGION,0
11382,BIOLOGICAL_REGION,0
11383,PSEUDO,3
11384,BIOLOGICAL_REGION,0
11385,PSEUDO,3
11386,PSEUDO,3
11387,BIOLOGICAL_REGION,0
11388,PSEUDO,3
11389,BIOLOGICAL_REGION,0
11390,BIOLOGICAL_REGION,0
11391,PSEUDO,3
11392,ncRNA,4
11393,PSEUDO,3
11394,PSEUDO,3
11395,ncRNA,4
11396,PSEUDO,3
11397,ncRNA,4
11398,PSEUDO,3
11399,BIOLOGICAL_REGION,0
11400,PSEUDO,3
11401,rRNA,5
11402,PSEUDO,3
11403,BIOLOGICAL_REGION,0
11404,BIOLOGICAL_REGION,0
11405,BIOLOGICAL_REGION,0
11406,PSEUDO,3
11407,PSEUDO,3
11408,snRNA,7
11409,BIOLOGICAL_REGION,0
11410,PSEUDO,3
11411,snoRNA,8
11412,tRNA,9
11413,BIOLOGICAL_REGION,0
11414,tRNA,9
11415,PSEUDO,3
11416,snoRNA,8
11417,PSEUDO,3
11418,BIOLOGICAL_REGION,0
11419,PSEUDO,3
11420,BIOLOGICAL_REGION,0
11421,PSEUDO,3
11422,PSEUDO,3
11423,PSEUDO,3
11424,BIOLOGICAL_REGION,0
11425,PSEUDO,3
11426,PSEUDO,3
11427,BIOLOGICAL_REGION,0
11428,PSEUDO,3
11429,BIOLOGICAL_REGION,0
11430,PSEUDO,3
11431,PSEUDO,3
11432,BIOLOGICAL_REGION,0
11433,PSEUDO,3
11434,snoRNA,8
11435,BIOLOGICAL_REGION,0
11436,BIOLOGICAL_REGION,0
11437,PSEUDO,3
11438,PSEUDO,3
11439,tRNA,9
11440,BIOLOGICAL_REGION,0
11441,BIOLOGICAL_REGION,0
11442,PSEUDO,3
11443,snoRNA,8
11444,ncRNA,4
11445,PSEUDO,3
11446,BIOLOGICAL_REGION,0
11447,BIOLOGICAL_REGION,0
11448,snoRNA,8
11449,ncRNA,4
11450,BIOLOGICAL_REGION,0
11451,PSEUDO,3
11452,PSEUDO,3
11453,ncRNA,4
11454,PSEUDO,3
11455,BIOLOGICAL_REGION,0
11456,BIOLOGICAL_REGION,0
11457,PSEUDO,3
11458,ncRNA,4
11459,BIOLOGICAL_REGION,0
11460,PSEUDO,3
11461,PSEUDO,3
11462,BIOLOGICAL_REGION,0
11463,BIOLOGICAL_REGION,0
11464,BIOLOGICAL_REGION,0
11465,PSEUDO,3
11466,PSEUDO,3
11467,PSEUDO,3
11468,PSEUDO,3
11469,PSEUDO,3
11470,ncRNA,4
11471,PSEUDO,3
11472,PSEUDO,3
11473,PSEUDO,3
11474,BIOLOGICAL_REGION,0
11475,PSEUDO,3
11476,BIOLOGICAL_REGION,0
11477,BIOLOGICAL_REGION,0
11478,ncRNA,4
11479,PSEUDO,3
11480,BIOLOGICAL_REGION,0
11481,PSEUDO,3
11482,PSEUDO,3
11483,PSEUDO,3
11484,BIOLOGICAL_REGION,0
11485,PSEUDO,3
11486,snoRNA,8
11487,PSEUDO,3
11488,PSEUDO,3
11489,PSEUDO,3
11490,PSEUDO,3
11491,OTHER,1
11492,PSEUDO,3
11493,PSEUDO,3
11494,ncRNA,4
11495,PSEUDO,3
11496,tRNA,9
11497,PSEUDO,3
11498,PSEUDO,3
11499,PSEUDO,3
11500,PSEUDO,3
11501,BIOLOGICAL_REGION,0
11502,PSEUDO,3
11503,ncRNA,4
11504,BIOLOGICAL_REGION,0
11505,snoRNA,8
11506,PSEUDO,3
11507,BIOLOGICAL_REGION,0
11508,BIOLOGICAL_REGION,0
11509,PSEUDO,3
11510,BIOLOGICAL_REGION,0
11511,BIOLOGICAL_REGION,0
11512,PSEUDO,3
11513,BIOLOGICAL_REGION,0
11514,BIOLOGICAL_REGION,0
11515,PSEUDO,3
11516,BIOLOGICAL_REGION,0
11517,PSEUDO,3
11518,ncRNA,4
11519,PSEUDO,3
11520,PSEUDO,3
11521,tRNA,9
11522,PSEUDO,3
11523,OTHER,1
11524,BIOLOGICAL_REGION,0
11525,BIOLOGICAL_REGION,0
11526,ncRNA,4
11527,rRNA,5
11528,PSEUDO,3
11529,PSEUDO,3
11530,PSEUDO,3
11531,BIOLOGICAL_REGION,0
11532,PSEUDO,3
11533,PSEUDO,3
11534,BIOLOGICAL_REGION,0
11535,ncRNA,4
11536,PSEUDO,3
11537,PSEUDO,3
11538,BIOLOGICAL_REGION,0
11539,OTHER,1
11540,PSEUDO,3
11541,PSEUDO,3
11542,BIOLOGICAL_REGION,0
11543,PSEUDO,3
11544,BIOLOGICAL_REGION,0
11545,BIOLOGICAL_REGION,0
11546,BIOLOGICAL_REGION,0
11547,PSEUDO,3
11548,BIOLOGICAL_REGION,0
11549,BIOLOGICAL_REGION,0
11550,PSEUDO,3
11551,ncRNA,4
11552,snoRNA,8
11553,tRNA,9
11554,BIOLOGICAL_REGION,0
11555,BIOLOGICAL_REGION,0
11556,PSEUDO,3
11557,ncRNA,4
11558,BIOLOGICAL_REGION,0
11559,PSEUDO,3
11560,rRNA,5
11561,snoRNA,8
11562,BIOLOGICAL_REGION,0
11563,PSEUDO,3
11564,ncRNA,4
11565,ncRNA,4
11566,PSEUDO,3
11567,tRNA,9
11568,PSEUDO,3
11569,PSEUDO,3
11570,BIOLOGICAL_REGION,0
11571,PSEUDO,3
11572,PSEUDO,3
11573,BIOLOGICAL_REGION,0
11574,snoRNA,8
11575,BIOLOGICAL_REGION,0
11576,PSEUDO,3
11577,PSEUDO,3
11578,PSEUDO,3
11579,snoRNA,8
11580,PSEUDO,3
11581,tRNA,9
11582,PSEUDO,3
11583,PSEUDO,3
11584,PSEUDO,3
11585,tRNA,9
11586,BIOLOGICAL_REGION,0
11587,BIOLOGICAL_REGION,0
11588,BIOLOGICAL_REGION,0
11589,BIOLOGICAL_REGION,0
11590,BIOLOGICAL_REGION,0
11591,PSEUDO,3
11592,ncRNA,4
11593,BIOLOGICAL_REGION,0
11594,tRNA,9
11595,PSEUDO,3
11596,BIOLOGICAL_REGION,0
11597,BIOLOGICAL_REGION,0
11598,PSEUDO,3
11599,BIOLOGICAL_REGION,0
11600,BIOLOGICAL_REGION,0
11601,PSEUDO,3
11602,PSEUDO,3
11603,PSEUDO,3
11604,PSEUDO,3
11605,tRNA,9
11606,PROTEIN_CODING,2
11607,PSEUDO,3
11608,ncRNA,4
11609,BIOLOGICAL_REGION,0
11610,PSEUDO,3
11611,BIOLOGICAL_REGION,0
11612,rRNA,5
11613,PSEUDO,3
11614,PSEUDO,3
11615,BIOLOGICAL_REGION,0
11616,tRNA,9
11617,PSEUDO,3
11618,PSEUDO,3
11619,BIOLOGICAL_REGION,0
11620,PSEUDO,3
11621,PSEUDO,3
11622,BIOLOGICAL_REGION,0
11623,snoRNA,8
11624,PSEUDO,3
11625,PSEUDO,3
11626,PSEUDO,3
11627,BIOLOGICAL_REGION,0
11628,tRNA,9
11629,PSEUDO,3
11630,BIOLOGICAL_REGION,0
11631,BIOLOGICAL_REGION,0
11632,BIOLOGICAL_REGION,0
11633,PSEUDO,3
11634,PSEUDO,3
11635,ncRNA,4
11636,PSEUDO,3
11637,PSEUDO,3
11638,PSEUDO,3
11639,ncRNA,4
11640,PSEUDO,3
11641,BIOLOGICAL_REGION,0
11642,BIOLOGICAL_REGION,0
11643,PSEUDO,3
11644,PSEUDO,3
11645,PSEUDO,3
11646,PSEUDO,3
11647,PSEUDO,3
11648,BIOLOGICAL_REGION,0
11649,PSEUDO,3
11650,BIOLOGICAL_REGION,0
11651,PSEUDO,3
11652,PSEUDO,3
11653,snoRNA,8
11654,PSEUDO,3
11655,PSEUDO,3
11656,PSEUDO,3
11657,ncRNA,4
11658,BIOLOGICAL_REGION,0
11659,ncRNA,4
11660,ncRNA,4
11661,rRNA,5
11662,PSEUDO,3
11663,PSEUDO,3
11664,BIOLOGICAL_REGION,0
11665,rRNA,5
11666,PSEUDO,3
11667,BIOLOGICAL_REGION,0
11668,PSEUDO,3
11669,ncRNA,4
11670,ncRNA,4
11671,PSEUDO,3
11672,ncRNA,4
11673,BIOLOGICAL_REGION,0
11674,PSEUDO,3
11675,BIOLOGICAL_REGION,0
11676,BIOLOGICAL_REGION,0
11677,PSEUDO,3
11678,PROTEIN_CODING,2
11679,snoRNA,8
11680,PSEUDO,3
11681,PSEUDO,3
11682,PSEUDO,3
11683,ncRNA,4
11684,BIOLOGICAL_REGION,0
11685,PSEUDO,3
11686,PSEUDO,3
11687,PSEUDO,3
11688,PSEUDO,3
11689,BIOLOGICAL_REGION,0
11690,snoRNA,8
11691,ncRNA,4
11692,ncRNA,4
11693,PSEUDO,3
11694,PSEUDO,3
11695,PSEUDO,3
11696,tRNA,9
11697,BIOLOGICAL_REGION,0
11698,BIOLOGICAL_REGION,0
11699,snoRNA,8
11700,BIOLOGICAL_REGION,0
11701,PSEUDO,3
11702,PSEUDO,3
11703,BIOLOGICAL_REGION,0
11704,snoRNA,8
11705,BIOLOGICAL_REGION,0
11706,OTHER,1
11707,BIOLOGICAL_REGION,0
11708,rRNA,5
11709,ncRNA,4
11710,BIOLOGICAL_REGION,0
11711,PSEUDO,3
11712,PSEUDO,3
11713,BIOLOGICAL_REGION,0
11714,tRNA,9
11715,PSEUDO,3
11716,PSEUDO,3
11717,BIOLOGICAL_REGION,0
11718,ncRNA,4
11719,ncRNA,4
11720,PSEUDO,3
11721,ncRNA,4
11722,OTHER,1
11723,ncRNA,4
11724,PSEUDO,3
11725,PSEUDO,3
11726,ncRNA,4
11727,PSEUDO,3
11728,PSEUDO,3
11729,PSEUDO,3
11730,BIOLOGICAL_REGION,0
11731,BIOLOGICAL_REGION,0
11732,OTHER,1
11733,PSEUDO,3
11734,PSEUDO,3
11735,PSEUDO,3
11736,PSEUDO,3
11737,PSEUDO,3
11738,ncRNA,4
11739,ncRNA,4
11740,BIOLOGICAL_REGION,0
11741,BIOLOGICAL_REGION,0
11742,BIOLOGICAL_REGION,0
11743,PSEUDO,3
11744,PSEUDO,3
11745,BIOLOGICAL_REGION,0
11746,PSEUDO,3
11747,OTHER,1
11748,BIOLOGICAL_REGION,0
11749,BIOLOGICAL_REGION,0
11750,ncRNA,4
11751,BIOLOGICAL_REGION,0
11752,tRNA,9
11753,PSEUDO,3
11754,PSEUDO,3
11755,PSEUDO,3
11756,ncRNA,4
11757,ncRNA,4
11758,ncRNA,4
11759,BIOLOGICAL_REGION,0
11760,PROTEIN_CODING,2
11761,PROTEIN_CODING,2
11762,BIOLOGICAL_REGION,0
11763,ncRNA,4
11764,ncRNA,4
11765,BIOLOGICAL_REGION,0
11766,PSEUDO,3
11767,BIOLOGICAL_REGION,0
11768,BIOLOGICAL_REGION,0
11769,BIOLOGICAL_REGION,0
11770,PSEUDO,3
11771,PSEUDO,3
11772,PROTEIN_CODING,2
11773,PSEUDO,3
11774,tRNA,9
11775,ncRNA,4
11776,PSEUDO,3
11777,BIOLOGICAL_REGION,0
11778,snoRNA,8
11779,BIOLOGICAL_REGION,0
11780,PSEUDO,3
11781,BIOLOGICAL_REGION,0
11782,BIOLOGICAL_REGION,0
11783,BIOLOGICAL_REGION,0
11784,BIOLOGICAL_REGION,0
11785,PSEUDO,3
11786,PSEUDO,3
11787,BIOLOGICAL_REGION,0
11788,ncRNA,4
11789,PSEUDO,3
11790,PSEUDO,3
11791,BIOLOGICAL_REGION,0
11792,PSEUDO,3
11793,BIOLOGICAL_REGION,0
11794,BIOLOGICAL_REGION,0
11795,BIOLOGICAL_REGION,0
11796,PSEUDO,3
11797,PSEUDO,3
11798,BIOLOGICAL_REGION,0
11799,PSEUDO,3
11800,BIOLOGICAL_REGION,0
11801,ncRNA,4
11802,ncRNA,4
11803,BIOLOGICAL_REGION,0
11804,PSEUDO,3
11805,BIOLOGICAL_REGION,0
11806,OTHER,1
11807,PSEUDO,3
11808,PROTEIN_CODING,2
11809,BIOLOGICAL_REGION,0
11810,PROTEIN_CODING,2
11811,BIOLOGICAL_REGION,0
11812,PSEUDO,3
11813,PSEUDO,3
11814,BIOLOGICAL_REGION,0
11815,snoRNA,8
11816,BIOLOGICAL_REGION,0
11817,BIOLOGICAL_REGION,0
11818,BIOLOGICAL_REGION,0
11819,PSEUDO,3
11820,snoRNA,8
11821,BIOLOGICAL_REGION,0
11822,PSEUDO,3
11823,PSEUDO,3
11824,rRNA,5
11825,PSEUDO,3
11826,PSEUDO,3
11827,BIOLOGICAL_REGION,0
11828,PSEUDO,3
11829,PSEUDO,3
11830,PSEUDO,3
11831,PSEUDO,3
11832,tRNA,9
11833,BIOLOGICAL_REGION,0
11834,PSEUDO,3
11835,ncRNA,4
11836,PSEUDO,3
11837,PSEUDO,3
11838,BIOLOGICAL_REGION,0
11839,PSEUDO,3
11840,PSEUDO,3
11841,PSEUDO,3
11842,PSEUDO,3
11843,PSEUDO,3
11844,BIOLOGICAL_REGION,0
11845,BIOLOGICAL_REGION,0
11846,PSEUDO,3
11847,PSEUDO,3
11848,PSEUDO,3
11849,PSEUDO,3
11850,BIOLOGICAL_REGION,0
11851,PSEUDO,3
11852,BIOLOGICAL_REGION,0
11853,ncRNA,4
11854,PROTEIN_CODING,2
11855,ncRNA,4
11856,ncRNA,4
11857,PSEUDO,3
11858,PSEUDO,3
11859,PSEUDO,3
11860,PSEUDO,3
11861,BIOLOGICAL_REGION,0
11862,BIOLOGICAL_REGION,0
11863,ncRNA,4
11864,BIOLOGICAL_REGION,0
11865,PSEUDO,3
11866,BIOLOGICAL_REGION,0
11867,PSEUDO,3
11868,PSEUDO,3
11869,PSEUDO,3
11870,PSEUDO,3
11871,PSEUDO,3
11872,ncRNA,4
11873,PSEUDO,3
11874,PSEUDO,3
11875,BIOLOGICAL_REGION,0
11876,BIOLOGICAL_REGION,0
11877,PSEUDO,3
11878,PSEUDO,3
11879,BIOLOGICAL_REGION,0
11880,ncRNA,4
11881,snoRNA,8
11882,PSEUDO,3
11883,BIOLOGICAL_REGION,0
11884,snoRNA,8
11885,PSEUDO,3
11886,PSEUDO,3
11887,BIOLOGICAL_REGION,0
11888,BIOLOGICAL_REGION,0
11889,ncRNA,4
11890,BIOLOGICAL_REGION,0
11891,PSEUDO,3
11892,ncRNA,4
11893,tRNA,9
11894,PSEUDO,3
11895,BIOLOGICAL_REGION,0
11896,ncRNA,4
11897,PSEUDO,3
11898,BIOLOGICAL_REGION,0
11899,ncRNA,4
11900,PSEUDO,3
11901,PSEUDO,3
11902,BIOLOGICAL_REGION,0
11903,ncRNA,4
11904,PSEUDO,3
11905,BIOLOGICAL_REGION,0
11906,PSEUDO,3
11907,PSEUDO,3
11908,PSEUDO,3
11909,PSEUDO,3
11910,snoRNA,8
11911,PSEUDO,3
11912,PSEUDO,3
11913,BIOLOGICAL_REGION,0
11914,snRNA,7
11915,PSEUDO,3
11916,ncRNA,4
11917,PSEUDO,3
11918,PSEUDO,3
11919,PSEUDO,3
11920,PSEUDO,3
11921,PSEUDO,3
11922,PSEUDO,3
11923,ncRNA,4
11924,BIOLOGICAL_REGION,0
11925,PSEUDO,3
11926,BIOLOGICAL_REGION,0
11927,PSEUDO,3
11928,ncRNA,4
11929,ncRNA,4
11930,PSEUDO,3
11931,snoRNA,8
11932,PROTEIN_CODING,2
11933,PSEUDO,3
11934,rRNA,5
11935,BIOLOGICAL_REGION,0
11936,BIOLOGICAL_REGION,0
11937,BIOLOGICAL_REGION,0
11938,OTHER,1
11939,PSEUDO,3
11940,PSEUDO,3
11941,rRNA,5
11942,BIOLOGICAL_REGION,0
11943,ncRNA,4
11944,PSEUDO,3
11945,PROTEIN_CODING,2
11946,BIOLOGICAL_REGION,0
11947,PSEUDO,3
11948,PSEUDO,3
11949,ncRNA,4
11950,PSEUDO,3
11951,PSEUDO,3
11952,PSEUDO,3
11953,ncRNA,4
11954,PROTEIN_CODING,2
11955,PSEUDO,3
11956,PSEUDO,3
11957,snoRNA,8
11958,PROTEIN_CODING,2
11959,PSEUDO,3
11960,BIOLOGICAL_REGION,0
11961,BIOLOGICAL_REGION,0
11962,PSEUDO,3
11963,PSEUDO,3
11964,PSEUDO,3
11965,BIOLOGICAL_REGION,0
11966,BIOLOGICAL_REGION,0
11967,BIOLOGICAL_REGION,0
11968,PSEUDO,3
11969,snoRNA,8
11970,BIOLOGICAL_REGION,0
11971,BIOLOGICAL_REGION,0
11972,OTHER,1
11973,BIOLOGICAL_REGION,0
11974,BIOLOGICAL_REGION,0
11975,ncRNA,4
11976,PSEUDO,3
11977,BIOLOGICAL_REGION,0
11978,BIOLOGICAL_REGION,0
11979,PSEUDO,3
11980,PSEUDO,3
11981,BIOLOGICAL_REGION,0
11982,BIOLOGICAL_REGION,0
11983,rRNA,5
11984,PSEUDO,3
11985,BIOLOGICAL_REGION,0
11986,PSEUDO,3
11987,BIOLOGICAL_REGION,0
11988,BIOLOGICAL_REGION,0
11989,PSEUDO,3
11990,PSEUDO,3
11991,BIOLOGICAL_REGION,0
11992,PSEUDO,3
11993,ncRNA,4
11994,PSEUDO,3
11995,PSEUDO,3
11996,BIOLOGICAL_REGION,0
11997,BIOLOGICAL_REGION,0
11998,PSEUDO,3
11999,PSEUDO,3
12000,ncRNA,4
12001,BIOLOGICAL_REGION,0
12002,PSEUDO,3
12003,PSEUDO,3
12004,PSEUDO,3
12005,PSEUDO,3
12006,PSEUDO,3
12007,ncRNA,4
12008,BIOLOGICAL_REGION,0
12009,PSEUDO,3
12010,snoRNA,8
12011,PSEUDO,3
12012,ncRNA,4
12013,BIOLOGICAL_REGION,0
12014,tRNA,9
12015,rRNA,5
12016,ncRNA,4
12017,PSEUDO,3
12018,PSEUDO,3
12019,PSEUDO,3
12020,PSEUDO,3
12021,PSEUDO,3
12022,PSEUDO,3
12023,BIOLOGICAL_REGION,0
12024,snoRNA,8
12025,BIOLOGICAL_REGION,0
12026,BIOLOGICAL_REGION,0
12027,PSEUDO,3
12028,BIOLOGICAL_REGION,0
12029,ncRNA,4
12030,BIOLOGICAL_REGION,0
12031,BIOLOGICAL_REGION,0
12032,snRNA,7
12033,PSEUDO,3
12034,BIOLOGICAL_REGION,0
12035,BIOLOGICAL_REGION,0
12036,PSEUDO,3
12037,PSEUDO,3
12038,PSEUDO,3
12039,BIOLOGICAL_REGION,0
12040,PSEUDO,3
12041,PSEUDO,3
12042,PROTEIN_CODING,2
12043,PSEUDO,3
12044,PSEUDO,3
12045,PSEUDO,3
12046,BIOLOGICAL_REGION,0
12047,ncRNA,4
12048,PSEUDO,3
12049,PSEUDO,3
12050,PSEUDO,3
12051,PSEUDO,3
12052,BIOLOGICAL_REGION,0
12053,BIOLOGICAL_REGION,0
12054,PSEUDO,3
12055,tRNA,9
12056,PSEUDO,3
12057,PSEUDO,3
12058,tRNA,9
12059,rRNA,5
12060,PSEUDO,3
12061,PSEUDO,3
12062,ncRNA,4
12063,BIOLOGICAL_REGION,0
12064,PSEUDO,3
12065,PSEUDO,3
12066,ncRNA,4
12067,ncRNA,4
12068,BIOLOGICAL_REGION,0
12069,PSEUDO,3
12070,BIOLOGICAL_REGION,0
12071,snoRNA,8
12072,PSEUDO,3
12073,PSEUDO,3
12074,snoRNA,8
12075,ncRNA,4
12076,OTHER,1
12077,PSEUDO,3
12078,BIOLOGICAL_REGION,0
12079,OTHER,1
12080,BIOLOGICAL_REGION,0
12081,snoRNA,8
12082,PSEUDO,3
12083,BIOLOGICAL_REGION,0
12084,BIOLOGICAL_REGION,0
12085,snoRNA,8
12086,PSEUDO,3
12087,PSEUDO,3
12088,PSEUDO,3
12089,PSEUDO,3
12090,BIOLOGICAL_REGION,0
12091,BIOLOGICAL_REGION,0
12092,BIOLOGICAL_REGION,0
12093,snoRNA,8
12094,BIOLOGICAL_REGION,0
12095,tRNA,9
12096,PSEUDO,3
12097,PSEUDO,3
12098,PSEUDO,3
12099,rRNA,5
12100,PSEUDO,3
12101,OTHER,1
12102,PSEUDO,3
12103,PSEUDO,3
12104,rRNA,5
12105,BIOLOGICAL_REGION,0
12106,BIOLOGICAL_REGION,0
12107,snoRNA,8
12108,PSEUDO,3
12109,BIOLOGICAL_REGION,0
12110,BIOLOGICAL_REGION,0
12111,BIOLOGICAL_REGION,0
12112,BIOLOGICAL_REGION,0
12113,BIOLOGICAL_REGION,0
12114,ncRNA,4
12115,PSEUDO,3
12116,PSEUDO,3
12117,BIOLOGICAL_REGION,0
12118,ncRNA,4
12119,BIOLOGICAL_REGION,0
12120,PSEUDO,3
12121,ncRNA,4
12122,tRNA,9
12123,ncRNA,4
12124,PSEUDO,3
12125,PSEUDO,3
12126,BIOLOGICAL_REGION,0
12127,BIOLOGICAL_REGION,0
12128,ncRNA,4
12129,PSEUDO,3
12130,snoRNA,8
12131,BIOLOGICAL_REGION,0
12132,BIOLOGICAL_REGION,0
12133,ncRNA,4
12134,ncRNA,4
12135,BIOLOGICAL_REGION,0
12136,PSEUDO,3
12137,PSEUDO,3
12138,BIOLOGICAL_REGION,0
12139,PSEUDO,3
12140,snoRNA,8
12141,ncRNA,4
12142,ncRNA,4
12143,BIOLOGICAL_REGION,0
12144,snoRNA,8
12145,PSEUDO,3
12146,PSEUDO,3
12147,PSEUDO,3
12148,BIOLOGICAL_REGION,0
12149,BIOLOGICAL_REGION,0
12150,BIOLOGICAL_REGION,0
12151,snoRNA,8
12152,PSEUDO,3
12153,PSEUDO,3
12154,PSEUDO,3
12155,BIOLOGICAL_REGION,0
12156,BIOLOGICAL_REGION,0
12157,ncRNA,4
12158,PSEUDO,3
12159,PSEUDO,3
12160,BIOLOGICAL_REGION,0
12161,snoRNA,8
12162,PSEUDO,3
12163,PSEUDO,3
12164,BIOLOGICAL_REGION,0
12165,BIOLOGICAL_REGION,0
12166,PSEUDO,3
12167,BIOLOGICAL_REGION,0
12168,BIOLOGICAL_REGION,0
12169,PSEUDO,3
12170,BIOLOGICAL_REGION,0
12171,PSEUDO,3
12172,PSEUDO,3
12173,ncRNA,4
12174,PSEUDO,3
12175,PSEUDO,3
12176,BIOLOGICAL_REGION,0
12177,BIOLOGICAL_REGION,0
12178,OTHER,1
12179,PSEUDO,3
12180,ncRNA,4
12181,PSEUDO,3
12182,BIOLOGICAL_REGION,0
12183,BIOLOGICAL_REGION,0
12184,BIOLOGICAL_REGION,0
12185,PSEUDO,3
12186,OTHER,1
12187,BIOLOGICAL_REGION,0
12188,rRNA,5
12189,PSEUDO,3
12190,PSEUDO,3
12191,BIOLOGICAL_REGION,0
12192,BIOLOGICAL_REGION,0
12193,ncRNA,4
12194,OTHER,1
12195,BIOLOGICAL_REGION,0
12196,PSEUDO,3
12197,PSEUDO,3
12198,PSEUDO,3
12199,BIOLOGICAL_REGION,0
12200,PROTEIN_CODING,2
12201,PSEUDO,3
12202,tRNA,9
12203,PSEUDO,3
12204,ncRNA,4
12205,snRNA,7
12206,BIOLOGICAL_REGION,0
12207,ncRNA,4
12208,snRNA,7
12209,ncRNA,4
12210,PSEUDO,3
12211,BIOLOGICAL_REGION,0
12212,ncRNA,4
12213,ncRNA,4
12214,PSEUDO,3
12215,BIOLOGICAL_REGION,0
12216,PSEUDO,3
12217,PSEUDO,3
12218,ncRNA,4
12219,BIOLOGICAL_REGION,0
12220,BIOLOGICAL_REGION,0
12221,PSEUDO,3
12222,BIOLOGICAL_REGION,0
12223,PSEUDO,3
12224,PSEUDO,3
12225,ncRNA,4
12226,PSEUDO,3
12227,PSEUDO,3
12228,BIOLOGICAL_REGION,0
12229,ncRNA,4
12230,BIOLOGICAL_REGION,0
12231,BIOLOGICAL_REGION,0
12232,BIOLOGICAL_REGION,0
12233,PSEUDO,3
12234,PSEUDO,3
12235,PSEUDO,3
12236,BIOLOGICAL_REGION,0
12237,BIOLOGICAL_REGION,0
12238,BIOLOGICAL_REGION,0
12239,tRNA,9
12240,PSEUDO,3
12241,tRNA,9
12242,PSEUDO,3
12243,PSEUDO,3
12244,BIOLOGICAL_REGION,0
12245,PSEUDO,3
12246,PSEUDO,3
12247,BIOLOGICAL_REGION,0
12248,ncRNA,4
12249,ncRNA,4
12250,snoRNA,8
12251,tRNA,9
12252,PSEUDO,3
12253,PSEUDO,3
12254,BIOLOGICAL_REGION,0
12255,ncRNA,4
12256,BIOLOGICAL_REGION,0
12257,PSEUDO,3
12258,BIOLOGICAL_REGION,0
12259,snoRNA,8
12260,PSEUDO,3
12261,PSEUDO,3
12262,BIOLOGICAL_REGION,0
12263,PSEUDO,3
12264,rRNA,5
12265,snoRNA,8
12266,BIOLOGICAL_REGION,0
12267,PROTEIN_CODING,2
12268,BIOLOGICAL_REGION,0
12269,BIOLOGICAL_REGION,0
12270,PSEUDO,3
12271,PSEUDO,3
12272,PSEUDO,3
12273,PSEUDO,3
12274,PSEUDO,3
12275,PSEUDO,3
12276,PSEUDO,3
12277,BIOLOGICAL_REGION,0
12278,PSEUDO,3
12279,BIOLOGICAL_REGION,0
12280,PSEUDO,3
12281,PSEUDO,3
12282,BIOLOGICAL_REGION,0
12283,tRNA,9
12284,PSEUDO,3
12285,PSEUDO,3
12286,BIOLOGICAL_REGION,0
12287,BIOLOGICAL_REGION,0
12288,BIOLOGICAL_REGION,0
12289,BIOLOGICAL_REGION,0
12290,ncRNA,4
12291,BIOLOGICAL_REGION,0
12292,BIOLOGICAL_REGION,0
12293,OTHER,1
12294,PSEUDO,3
12295,tRNA,9
12296,ncRNA,4
12297,tRNA,9
12298,PSEUDO,3
12299,PSEUDO,3
12300,BIOLOGICAL_REGION,0
12301,tRNA,9
12302,PROTEIN_CODING,2
12303,PSEUDO,3
12304,rRNA,5
12305,BIOLOGICAL_REGION,0
12306,BIOLOGICAL_REGION,0
12307,PSEUDO,3
12308,rRNA,5
12309,PSEUDO,3
12310,snoRNA,8
12311,PSEUDO,3
12312,PSEUDO,3
12313,BIOLOGICAL_REGION,0
12314,ncRNA,4
12315,PSEUDO,3
12316,PSEUDO,3
12317,BIOLOGICAL_REGION,0
12318,PSEUDO,3
12319,ncRNA,4
12320,tRNA,9
12321,PSEUDO,3
12322,BIOLOGICAL_REGION,0
12323,PSEUDO,3
12324,snoRNA,8
12325,PSEUDO,3
12326,BIOLOGICAL_REGION,0
12327,BIOLOGICAL_REGION,0
12328,PSEUDO,3
12329,PSEUDO,3
12330,ncRNA,4
12331,PSEUDO,3
12332,BIOLOGICAL_REGION,0
12333,PSEUDO,3
12334,snoRNA,8
12335,BIOLOGICAL_REGION,0
12336,ncRNA,4
12337,PSEUDO,3
12338,BIOLOGICAL_REGION,0
12339,BIOLOGICAL_REGION,0
12340,PSEUDO,3
12341,BIOLOGICAL_REGION,0
12342,PSEUDO,3
12343,PSEUDO,3
12344,BIOLOGICAL_REGION,0
12345,BIOLOGICAL_REGION,0
12346,PSEUDO,3
12347,PSEUDO,3
12348,rRNA,5
12349,BIOLOGICAL_REGION,0
12350,PSEUDO,3
12351,PSEUDO,3
12352,BIOLOGICAL_REGION,0
12353,PSEUDO,3
12354,BIOLOGICAL_REGION,0
12355,PSEUDO,3
12356,snoRNA,8
12357,PSEUDO,3
12358,BIOLOGICAL_REGION,0
12359,ncRNA,4
12360,tRNA,9
12361,ncRNA,4
12362,ncRNA,4
12363,BIOLOGICAL_REGION,0
12364,PSEUDO,3
12365,PSEUDO,3
12366,PSEUDO,3
12367,PSEUDO,3
12368,OTHER,1
12369,PSEUDO,3
12370,BIOLOGICAL_REGION,0
12371,PSEUDO,3
12372,BIOLOGICAL_REGION,0
12373,snoRNA,8
12374,BIOLOGICAL_REGION,0
12375,ncRNA,4
12376,PSEUDO,3
12377,PSEUDO,3
12378,PSEUDO,3
12379,PSEUDO,3
12380,ncRNA,4
12381,ncRNA,4
12382,PSEUDO,3
12383,PSEUDO,3
12384,ncRNA,4
12385,OTHER,1
12386,OTHER,1
12387,snoRNA,8
12388,PSEUDO,3
12389,snoRNA,8
12390,BIOLOGICAL_REGION,0
12391,BIOLOGICAL_REGION,0
12392,PSEUDO,3
12393,PSEUDO,3
12394,BIOLOGICAL_REGION,0
12395,BIOLOGICAL_REGION,0
12396,BIOLOGICAL_REGION,0
12397,PSEUDO,3
12398,PSEUDO,3
12399,BIOLOGICAL_REGION,0
12400,PSEUDO,3
12401,PSEUDO,3
12402,PSEUDO,3
12403,PSEUDO,3
12404,PSEUDO,3
12405,PSEUDO,3
12406,PSEUDO,3
12407,PSEUDO,3
12408,PSEUDO,3
12409,BIOLOGICAL_REGION,0
12410,PSEUDO,3
12411,PSEUDO,3
12412,PSEUDO,3
12413,PSEUDO,3
12414,snoRNA,8
12415,BIOLOGICAL_REGION,0
12416,PSEUDO,3
12417,snoRNA,8
12418,PROTEIN_CODING,2
12419,BIOLOGICAL_REGION,0
12420,BIOLOGICAL_REGION,0
12421,BIOLOGICAL_REGION,0
12422,PSEUDO,3
12423,BIOLOGICAL_REGION,0
12424,PSEUDO,3
12425,PSEUDO,3
12426,BIOLOGICAL_REGION,0
12427,BIOLOGICAL_REGION,0
12428,ncRNA,4
12429,PSEUDO,3
12430,PSEUDO,3
12431,BIOLOGICAL_REGION,0
12432,PSEUDO,3
12433,PSEUDO,3
12434,PSEUDO,3
12435,PSEUDO,3
12436,BIOLOGICAL_REGION,0
12437,BIOLOGICAL_REGION,0
12438,PSEUDO,3
12439,BIOLOGICAL_REGION,0
12440,BIOLOGICAL_REGION,0
12441,BIOLOGICAL_REGION,0
12442,PSEUDO,3
12443,snoRNA,8
12444,BIOLOGICAL_REGION,0
12445,PSEUDO,3
12446,PSEUDO,3
12447,PSEUDO,3
12448,PSEUDO,3
12449,snoRNA,8
12450,PSEUDO,3
12451,snoRNA,8
12452,BIOLOGICAL_REGION,0
12453,PSEUDO,3
12454,ncRNA,4
12455,PSEUDO,3
12456,BIOLOGICAL_REGION,0
12457,snoRNA,8
12458,PSEUDO,3
12459,snoRNA,8
12460,PSEUDO,3
12461,PSEUDO,3
12462,rRNA,5
12463,PSEUDO,3
12464,snoRNA,8
12465,BIOLOGICAL_REGION,0
12466,BIOLOGICAL_REGION,0
12467,PSEUDO,3
12468,PSEUDO,3
12469,BIOLOGICAL_REGION,0
12470,BIOLOGICAL_REGION,0
12471,BIOLOGICAL_REGION,0
12472,PSEUDO,3
12473,BIOLOGICAL_REGION,0
12474,snoRNA,8
12475,PSEUDO,3
12476,BIOLOGICAL_REGION,0
12477,PSEUDO,3
12478,BIOLOGICAL_REGION,0
12479,ncRNA,4
12480,BIOLOGICAL_REGION,0
12481,PSEUDO,3
12482,BIOLOGICAL_REGION,0
12483,PSEUDO,3
12484,PSEUDO,3
12485,BIOLOGICAL_REGION,0
12486,PSEUDO,3
12487,PSEUDO,3
12488,PROTEIN_CODING,2
12489,BIOLOGICAL_REGION,0
12490,PSEUDO,3
12491,BIOLOGICAL_REGION,0
12492,PSEUDO,3
12493,BIOLOGICAL_REGION,0
12494,BIOLOGICAL_REGION,0
12495,BIOLOGICAL_REGION,0
12496,BIOLOGICAL_REGION,0
12497,PSEUDO,3
12498,PROTEIN_CODING,2
12499,snoRNA,8
12500,PSEUDO,3
12501,PSEUDO,3
12502,snoRNA,8
12503,PSEUDO,3
12504,BIOLOGICAL_REGION,0
12505,snoRNA,8
12506,PSEUDO,3
12507,BIOLOGICAL_REGION,0
12508,PSEUDO,3
12509,ncRNA,4
12510,PSEUDO,3
12511,BIOLOGICAL_REGION,0
12512,ncRNA,4
12513,BIOLOGICAL_REGION,0
12514,ncRNA,4
12515,rRNA,5
12516,PSEUDO,3
12517,BIOLOGICAL_REGION,0
12518,ncRNA,4
12519,PSEUDO,3
12520,tRNA,9
12521,snoRNA,8
12522,BIOLOGICAL_REGION,0
12523,BIOLOGICAL_REGION,0
12524,PSEUDO,3
12525,BIOLOGICAL_REGION,0
12526,BIOLOGICAL_REGION,0
12527,PSEUDO,3
12528,BIOLOGICAL_REGION,0
12529,BIOLOGICAL_REGION,0
12530,PSEUDO,3
12531,PROTEIN_CODING,2
12532,PSEUDO,3
12533,PSEUDO,3
12534,PSEUDO,3
12535,PSEUDO,3
12536,PSEUDO,3
12537,tRNA,9
12538,BIOLOGICAL_REGION,0
12539,PSEUDO,3
12540,PSEUDO,3
12541,BIOLOGICAL_REGION,0
12542,PSEUDO,3
12543,PSEUDO,3
12544,BIOLOGICAL_REGION,0
12545,tRNA,9
12546,PROTEIN_CODING,2
12547,PROTEIN_CODING,2
12548,PSEUDO,3
12549,BIOLOGICAL_REGION,0
12550,BIOLOGICAL_REGION,0
12551,PSEUDO,3
12552,PSEUDO,3
12553,ncRNA,4
12554,PSEUDO,3
12555,PSEUDO,3
12556,PSEUDO,3
12557,PSEUDO,3
12558,BIOLOGICAL_REGION,0
12559,tRNA,9
12560,PSEUDO,3
12561,tRNA,9
12562,PSEUDO,3
12563,PSEUDO,3
12564,PSEUDO,3
12565,ncRNA,4
12566,PSEUDO,3
12567,PSEUDO,3
12568,ncRNA,4
12569,PSEUDO,3
12570,BIOLOGICAL_REGION,0
12571,PSEUDO,3
12572,PSEUDO,3
12573,PSEUDO,3
12574,snRNA,7
12575,snoRNA,8
12576,PSEUDO,3
12577,PSEUDO,3
12578,BIOLOGICAL_REGION,0
12579,PSEUDO,3
12580,ncRNA,4
12581,BIOLOGICAL_REGION,0
12582,BIOLOGICAL_REGION,0
12583,PSEUDO,3
12584,PSEUDO,3
12585,PSEUDO,3
12586,BIOLOGICAL_REGION,0
12587,PSEUDO,3
12588,PSEUDO,3
12589,ncRNA,4
12590,ncRNA,4
12591,PSEUDO,3
12592,ncRNA,4
12593,PSEUDO,3
12594,BIOLOGICAL_REGION,0
12595,PSEUDO,3
12596,PSEUDO,3
12597,snoRNA,8
12598,PSEUDO,3
12599,PSEUDO,3
12600,BIOLOGICAL_REGION,0
12601,PSEUDO,3
12602,ncRNA,4
12603,PSEUDO,3
12604,BIOLOGICAL_REGION,0
12605,PSEUDO,3
12606,BIOLOGICAL_REGION,0
12607,PSEUDO,3
12608,BIOLOGICAL_REGION,0
12609,BIOLOGICAL_REGION,0
12610,BIOLOGICAL_REGION,0
12611,BIOLOGICAL_REGION,0
12612,ncRNA,4
12613,PSEUDO,3
12614,tRNA,9
12615,ncRNA,4
12616,BIOLOGICAL_REGION,0
12617,PSEUDO,3
12618,snoRNA,8
12619,PROTEIN_CODING,2
12620,BIOLOGICAL_REGION,0
12621,BIOLOGICAL_REGION,0
12622,PSEUDO,3
12623,PSEUDO,3
12624,BIOLOGICAL_REGION,0
12625,PSEUDO,3
12626,PSEUDO,3
12627,BIOLOGICAL_REGION,0
12628,PSEUDO,3
12629,ncRNA,4
12630,snoRNA,8
12631,BIOLOGICAL_REGION,0
12632,BIOLOGICAL_REGION,0
12633,PSEUDO,3
12634,BIOLOGICAL_REGION,0
12635,PSEUDO,3
12636,BIOLOGICAL_REGION,0
12637,ncRNA,4
12638,PSEUDO,3
12639,BIOLOGICAL_REGION,0
12640,BIOLOGICAL_REGION,0
12641,PSEUDO,3
12642,ncRNA,4
12643,PSEUDO,3
12644,PSEUDO,3
12645,BIOLOGICAL_REGION,0
12646,PSEUDO,3
12647,PROTEIN_CODING,2
12648,BIOLOGICAL_REGION,0
12649,PSEUDO,3
12650,BIOLOGICAL_REGION,0
12651,ncRNA,4
12652,PSEUDO,3
12653,BIOLOGICAL_REGION,0
12654,BIOLOGICAL_REGION,0
12655,PSEUDO,3
12656,BIOLOGICAL_REGION,0
12657,PSEUDO,3
12658,BIOLOGICAL_REGION,0
12659,PSEUDO,3
12660,rRNA,5
12661,snRNA,7
12662,BIOLOGICAL_REGION,0
12663,PSEUDO,3
12664,PSEUDO,3
12665,ncRNA,4
12666,PSEUDO,3
12667,BIOLOGICAL_REGION,0
12668,PSEUDO,3
12669,PSEUDO,3
12670,BIOLOGICAL_REGION,0
12671,PSEUDO,3
12672,PSEUDO,3
12673,BIOLOGICAL_REGION,0
12674,snoRNA,8
12675,BIOLOGICAL_REGION,0
12676,OTHER,1
12677,PSEUDO,3
12678,ncRNA,4
12679,PSEUDO,3
12680,BIOLOGICAL_REGION,0
12681,BIOLOGICAL_REGION,0
12682,BIOLOGICAL_REGION,0
12683,ncRNA,4
12684,PSEUDO,3
12685,PROTEIN_CODING,2
12686,BIOLOGICAL_REGION,0
12687,snoRNA,8
12688,ncRNA,4
12689,PSEUDO,3
12690,PSEUDO,3
12691,PSEUDO,3
12692,BIOLOGICAL_REGION,0
12693,PSEUDO,3
12694,BIOLOGICAL_REGION,0
12695,BIOLOGICAL_REGION,0
12696,PSEUDO,3
12697,rRNA,5
12698,PSEUDO,3
12699,PSEUDO,3
12700,PSEUDO,3
12701,BIOLOGICAL_REGION,0
12702,PROTEIN_CODING,2
12703,BIOLOGICAL_REGION,0
12704,PSEUDO,3
12705,PSEUDO,3
12706,BIOLOGICAL_REGION,0
12707,snoRNA,8
12708,PSEUDO,3
12709,PSEUDO,3
12710,BIOLOGICAL_REGION,0
12711,BIOLOGICAL_REGION,0
12712,PSEUDO,3
12713,PSEUDO,3
12714,ncRNA,4
12715,BIOLOGICAL_REGION,0
12716,PSEUDO,3
12717,PROTEIN_CODING,2
12718,ncRNA,4
12719,BIOLOGICAL_REGION,0
12720,ncRNA,4
12721,PSEUDO,3
12722,snoRNA,8
12723,BIOLOGICAL_REGION,0
12724,snoRNA,8
12725,PSEUDO,3
12726,PSEUDO,3
12727,PSEUDO,3
12728,BIOLOGICAL_REGION,0
12729,BIOLOGICAL_REGION,0
12730,PROTEIN_CODING,2
12731,BIOLOGICAL_REGION,0
12732,ncRNA,4
12733,ncRNA,4
12734,PROTEIN_CODING,2
12735,BIOLOGICAL_REGION,0
12736,PSEUDO,3
12737,BIOLOGICAL_REGION,0
12738,PSEUDO,3
12739,BIOLOGICAL_REGION,0
12740,BIOLOGICAL_REGION,0
12741,BIOLOGICAL_REGION,0
12742,PROTEIN_CODING,2
12743,BIOLOGICAL_REGION,0
12744,BIOLOGICAL_REGION,0
12745,BIOLOGICAL_REGION,0
12746,ncRNA,4
12747,ncRNA,4
12748,BIOLOGICAL_REGION,0
12749,PSEUDO,3
12750,BIOLOGICAL_REGION,0
12751,snoRNA,8
12752,BIOLOGICAL_REGION,0
12753,PSEUDO,3
12754,BIOLOGICAL_REGION,0
12755,PSEUDO,3
12756,PSEUDO,3
12757,BIOLOGICAL_REGION,0
12758,BIOLOGICAL_REGION,0
12759,ncRNA,4
12760,PSEUDO,3
12761,ncRNA,4
12762,PSEUDO,3
12763,BIOLOGICAL_REGION,0
12764,PSEUDO,3
12765,BIOLOGICAL_REGION,0
12766,PSEUDO,3
12767,PSEUDO,3
12768,PSEUDO,3
12769,snoRNA,8
12770,BIOLOGICAL_REGION,0
12771,PSEUDO,3
12772,PSEUDO,3
12773,BIOLOGICAL_REGION,0
12774,BIOLOGICAL_REGION,0
12775,BIOLOGICAL_REGION,0
12776,BIOLOGICAL_REGION,0
12777,PSEUDO,3
12778,BIOLOGICAL_REGION,0
12779,PSEUDO,3
12780,PSEUDO,3
12781,PSEUDO,3
12782,BIOLOGICAL_REGION,0
12783,PSEUDO,3
12784,PSEUDO,3
12785,PSEUDO,3
12786,PSEUDO,3
12787,PSEUDO,3
12788,ncRNA,4
12789,PSEUDO,3
12790,BIOLOGICAL_REGION,0
12791,PSEUDO,3
12792,PSEUDO,3
12793,BIOLOGICAL_REGION,0
12794,BIOLOGICAL_REGION,0
12795,PSEUDO,3
12796,BIOLOGICAL_REGION,0
12797,PSEUDO,3
12798,rRNA,5
12799,BIOLOGICAL_REGION,0
12800,PSEUDO,3
12801,PSEUDO,3
12802,tRNA,9
12803,BIOLOGICAL_REGION,0
12804,PSEUDO,3
12805,PSEUDO,3
12806,PSEUDO,3
12807,BIOLOGICAL_REGION,0
12808,PSEUDO,3
12809,PSEUDO,3
12810,ncRNA,4
12811,PSEUDO,3
12812,PSEUDO,3
12813,BIOLOGICAL_REGION,0
12814,BIOLOGICAL_REGION,0
12815,PSEUDO,3
12816,BIOLOGICAL_REGION,0
12817,PSEUDO,3
12818,tRNA,9
12819,PSEUDO,3
12820,ncRNA,4
12821,BIOLOGICAL_REGION,0
12822,BIOLOGICAL_REGION,0
12823,tRNA,9
12824,BIOLOGICAL_REGION,0
12825,PSEUDO,3
12826,tRNA,9
12827,PSEUDO,3
12828,PSEUDO,3
12829,snoRNA,8
12830,ncRNA,4
12831,PSEUDO,3
12832,BIOLOGICAL_REGION,0
12833,PSEUDO,3
12834,ncRNA,4
12835,ncRNA,4
12836,PROTEIN_CODING,2
12837,PSEUDO,3
12838,tRNA,9
12839,PSEUDO,3
12840,snoRNA,8
12841,PROTEIN_CODING,2
12842,PSEUDO,3
12843,BIOLOGICAL_REGION,0
12844,BIOLOGICAL_REGION,0
12845,ncRNA,4
12846,BIOLOGICAL_REGION,0
12847,PSEUDO,3
12848,snoRNA,8
12849,PSEUDO,3
12850,PSEUDO,3
12851,snoRNA,8
12852,PSEUDO,3
12853,PROTEIN_CODING,2
12854,PSEUDO,3
12855,BIOLOGICAL_REGION,0
12856,BIOLOGICAL_REGION,0
12857,tRNA,9
12858,BIOLOGICAL_REGION,0
12859,BIOLOGICAL_REGION,0
12860,PSEUDO,3
12861,PSEUDO,3
12862,PSEUDO,3
12863,BIOLOGICAL_REGION,0
12864,BIOLOGICAL_REGION,0
12865,PSEUDO,3
12866,BIOLOGICAL_REGION,0
12867,PSEUDO,3
12868,PSEUDO,3
12869,BIOLOGICAL_REGION,0
12870,PSEUDO,3
12871,PSEUDO,3
12872,BIOLOGICAL_REGION,0
12873,PSEUDO,3
12874,PSEUDO,3
12875,BIOLOGICAL_REGION,0
12876,BIOLOGICAL_REGION,0
12877,PSEUDO,3
12878,PSEUDO,3
12879,PSEUDO,3
12880,tRNA,9
12881,BIOLOGICAL_REGION,0
12882,PSEUDO,3
12883,BIOLOGICAL_REGION,0
12884,PSEUDO,3
12885,ncRNA,4
12886,snoRNA,8
12887,PSEUDO,3
12888,PSEUDO,3
12889,PSEUDO,3
12890,ncRNA,4
12891,PSEUDO,3
12892,BIOLOGICAL_REGION,0
12893,ncRNA,4
12894,BIOLOGICAL_REGION,0
12895,BIOLOGICAL_REGION,0
12896,PSEUDO,3
12897,PSEUDO,3
12898,PSEUDO,3
12899,BIOLOGICAL_REGION,0
12900,PSEUDO,3
12901,BIOLOGICAL_REGION,0
12902,ncRNA,4
12903,PROTEIN_CODING,2
12904,snoRNA,8
12905,PSEUDO,3
12906,ncRNA,4
12907,BIOLOGICAL_REGION,0
12908,PSEUDO,3
12909,PSEUDO,3
12910,PSEUDO,3
12911,PSEUDO,3
12912,ncRNA,4
12913,PSEUDO,3
12914,BIOLOGICAL_REGION,0
12915,ncRNA,4
12916,PSEUDO,3
12917,PSEUDO,3
12918,PSEUDO,3
12919,BIOLOGICAL_REGION,0
12920,BIOLOGICAL_REGION,0
12921,ncRNA,4
12922,PSEUDO,3
12923,PSEUDO,3
12924,PSEUDO,3
12925,PSEUDO,3
12926,BIOLOGICAL_REGION,0
12927,PSEUDO,3
12928,snoRNA,8
12929,PSEUDO,3
12930,BIOLOGICAL_REGION,0
12931,PSEUDO,3
12932,PSEUDO,3
12933,PSEUDO,3
12934,ncRNA,4
12935,PSEUDO,3
12936,BIOLOGICAL_REGION,0
12937,ncRNA,4
12938,BIOLOGICAL_REGION,0
12939,BIOLOGICAL_REGION,0
12940,BIOLOGICAL_REGION,0
12941,PSEUDO,3
12942,BIOLOGICAL_REGION,0
12943,snoRNA,8
12944,PSEUDO,3
12945,ncRNA,4
12946,BIOLOGICAL_REGION,0
12947,PSEUDO,3
12948,PSEUDO,3
12949,PSEUDO,3
12950,PSEUDO,3
12951,PSEUDO,3
12952,ncRNA,4
12953,PSEUDO,3
12954,BIOLOGICAL_REGION,0
12955,PSEUDO,3
12956,BIOLOGICAL_REGION,0
12957,PSEUDO,3
12958,BIOLOGICAL_REGION,0
12959,ncRNA,4
12960,BIOLOGICAL_REGION,0
12961,BIOLOGICAL_REGION,0
12962,PSEUDO,3
12963,PSEUDO,3
12964,snoRNA,8
12965,PSEUDO,3
12966,PSEUDO,3
12967,PSEUDO,3
12968,PSEUDO,3
12969,PSEUDO,3
12970,PSEUDO,3
12971,ncRNA,4
12972,PSEUDO,3
12973,tRNA,9
12974,ncRNA,4
12975,snoRNA,8
12976,BIOLOGICAL_REGION,0
12977,BIOLOGICAL_REGION,0
12978,PSEUDO,3
12979,PSEUDO,3
12980,ncRNA,4
12981,PSEUDO,3
12982,PSEUDO,3
12983,PSEUDO,3
12984,PSEUDO,3
12985,ncRNA,4
12986,PROTEIN_CODING,2
12987,PSEUDO,3
12988,PSEUDO,3
12989,PSEUDO,3
12990,PSEUDO,3
12991,snoRNA,8
12992,BIOLOGICAL_REGION,0
12993,ncRNA,4
12994,PSEUDO,3
12995,snoRNA,8
12996,ncRNA,4
12997,BIOLOGICAL_REGION,0
12998,ncRNA,4
12999,BIOLOGICAL_REGION,0
13000,PSEUDO,3
13001,BIOLOGICAL_REGION,0
13002,PSEUDO,3
13003,PSEUDO,3
13004,PSEUDO,3
13005,PSEUDO,3
13006,PSEUDO,3
13007,PSEUDO,3
13008,PROTEIN_CODING,2
13009,PSEUDO,3
13010,tRNA,9
13011,PSEUDO,3
13012,snoRNA,8
13013,BIOLOGICAL_REGION,0
13014,ncRNA,4
13015,PSEUDO,3
13016,BIOLOGICAL_REGION,0
13017,PSEUDO,3
13018,PSEUDO,3
13019,PSEUDO,3
13020,PROTEIN_CODING,2
13021,BIOLOGICAL_REGION,0
13022,PSEUDO,3
13023,ncRNA,4
13024,PSEUDO,3
13025,BIOLOGICAL_REGION,0
13026,PSEUDO,3
13027,PSEUDO,3
13028,snoRNA,8
13029,PSEUDO,3
13030,PSEUDO,3
13031,BIOLOGICAL_REGION,0
13032,BIOLOGICAL_REGION,0
13033,PROTEIN_CODING,2
13034,ncRNA,4
13035,PSEUDO,3
13036,OTHER,1
13037,PSEUDO,3
13038,BIOLOGICAL_REGION,0
13039,BIOLOGICAL_REGION,0
13040,PSEUDO,3
13041,PSEUDO,3
13042,PSEUDO,3
13043,PSEUDO,3
13044,PSEUDO,3
13045,BIOLOGICAL_REGION,0
13046,PSEUDO,3
13047,PSEUDO,3
13048,ncRNA,4
13049,BIOLOGICAL_REGION,0
13050,BIOLOGICAL_REGION,0
13051,BIOLOGICAL_REGION,0
13052,tRNA,9
13053,BIOLOGICAL_REGION,0
13054,PSEUDO,3
13055,BIOLOGICAL_REGION,0
13056,snoRNA,8
13057,PSEUDO,3
13058,PSEUDO,3
13059,PSEUDO,3
13060,PSEUDO,3
13061,OTHER,1
13062,BIOLOGICAL_REGION,0
13063,PSEUDO,3
13064,BIOLOGICAL_REGION,0
13065,PSEUDO,3
13066,BIOLOGICAL_REGION,0
13067,OTHER,1
13068,PSEUDO,3
13069,PSEUDO,3
13070,BIOLOGICAL_REGION,0
13071,PSEUDO,3
13072,PSEUDO,3
13073,PSEUDO,3
13074,PSEUDO,3
13075,ncRNA,4
13076,BIOLOGICAL_REGION,0
13077,PSEUDO,3
13078,OTHER,1
13079,OTHER,1
13080,OTHER,1
13081,BIOLOGICAL_REGION,0
13082,ncRNA,4
13083,PSEUDO,3
13084,ncRNA,4
13085,BIOLOGICAL_REGION,0
13086,PSEUDO,3
13087,PSEUDO,3
13088,PSEUDO,3
13089,ncRNA,4
13090,PSEUDO,3
13091,PSEUDO,3
13092,PSEUDO,3
13093,BIOLOGICAL_REGION,0
13094,PSEUDO,3
13095,BIOLOGICAL_REGION,0
13096,PSEUDO,3
13097,BIOLOGICAL_REGION,0
13098,ncRNA,4
13099,PSEUDO,3
13100,ncRNA,4
13101,tRNA,9
13102,BIOLOGICAL_REGION,0
13103,BIOLOGICAL_REGION,0
13104,snoRNA,8
13105,PSEUDO,3
13106,PSEUDO,3
13107,PSEUDO,3
13108,BIOLOGICAL_REGION,0
13109,ncRNA,4
13110,rRNA,5
13111,PSEUDO,3
13112,PSEUDO,3
13113,PROTEIN_CODING,2
13114,BIOLOGICAL_REGION,0
13115,PSEUDO,3
13116,ncRNA,4
13117,BIOLOGICAL_REGION,0
13118,BIOLOGICAL_REGION,0
13119,PSEUDO,3
13120,PSEUDO,3
13121,snoRNA,8
13122,PSEUDO,3
13123,BIOLOGICAL_REGION,0
13124,BIOLOGICAL_REGION,0
13125,BIOLOGICAL_REGION,0
13126,PROTEIN_CODING,2
13127,PSEUDO,3
13128,tRNA,9
13129,ncRNA,4
13130,PSEUDO,3
13131,PSEUDO,3
13132,PSEUDO,3
13133,PSEUDO,3
13134,PSEUDO,3
13135,BIOLOGICAL_REGION,0
13136,ncRNA,4
13137,PSEUDO,3
13138,PSEUDO,3
13139,PSEUDO,3
13140,BIOLOGICAL_REGION,0
13141,ncRNA,4
13142,BIOLOGICAL_REGION,0
13143,PSEUDO,3
13144,BIOLOGICAL_REGION,0
13145,PSEUDO,3
13146,PSEUDO,3
13147,snoRNA,8
13148,BIOLOGICAL_REGION,0
13149,snRNA,7
13150,BIOLOGICAL_REGION,0
13151,PSEUDO,3
13152,ncRNA,4
13153,tRNA,9
13154,ncRNA,4
13155,BIOLOGICAL_REGION,0
13156,rRNA,5
13157,PSEUDO,3
13158,BIOLOGICAL_REGION,0
13159,PSEUDO,3
13160,PSEUDO,3
13161,PSEUDO,3
13162,BIOLOGICAL_REGION,0
13163,BIOLOGICAL_REGION,0
13164,ncRNA,4
13165,ncRNA,4
13166,PSEUDO,3
13167,PSEUDO,3
13168,BIOLOGICAL_REGION,0
13169,PSEUDO,3
13170,BIOLOGICAL_REGION,0
13171,PSEUDO,3
13172,PROTEIN_CODING,2
13173,PSEUDO,3
13174,ncRNA,4
13175,PSEUDO,3
13176,ncRNA,4
13177,BIOLOGICAL_REGION,0
13178,ncRNA,4
13179,BIOLOGICAL_REGION,0
13180,PSEUDO,3
13181,OTHER,1
13182,BIOLOGICAL_REGION,0
13183,PSEUDO,3
13184,PSEUDO,3
13185,PSEUDO,3
13186,BIOLOGICAL_REGION,0
13187,BIOLOGICAL_REGION,0
13188,BIOLOGICAL_REGION,0
13189,PSEUDO,3
13190,BIOLOGICAL_REGION,0
13191,PSEUDO,3
13192,PSEUDO,3
13193,PSEUDO,3
13194,PSEUDO,3
13195,ncRNA,4
13196,PSEUDO,3
13197,ncRNA,4
13198,BIOLOGICAL_REGION,0
13199,tRNA,9
13200,ncRNA,4
13201,BIOLOGICAL_REGION,0
13202,PSEUDO,3
13203,PSEUDO,3
13204,PSEUDO,3
13205,BIOLOGICAL_REGION,0
13206,BIOLOGICAL_REGION,0
13207,PSEUDO,3
13208,PSEUDO,3
13209,BIOLOGICAL_REGION,0
13210,BIOLOGICAL_REGION,0
13211,PSEUDO,3
13212,PSEUDO,3
13213,snRNA,7
13214,BIOLOGICAL_REGION,0
13215,BIOLOGICAL_REGION,0
13216,PSEUDO,3
13217,PSEUDO,3
13218,ncRNA,4
13219,BIOLOGICAL_REGION,0
13220,OTHER,1
13221,PSEUDO,3
13222,ncRNA,4
13223,PSEUDO,3
13224,snoRNA,8
13225,BIOLOGICAL_REGION,0
13226,ncRNA,4
13227,rRNA,5
13228,BIOLOGICAL_REGION,0
13229,PSEUDO,3
13230,tRNA,9
13231,PSEUDO,3
13232,BIOLOGICAL_REGION,0
13233,PSEUDO,3
13234,PSEUDO,3
13235,PSEUDO,3
13236,BIOLOGICAL_REGION,0
13237,BIOLOGICAL_REGION,0
13238,ncRNA,4
13239,ncRNA,4
13240,PSEUDO,3
13241,PSEUDO,3
13242,BIOLOGICAL_REGION,0
13243,PSEUDO,3
13244,snoRNA,8
13245,OTHER,1
13246,ncRNA,4
13247,BIOLOGICAL_REGION,0
13248,PSEUDO,3
13249,PSEUDO,3
13250,BIOLOGICAL_REGION,0
13251,ncRNA,4
13252,PSEUDO,3
13253,PSEUDO,3
13254,snoRNA,8
13255,tRNA,9
13256,PSEUDO,3
13257,ncRNA,4
13258,PSEUDO,3
13259,BIOLOGICAL_REGION,0
13260,rRNA,5
13261,PSEUDO,3
13262,BIOLOGICAL_REGION,0
13263,BIOLOGICAL_REGION,0
13264,PSEUDO,3
13265,snoRNA,8
13266,rRNA,5
13267,PSEUDO,3
13268,BIOLOGICAL_REGION,0
13269,BIOLOGICAL_REGION,0
13270,PSEUDO,3
13271,PSEUDO,3
13272,ncRNA,4
13273,PSEUDO,3
13274,BIOLOGICAL_REGION,0
13275,snoRNA,8
13276,OTHER,1
13277,BIOLOGICAL_REGION,0
13278,PSEUDO,3
13279,BIOLOGICAL_REGION,0
13280,PROTEIN_CODING,2
13281,PSEUDO,3
13282,PSEUDO,3
13283,PSEUDO,3
13284,PROTEIN_CODING,2
13285,PROTEIN_CODING,2
13286,PSEUDO,3
13287,BIOLOGICAL_REGION,0
13288,PSEUDO,3
13289,PSEUDO,3
13290,BIOLOGICAL_REGION,0
13291,PSEUDO,3
13292,PSEUDO,3
13293,PSEUDO,3
13294,PSEUDO,3
13295,PSEUDO,3
13296,PSEUDO,3
13297,PSEUDO,3
13298,PSEUDO,3
13299,PSEUDO,3
13300,PSEUDO,3
13301,PSEUDO,3
13302,PSEUDO,3
13303,OTHER,1
13304,PSEUDO,3
13305,BIOLOGICAL_REGION,0
13306,PSEUDO,3
13307,PSEUDO,3
13308,BIOLOGICAL_REGION,0
13309,BIOLOGICAL_REGION,0
13310,PSEUDO,3
13311,PSEUDO,3
13312,ncRNA,4
13313,ncRNA,4
13314,snoRNA,8
13315,PSEUDO,3
13316,PSEUDO,3
13317,PSEUDO,3
13318,PSEUDO,3
13319,BIOLOGICAL_REGION,0
13320,ncRNA,4
13321,PSEUDO,3
13322,PSEUDO,3
13323,snoRNA,8
13324,BIOLOGICAL_REGION,0
13325,snoRNA,8
13326,PSEUDO,3
13327,ncRNA,4
13328,PROTEIN_CODING,2
13329,BIOLOGICAL_REGION,0
13330,BIOLOGICAL_REGION,0
13331,BIOLOGICAL_REGION,0
13332,BIOLOGICAL_REGION,0
13333,PSEUDO,3
13334,PROTEIN_CODING,2
13335,BIOLOGICAL_REGION,0
13336,BIOLOGICAL_REGION,0
13337,PSEUDO,3
13338,ncRNA,4
13339,PSEUDO,3
13340,BIOLOGICAL_REGION,0
13341,BIOLOGICAL_REGION,0
13342,BIOLOGICAL_REGION,0
13343,ncRNA,4
13344,BIOLOGICAL_REGION,0
13345,PSEUDO,3
13346,BIOLOGICAL_REGION,0
13347,tRNA,9
13348,BIOLOGICAL_REGION,0
13349,BIOLOGICAL_REGION,0
13350,ncRNA,4
13351,BIOLOGICAL_REGION,0
13352,BIOLOGICAL_REGION,0
13353,PSEUDO,3
13354,BIOLOGICAL_REGION,0
13355,ncRNA,4
13356,BIOLOGICAL_REGION,0
13357,PSEUDO,3
13358,PROTEIN_CODING,2
13359,BIOLOGICAL_REGION,0
13360,BIOLOGICAL_REGION,0
13361,tRNA,9
13362,PSEUDO,3
13363,BIOLOGICAL_REGION,0
13364,PSEUDO,3
13365,BIOLOGICAL_REGION,0
13366,snRNA,7
13367,BIOLOGICAL_REGION,0
13368,PSEUDO,3
13369,PSEUDO,3
13370,PSEUDO,3
13371,PSEUDO,3
13372,PSEUDO,3
13373,BIOLOGICAL_REGION,0
13374,PSEUDO,3
13375,BIOLOGICAL_REGION,0
13376,PSEUDO,3
13377,ncRNA,4
13378,BIOLOGICAL_REGION,0
13379,ncRNA,4
13380,PSEUDO,3
13381,PSEUDO,3
13382,PSEUDO,3
13383,PSEUDO,3
13384,BIOLOGICAL_REGION,0
13385,PSEUDO,3
13386,BIOLOGICAL_REGION,0
13387,PSEUDO,3
13388,PSEUDO,3
13389,PSEUDO,3
13390,BIOLOGICAL_REGION,0
13391,PSEUDO,3
13392,snoRNA,8
13393,BIOLOGICAL_REGION,0
13394,BIOLOGICAL_REGION,0
13395,PSEUDO,3
13396,PSEUDO,3
13397,PSEUDO,3
13398,tRNA,9
13399,PSEUDO,3
13400,BIOLOGICAL_REGION,0
13401,PSEUDO,3
13402,BIOLOGICAL_REGION,0
13403,ncRNA,4
13404,BIOLOGICAL_REGION,0
13405,PSEUDO,3
13406,tRNA,9
13407,BIOLOGICAL_REGION,0
13408,BIOLOGICAL_REGION,0
13409,PSEUDO,3
13410,PSEUDO,3
13411,PSEUDO,3
13412,BIOLOGICAL_REGION,0
13413,BIOLOGICAL_REGION,0
13414,tRNA,9
13415,BIOLOGICAL_REGION,0
13416,PSEUDO,3
13417,PSEUDO,3
13418,BIOLOGICAL_REGION,0
13419,rRNA,5
13420,BIOLOGICAL_REGION,0
13421,PSEUDO,3
13422,BIOLOGICAL_REGION,0
13423,BIOLOGICAL_REGION,0
13424,PSEUDO,3
13425,ncRNA,4
13426,PSEUDO,3
13427,PSEUDO,3
13428,BIOLOGICAL_REGION,0
13429,PSEUDO,3
13430,BIOLOGICAL_REGION,0
13431,ncRNA,4
13432,PSEUDO,3
13433,PSEUDO,3
13434,PSEUDO,3
13435,PSEUDO,3
13436,PSEUDO,3
13437,PSEUDO,3
13438,ncRNA,4
13439,PSEUDO,3
13440,PSEUDO,3
13441,PSEUDO,3
13442,BIOLOGICAL_REGION,0
13443,snoRNA,8
13444,BIOLOGICAL_REGION,0
13445,PSEUDO,3
13446,PSEUDO,3
13447,ncRNA,4
13448,ncRNA,4
13449,BIOLOGICAL_REGION,0
13450,PSEUDO,3
13451,PSEUDO,3
13452,PSEUDO,3
13453,BIOLOGICAL_REGION,0
13454,PSEUDO,3
13455,PSEUDO,3
13456,PSEUDO,3
13457,PSEUDO,3
13458,PSEUDO,3
13459,snoRNA,8
13460,PSEUDO,3
13461,PSEUDO,3
13462,BIOLOGICAL_REGION,0
13463,BIOLOGICAL_REGION,0
13464,PSEUDO,3
13465,PSEUDO,3
13466,OTHER,1
13467,ncRNA,4
13468,PSEUDO,3
13469,BIOLOGICAL_REGION,0
13470,PSEUDO,3
13471,BIOLOGICAL_REGION,0
13472,snoRNA,8
13473,PSEUDO,3
13474,PSEUDO,3
13475,BIOLOGICAL_REGION,0
13476,PSEUDO,3
13477,PSEUDO,3
13478,ncRNA,4
13479,PSEUDO,3
13480,PROTEIN_CODING,2
13481,PSEUDO,3
13482,PSEUDO,3
13483,PSEUDO,3
13484,PSEUDO,3
13485,PSEUDO,3
13486,BIOLOGICAL_REGION,0
13487,PSEUDO,3
13488,PSEUDO,3
13489,ncRNA,4
13490,BIOLOGICAL_REGION,0
13491,ncRNA,4
13492,PROTEIN_CODING,2
13493,BIOLOGICAL_REGION,0
13494,PSEUDO,3
13495,PSEUDO,3
13496,PSEUDO,3
13497,snoRNA,8
13498,PSEUDO,3
13499,BIOLOGICAL_REGION,0
13500,PROTEIN_CODING,2
13501,snoRNA,8
13502,PSEUDO,3
13503,PROTEIN_CODING,2
13504,PSEUDO,3
13505,PSEUDO,3
13506,BIOLOGICAL_REGION,0
13507,snoRNA,8
13508,PSEUDO,3
13509,snoRNA,8
13510,PSEUDO,3
13511,snoRNA,8
13512,PSEUDO,3
13513,PSEUDO,3
13514,PSEUDO,3
13515,PSEUDO,3
13516,BIOLOGICAL_REGION,0
13517,PSEUDO,3
13518,PSEUDO,3
13519,ncRNA,4
13520,tRNA,9
13521,BIOLOGICAL_REGION,0
13522,BIOLOGICAL_REGION,0
13523,PSEUDO,3
13524,snoRNA,8
13525,PSEUDO,3
13526,PSEUDO,3
13527,ncRNA,4
13528,BIOLOGICAL_REGION,0
13529,PSEUDO,3
13530,BIOLOGICAL_REGION,0
13531,BIOLOGICAL_REGION,0
13532,PSEUDO,3
13533,snoRNA,8
13534,BIOLOGICAL_REGION,0
13535,PSEUDO,3
13536,PSEUDO,3
13537,PSEUDO,3
13538,BIOLOGICAL_REGION,0
13539,BIOLOGICAL_REGION,0
13540,PSEUDO,3
13541,PROTEIN_CODING,2
13542,ncRNA,4
13543,BIOLOGICAL_REGION,0
13544,PSEUDO,3
13545,PSEUDO,3
13546,BIOLOGICAL_REGION,0
13547,PSEUDO,3
13548,BIOLOGICAL_REGION,0
13549,PSEUDO,3
13550,PSEUDO,3
13551,PSEUDO,3
13552,PSEUDO,3
13553,PSEUDO,3
13554,BIOLOGICAL_REGION,0
13555,PSEUDO,3
13556,PSEUDO,3
13557,BIOLOGICAL_REGION,0
13558,ncRNA,4
13559,snRNA,7
13560,BIOLOGICAL_REGION,0
13561,PSEUDO,3
13562,PSEUDO,3
13563,BIOLOGICAL_REGION,0
13564,PSEUDO,3
13565,PSEUDO,3
13566,PROTEIN_CODING,2
13567,PSEUDO,3
13568,PSEUDO,3
13569,PSEUDO,3
13570,PSEUDO,3
13571,PSEUDO,3
13572,BIOLOGICAL_REGION,0
13573,PROTEIN_CODING,2
13574,BIOLOGICAL_REGION,0
13575,BIOLOGICAL_REGION,0
13576,BIOLOGICAL_REGION,0
13577,PSEUDO,3
13578,PSEUDO,3
13579,ncRNA,4
13580,PSEUDO,3
13581,BIOLOGICAL_REGION,0
13582,BIOLOGICAL_REGION,0
13583,BIOLOGICAL_REGION,0
13584,ncRNA,4
13585,BIOLOGICAL_REGION,0
13586,PSEUDO,3
13587,BIOLOGICAL_REGION,0
13588,BIOLOGICAL_REGION,0
13589,BIOLOGICAL_REGION,0
13590,PSEUDO,3
13591,BIOLOGICAL_REGION,0
13592,BIOLOGICAL_REGION,0
13593,PSEUDO,3
13594,PSEUDO,3
13595,PSEUDO,3
13596,BIOLOGICAL_REGION,0
13597,ncRNA,4
13598,PROTEIN_CODING,2
13599,PSEUDO,3
13600,BIOLOGICAL_REGION,0
13601,BIOLOGICAL_REGION,0
13602,ncRNA,4
13603,rRNA,5
13604,PSEUDO,3
13605,PSEUDO,3
13606,BIOLOGICAL_REGION,0
13607,ncRNA,4
13608,ncRNA,4
13609,BIOLOGICAL_REGION,0
13610,BIOLOGICAL_REGION,0
13611,PSEUDO,3
13612,OTHER,1
13613,ncRNA,4
13614,PSEUDO,3
13615,PSEUDO,3
13616,BIOLOGICAL_REGION,0
13617,snoRNA,8
13618,BIOLOGICAL_REGION,0
13619,PSEUDO,3
13620,PROTEIN_CODING,2
13621,BIOLOGICAL_REGION,0
13622,BIOLOGICAL_REGION,0
13623,PSEUDO,3
13624,BIOLOGICAL_REGION,0
13625,PSEUDO,3
13626,BIOLOGICAL_REGION,0
13627,PSEUDO,3
13628,BIOLOGICAL_REGION,0
13629,PSEUDO,3
13630,BIOLOGICAL_REGION,0
13631,PSEUDO,3
13632,BIOLOGICAL_REGION,0
13633,PSEUDO,3
13634,PSEUDO,3
13635,PSEUDO,3
13636,BIOLOGICAL_REGION,0
13637,PSEUDO,3
13638,BIOLOGICAL_REGION,0
13639,BIOLOGICAL_REGION,0
13640,PROTEIN_CODING,2
13641,PSEUDO,3
13642,OTHER,1
13643,BIOLOGICAL_REGION,0
13644,snoRNA,8
13645,PSEUDO,3
13646,BIOLOGICAL_REGION,0
13647,PSEUDO,3
13648,BIOLOGICAL_REGION,0
13649,PSEUDO,3
13650,OTHER,1
13651,BIOLOGICAL_REGION,0
13652,PSEUDO,3
13653,PSEUDO,3
13654,PSEUDO,3
13655,PSEUDO,3
13656,snoRNA,8
13657,BIOLOGICAL_REGION,0
13658,PSEUDO,3
13659,BIOLOGICAL_REGION,0
13660,BIOLOGICAL_REGION,0
13661,BIOLOGICAL_REGION,0
13662,BIOLOGICAL_REGION,0
13663,snoRNA,8
13664,PSEUDO,3
13665,tRNA,9
13666,BIOLOGICAL_REGION,0
13667,ncRNA,4
13668,PSEUDO,3
13669,PSEUDO,3
13670,PSEUDO,3
13671,PSEUDO,3
13672,BIOLOGICAL_REGION,0
13673,ncRNA,4
13674,PSEUDO,3
13675,PSEUDO,3
13676,PSEUDO,3
13677,snoRNA,8
13678,PSEUDO,3
13679,PSEUDO,3
13680,ncRNA,4
13681,BIOLOGICAL_REGION,0
13682,PSEUDO,3
13683,PSEUDO,3
13684,BIOLOGICAL_REGION,0
13685,BIOLOGICAL_REGION,0
13686,PSEUDO,3
13687,snoRNA,8
13688,tRNA,9
13689,PROTEIN_CODING,2
13690,BIOLOGICAL_REGION,0
13691,ncRNA,4
13692,BIOLOGICAL_REGION,0
13693,snRNA,7
13694,snoRNA,8
13695,ncRNA,4
13696,PSEUDO,3
13697,PSEUDO,3
13698,BIOLOGICAL_REGION,0
13699,BIOLOGICAL_REGION,0
13700,BIOLOGICAL_REGION,0
13701,snoRNA,8
13702,PSEUDO,3
13703,PSEUDO,3
13704,BIOLOGICAL_REGION,0
13705,PSEUDO,3
13706,BIOLOGICAL_REGION,0
13707,BIOLOGICAL_REGION,0
13708,PSEUDO,3
13709,PSEUDO,3
13710,ncRNA,4
13711,PSEUDO,3
13712,tRNA,9
13713,PSEUDO,3
13714,PSEUDO,3
13715,ncRNA,4
13716,BIOLOGICAL_REGION,0
13717,ncRNA,4
13718,BIOLOGICAL_REGION,0
13719,BIOLOGICAL_REGION,0
13720,PSEUDO,3
13721,PSEUDO,3
13722,ncRNA,4
13723,BIOLOGICAL_REGION,0
13724,PSEUDO,3
13725,BIOLOGICAL_REGION,0
13726,snoRNA,8
13727,PSEUDO,3
13728,PSEUDO,3
13729,BIOLOGICAL_REGION,0
13730,PSEUDO,3
13731,PSEUDO,3
13732,PSEUDO,3
13733,PSEUDO,3
13734,BIOLOGICAL_REGION,0
13735,PSEUDO,3
13736,ncRNA,4
13737,PSEUDO,3
13738,PSEUDO,3
13739,ncRNA,4
13740,PSEUDO,3
13741,BIOLOGICAL_REGION,0
13742,PSEUDO,3
13743,BIOLOGICAL_REGION,0
13744,BIOLOGICAL_REGION,0
13745,BIOLOGICAL_REGION,0
13746,BIOLOGICAL_REGION,0
13747,PSEUDO,3
13748,PROTEIN_CODING,2
13749,PSEUDO,3
13750,PSEUDO,3
13751,PSEUDO,3
13752,BIOLOGICAL_REGION,0
13753,PSEUDO,3
13754,BIOLOGICAL_REGION,0
13755,PSEUDO,3
13756,PSEUDO,3
13757,ncRNA,4
13758,ncRNA,4
13759,BIOLOGICAL_REGION,0
13760,ncRNA,4
13761,BIOLOGICAL_REGION,0
13762,snoRNA,8
13763,PSEUDO,3
13764,PSEUDO,3
13765,PSEUDO,3
13766,BIOLOGICAL_REGION,0
13767,BIOLOGICAL_REGION,0
13768,PSEUDO,3
13769,BIOLOGICAL_REGION,0
13770,PSEUDO,3
13771,PSEUDO,3
13772,PSEUDO,3
13773,PSEUDO,3
13774,BIOLOGICAL_REGION,0
13775,PSEUDO,3
13776,PSEUDO,3
13777,PSEUDO,3
13778,PSEUDO,3
13779,PSEUDO,3
13780,ncRNA,4
13781,PSEUDO,3
13782,BIOLOGICAL_REGION,0
13783,BIOLOGICAL_REGION,0
13784,BIOLOGICAL_REGION,0
13785,PSEUDO,3
13786,BIOLOGICAL_REGION,0
13787,BIOLOGICAL_REGION,0
13788,PSEUDO,3
13789,PROTEIN_CODING,2
13790,PSEUDO,3
13791,ncRNA,4
13792,PSEUDO,3
13793,PSEUDO,3
13794,PSEUDO,3
13795,PSEUDO,3
13796,PSEUDO,3
13797,BIOLOGICAL_REGION,0
13798,BIOLOGICAL_REGION,0
13799,BIOLOGICAL_REGION,0
13800,BIOLOGICAL_REGION,0
13801,PSEUDO,3
13802,BIOLOGICAL_REGION,0
13803,BIOLOGICAL_REGION,0
13804,PSEUDO,3
13805,PSEUDO,3
13806,snoRNA,8
13807,rRNA,5
13808,PSEUDO,3
13809,BIOLOGICAL_REGION,0
13810,PSEUDO,3
13811,PSEUDO,3
13812,BIOLOGICAL_REGION,0
13813,ncRNA,4
13814,PSEUDO,3
13815,PSEUDO,3
13816,PSEUDO,3
13817,PSEUDO,3
13818,snoRNA,8
13819,PSEUDO,3
13820,BIOLOGICAL_REGION,0
13821,BIOLOGICAL_REGION,0
13822,rRNA,5
13823,ncRNA,4
13824,BIOLOGICAL_REGION,0
13825,PSEUDO,3
13826,PSEUDO,3
13827,PSEUDO,3
13828,ncRNA,4
13829,PSEUDO,3
13830,PSEUDO,3
13831,BIOLOGICAL_REGION,0
13832,BIOLOGICAL_REGION,0
13833,ncRNA,4
13834,BIOLOGICAL_REGION,0
13835,PSEUDO,3
13836,ncRNA,4
13837,PSEUDO,3
13838,BIOLOGICAL_REGION,0
13839,PSEUDO,3
13840,PSEUDO,3
13841,PSEUDO,3
13842,PROTEIN_CODING,2
13843,BIOLOGICAL_REGION,0
13844,PSEUDO,3
13845,PSEUDO,3
13846,PSEUDO,3
13847,PSEUDO,3
13848,PSEUDO,3
13849,PSEUDO,3
13850,snoRNA,8
13851,OTHER,1
13852,snoRNA,8
13853,BIOLOGICAL_REGION,0
13854,PSEUDO,3
13855,BIOLOGICAL_REGION,0
13856,BIOLOGICAL_REGION,0
13857,PSEUDO,3
13858,PSEUDO,3
13859,ncRNA,4
13860,PSEUDO,3
13861,BIOLOGICAL_REGION,0
13862,PSEUDO,3
13863,BIOLOGICAL_REGION,0
13864,PSEUDO,3
13865,BIOLOGICAL_REGION,0
13866,BIOLOGICAL_REGION,0
13867,BIOLOGICAL_REGION,0
13868,snoRNA,8
13869,OTHER,1
13870,PSEUDO,3
13871,PSEUDO,3
13872,PSEUDO,3
13873,PSEUDO,3
13874,PSEUDO,3
13875,PROTEIN_CODING,2
13876,BIOLOGICAL_REGION,0
13877,ncRNA,4
13878,snoRNA,8
13879,PSEUDO,3
13880,PSEUDO,3
13881,BIOLOGICAL_REGION,0
13882,BIOLOGICAL_REGION,0
13883,PSEUDO,3
13884,PSEUDO,3
13885,ncRNA,4
13886,PSEUDO,3
13887,PSEUDO,3
13888,BIOLOGICAL_REGION,0
13889,BIOLOGICAL_REGION,0
13890,BIOLOGICAL_REGION,0
13891,PSEUDO,3
13892,snoRNA,8
13893,PSEUDO,3
13894,BIOLOGICAL_REGION,0
13895,BIOLOGICAL_REGION,0
13896,PSEUDO,3
13897,BIOLOGICAL_REGION,0
13898,rRNA,5
13899,PSEUDO,3
13900,BIOLOGICAL_REGION,0
13901,BIOLOGICAL_REGION,0
13902,PSEUDO,3
13903,BIOLOGICAL_REGION,0
13904,BIOLOGICAL_REGION,0
13905,PSEUDO,3
13906,PSEUDO,3
13907,PSEUDO,3
13908,BIOLOGICAL_REGION,0
13909,snRNA,7
13910,PSEUDO,3
13911,ncRNA,4
13912,BIOLOGICAL_REGION,0
13913,PSEUDO,3
13914,tRNA,9
13915,ncRNA,4
13916,PSEUDO,3
13917,ncRNA,4
13918,BIOLOGICAL_REGION,0
13919,BIOLOGICAL_REGION,0
13920,PSEUDO,3
13921,PSEUDO,3
13922,PSEUDO,3
13923,BIOLOGICAL_REGION,0
13924,PSEUDO,3
13925,PSEUDO,3
13926,snoRNA,8
13927,PSEUDO,3
13928,PSEUDO,3
13929,BIOLOGICAL_REGION,0
13930,PSEUDO,3
13931,PROTEIN_CODING,2
13932,PSEUDO,3
13933,snoRNA,8
13934,ncRNA,4
13935,PROTEIN_CODING,2
13936,ncRNA,4
13937,PSEUDO,3
13938,PSEUDO,3
13939,BIOLOGICAL_REGION,0
13940,PSEUDO,3
13941,PSEUDO,3
13942,PSEUDO,3
13943,PSEUDO,3
13944,PSEUDO,3
13945,PSEUDO,3
13946,BIOLOGICAL_REGION,0
13947,PSEUDO,3
13948,tRNA,9
13949,BIOLOGICAL_REGION,0
13950,PSEUDO,3
13951,rRNA,5
13952,rRNA,5
13953,PSEUDO,3
13954,BIOLOGICAL_REGION,0
13955,PSEUDO,3
13956,PSEUDO,3
13957,PSEUDO,3
13958,PSEUDO,3
13959,PSEUDO,3
13960,PSEUDO,3
13961,BIOLOGICAL_REGION,0
13962,PSEUDO,3
13963,PSEUDO,3
13964,BIOLOGICAL_REGION,0
13965,BIOLOGICAL_REGION,0
13966,BIOLOGICAL_REGION,0
13967,BIOLOGICAL_REGION,0
13968,BIOLOGICAL_REGION,0
13969,BIOLOGICAL_REGION,0
13970,PSEUDO,3
13971,PSEUDO,3
13972,PSEUDO,3
13973,ncRNA,4
13974,BIOLOGICAL_REGION,0
13975,BIOLOGICAL_REGION,0
13976,PSEUDO,3
13977,PSEUDO,3
13978,PSEUDO,3
13979,BIOLOGICAL_REGION,0
13980,PSEUDO,3
13981,BIOLOGICAL_REGION,0
13982,PSEUDO,3
13983,PSEUDO,3
13984,BIOLOGICAL_REGION,0
13985,PSEUDO,3
13986,PSEUDO,3
13987,PSEUDO,3
13988,BIOLOGICAL_REGION,0
13989,PSEUDO,3
13990,PSEUDO,3
13991,PSEUDO,3
13992,BIOLOGICAL_REGION,0
13993,BIOLOGICAL_REGION,0
13994,ncRNA,4
13995,PSEUDO,3
13996,ncRNA,4
13997,PSEUDO,3
13998,BIOLOGICAL_REGION,0
13999,BIOLOGICAL_REGION,0
14000,PSEUDO,3
14001,ncRNA,4
14002,BIOLOGICAL_REGION,0
14003,PSEUDO,3
14004,PSEUDO,3
14005,BIOLOGICAL_REGION,0
14006,PSEUDO,3
14007,ncRNA,4
14008,PSEUDO,3
14009,PSEUDO,3
14010,snoRNA,8
14011,PSEUDO,3
14012,PSEUDO,3
14013,PROTEIN_CODING,2
14014,PROTEIN_CODING,2
14015,PSEUDO,3
14016,BIOLOGICAL_REGION,0
14017,PSEUDO,3
14018,PSEUDO,3
14019,PSEUDO,3
14020,BIOLOGICAL_REGION,0
14021,PSEUDO,3
14022,PSEUDO,3
14023,PSEUDO,3
14024,PSEUDO,3
14025,BIOLOGICAL_REGION,0
14026,PSEUDO,3
14027,BIOLOGICAL_REGION,0
14028,PSEUDO,3
14029,PSEUDO,3
14030,BIOLOGICAL_REGION,0
14031,BIOLOGICAL_REGION,0
14032,PSEUDO,3
14033,BIOLOGICAL_REGION,0
14034,ncRNA,4
14035,PSEUDO,3
14036,PSEUDO,3
14037,BIOLOGICAL_REGION,0
14038,PSEUDO,3
14039,PSEUDO,3
14040,ncRNA,4
14041,PSEUDO,3
14042,PSEUDO,3
14043,PSEUDO,3
14044,BIOLOGICAL_REGION,0
14045,PSEUDO,3
14046,BIOLOGICAL_REGION,0
14047,PSEUDO,3
14048,PSEUDO,3
14049,PROTEIN_CODING,2
14050,ncRNA,4
14051,BIOLOGICAL_REGION,0
14052,PSEUDO,3
14053,PSEUDO,3
14054,PSEUDO,3
14055,BIOLOGICAL_REGION,0
14056,PSEUDO,3
14057,PSEUDO,3
14058,BIOLOGICAL_REGION,0
14059,snoRNA,8
14060,PSEUDO,3
14061,PSEUDO,3
14062,PSEUDO,3
14063,snoRNA,8
14064,BIOLOGICAL_REGION,0
14065,PSEUDO,3
14066,OTHER,1
14067,BIOLOGICAL_REGION,0
14068,PSEUDO,3
14069,ncRNA,4
14070,PSEUDO,3
14071,PSEUDO,3
14072,PSEUDO,3
14073,ncRNA,4
14074,PSEUDO,3
14075,OTHER,1
14076,PSEUDO,3
14077,snoRNA,8
14078,PSEUDO,3
14079,tRNA,9
14080,ncRNA,4
14081,PSEUDO,3
14082,snoRNA,8
14083,ncRNA,4
14084,BIOLOGICAL_REGION,0
14085,snoRNA,8
14086,BIOLOGICAL_REGION,0
14087,BIOLOGICAL_REGION,0
14088,PSEUDO,3
14089,PSEUDO,3
14090,PSEUDO,3
14091,BIOLOGICAL_REGION,0
14092,BIOLOGICAL_REGION,0
14093,PSEUDO,3
14094,PSEUDO,3
14095,PSEUDO,3
14096,ncRNA,4
14097,BIOLOGICAL_REGION,0
14098,BIOLOGICAL_REGION,0
14099,BIOLOGICAL_REGION,0
14100,BIOLOGICAL_REGION,0
14101,PSEUDO,3
14102,ncRNA,4
14103,snRNA,7
14104,PSEUDO,3
14105,snoRNA,8
14106,BIOLOGICAL_REGION,0
14107,BIOLOGICAL_REGION,0
14108,PSEUDO,3
14109,PSEUDO,3
14110,rRNA,5
14111,BIOLOGICAL_REGION,0
14112,BIOLOGICAL_REGION,0
14113,PSEUDO,3
14114,PSEUDO,3
14115,PSEUDO,3
14116,ncRNA,4
14117,ncRNA,4
14118,PSEUDO,3
14119,PSEUDO,3
14120,PSEUDO,3
14121,PSEUDO,3
14122,PSEUDO,3
14123,PSEUDO,3
14124,PSEUDO,3
14125,PSEUDO,3
14126,ncRNA,4
14127,PSEUDO,3
14128,BIOLOGICAL_REGION,0
14129,snoRNA,8
14130,BIOLOGICAL_REGION,0
14131,PSEUDO,3
14132,BIOLOGICAL_REGION,0
14133,snoRNA,8
14134,PSEUDO,3
14135,PSEUDO,3
14136,BIOLOGICAL_REGION,0
14137,PSEUDO,3
14138,snoRNA,8
14139,PSEUDO,3
14140,BIOLOGICAL_REGION,0
14141,PSEUDO,3
14142,BIOLOGICAL_REGION,0
14143,PSEUDO,3
14144,snoRNA,8
14145,PSEUDO,3
14146,PSEUDO,3
14147,PSEUDO,3
14148,PSEUDO,3
14149,PSEUDO,3
14150,PSEUDO,3
14151,PSEUDO,3
14152,PSEUDO,3
14153,PSEUDO,3
14154,PSEUDO,3
14155,BIOLOGICAL_REGION,0
14156,PSEUDO,3
14157,ncRNA,4
14158,PSEUDO,3
14159,OTHER,1
14160,PSEUDO,3
14161,ncRNA,4
14162,BIOLOGICAL_REGION,0
14163,ncRNA,4
14164,BIOLOGICAL_REGION,0
14165,PSEUDO,3
14166,PSEUDO,3
14167,PSEUDO,3
14168,OTHER,1
14169,snoRNA,8
14170,PSEUDO,3
14171,PSEUDO,3
14172,BIOLOGICAL_REGION,0
14173,PSEUDO,3
14174,snoRNA,8
14175,PSEUDO,3
14176,BIOLOGICAL_REGION,0
14177,PSEUDO,3
14178,BIOLOGICAL_REGION,0
14179,PSEUDO,3
14180,BIOLOGICAL_REGION,0
14181,PROTEIN_CODING,2
14182,PSEUDO,3
14183,PSEUDO,3
14184,BIOLOGICAL_REGION,0
14185,BIOLOGICAL_REGION,0
14186,PSEUDO,3
14187,ncRNA,4
14188,BIOLOGICAL_REGION,0
14189,PSEUDO,3
14190,BIOLOGICAL_REGION,0
14191,BIOLOGICAL_REGION,0
14192,tRNA,9
14193,BIOLOGICAL_REGION,0
14194,ncRNA,4
14195,PSEUDO,3
14196,PSEUDO,3
14197,PSEUDO,3
14198,ncRNA,4
14199,BIOLOGICAL_REGION,0
14200,BIOLOGICAL_REGION,0
14201,ncRNA,4
14202,PSEUDO,3
14203,snoRNA,8
14204,PSEUDO,3
14205,BIOLOGICAL_REGION,0
14206,tRNA,9
14207,BIOLOGICAL_REGION,0
14208,ncRNA,4
14209,ncRNA,4
14210,PSEUDO,3
14211,PSEUDO,3
14212,PSEUDO,3
14213,BIOLOGICAL_REGION,0
14214,snoRNA,8
14215,BIOLOGICAL_REGION,0
14216,BIOLOGICAL_REGION,0
14217,PSEUDO,3
14218,ncRNA,4
14219,BIOLOGICAL_REGION,0
14220,PSEUDO,3
14221,PSEUDO,3
14222,PROTEIN_CODING,2
14223,ncRNA,4
14224,PSEUDO,3
14225,PSEUDO,3
14226,PSEUDO,3
14227,snRNA,7
14228,PSEUDO,3
14229,BIOLOGICAL_REGION,0
14230,PSEUDO,3
14231,PROTEIN_CODING,2
14232,BIOLOGICAL_REGION,0
14233,snoRNA,8
14234,PSEUDO,3
14235,BIOLOGICAL_REGION,0
14236,PSEUDO,3
14237,BIOLOGICAL_REGION,0
14238,PSEUDO,3
14239,PSEUDO,3
14240,PSEUDO,3
14241,PSEUDO,3
14242,BIOLOGICAL_REGION,0
14243,BIOLOGICAL_REGION,0
14244,BIOLOGICAL_REGION,0
14245,PSEUDO,3
14246,rRNA,5
14247,PSEUDO,3
14248,snoRNA,8
14249,BIOLOGICAL_REGION,0
14250,BIOLOGICAL_REGION,0
14251,PSEUDO,3
14252,BIOLOGICAL_REGION,0
14253,PSEUDO,3
14254,tRNA,9
14255,BIOLOGICAL_REGION,0
14256,rRNA,5
14257,snoRNA,8
14258,PSEUDO,3
14259,BIOLOGICAL_REGION,0
14260,snoRNA,8
14261,BIOLOGICAL_REGION,0
14262,BIOLOGICAL_REGION,0
14263,PROTEIN_CODING,2
14264,PROTEIN_CODING,2
14265,BIOLOGICAL_REGION,0
14266,ncRNA,4
14267,PSEUDO,3
14268,ncRNA,4
14269,PSEUDO,3
14270,BIOLOGICAL_REGION,0
14271,PSEUDO,3
14272,PSEUDO,3
14273,BIOLOGICAL_REGION,0
14274,PSEUDO,3
14275,PSEUDO,3
14276,snoRNA,8
14277,PSEUDO,3
14278,PSEUDO,3
14279,PSEUDO,3
14280,OTHER,1
14281,OTHER,1
14282,PSEUDO,3
14283,PSEUDO,3
14284,BIOLOGICAL_REGION,0
14285,PSEUDO,3
14286,PSEUDO,3
14287,PSEUDO,3
14288,PSEUDO,3
14289,PSEUDO,3
14290,ncRNA,4
14291,PSEUDO,3
14292,PROTEIN_CODING,2
14293,PSEUDO,3
14294,PSEUDO,3
14295,PSEUDO,3
14296,PSEUDO,3
14297,PROTEIN_CODING,2
14298,BIOLOGICAL_REGION,0
14299,PSEUDO,3
14300,ncRNA,4
14301,PSEUDO,3
14302,PSEUDO,3
14303,PSEUDO,3
14304,BIOLOGICAL_REGION,0
14305,PSEUDO,3
14306,PSEUDO,3
14307,PSEUDO,3
14308,BIOLOGICAL_REGION,0
14309,tRNA,9
14310,ncRNA,4
14311,PSEUDO,3
14312,PSEUDO,3
14313,PROTEIN_CODING,2
14314,PSEUDO,3
14315,PSEUDO,3
14316,rRNA,5
14317,BIOLOGICAL_REGION,0
14318,BIOLOGICAL_REGION,0
14319,PSEUDO,3
14320,BIOLOGICAL_REGION,0
14321,ncRNA,4
14322,ncRNA,4
14323,BIOLOGICAL_REGION,0
14324,ncRNA,4
14325,BIOLOGICAL_REGION,0
14326,BIOLOGICAL_REGION,0
14327,tRNA,9
14328,OTHER,1
14329,PSEUDO,3
14330,PSEUDO,3
14331,PROTEIN_CODING,2
14332,PSEUDO,3
14333,PSEUDO,3
14334,PSEUDO,3
14335,BIOLOGICAL_REGION,0
14336,rRNA,5
14337,ncRNA,4
14338,PSEUDO,3
14339,snoRNA,8
14340,PSEUDO,3
14341,PSEUDO,3
14342,BIOLOGICAL_REGION,0
14343,BIOLOGICAL_REGION,0
14344,PSEUDO,3
14345,PSEUDO,3
14346,snoRNA,8
14347,BIOLOGICAL_REGION,0
14348,BIOLOGICAL_REGION,0
14349,tRNA,9
14350,PSEUDO,3
14351,BIOLOGICAL_REGION,0
14352,OTHER,1
14353,tRNA,9
14354,PSEUDO,3
14355,PSEUDO,3
14356,PSEUDO,3
14357,PSEUDO,3
14358,PSEUDO,3
14359,BIOLOGICAL_REGION,0
14360,BIOLOGICAL_REGION,0
14361,BIOLOGICAL_REGION,0
14362,ncRNA,4
14363,PSEUDO,3
14364,BIOLOGICAL_REGION,0
14365,BIOLOGICAL_REGION,0
14366,ncRNA,4
14367,BIOLOGICAL_REGION,0
14368,PSEUDO,3
14369,PSEUDO,3
14370,BIOLOGICAL_REGION,0
14371,ncRNA,4
14372,rRNA,5
14373,BIOLOGICAL_REGION,0
14374,BIOLOGICAL_REGION,0
14375,PSEUDO,3
14376,PSEUDO,3
14377,snoRNA,8
14378,BIOLOGICAL_REGION,0
14379,PSEUDO,3
14380,BIOLOGICAL_REGION,0
14381,snoRNA,8
14382,ncRNA,4
14383,BIOLOGICAL_REGION,0
14384,BIOLOGICAL_REGION,0
14385,PSEUDO,3
14386,PSEUDO,3
14387,BIOLOGICAL_REGION,0
14388,PSEUDO,3
14389,PSEUDO,3
14390,PSEUDO,3
14391,snoRNA,8
14392,OTHER,1
14393,PSEUDO,3
14394,PSEUDO,3
14395,rRNA,5
14396,BIOLOGICAL_REGION,0
14397,BIOLOGICAL_REGION,0
14398,ncRNA,4
14399,PSEUDO,3
14400,ncRNA,4
14401,PSEUDO,3
14402,PSEUDO,3
14403,BIOLOGICAL_REGION,0
14404,PSEUDO,3
14405,PSEUDO,3
14406,BIOLOGICAL_REGION,0
14407,ncRNA,4
14408,BIOLOGICAL_REGION,0
14409,BIOLOGICAL_REGION,0
14410,ncRNA,4
14411,snoRNA,8
14412,PSEUDO,3
14413,PSEUDO,3
14414,BIOLOGICAL_REGION,0
14415,PSEUDO,3
14416,ncRNA,4
14417,ncRNA,4
14418,BIOLOGICAL_REGION,0
14419,ncRNA,4
14420,PSEUDO,3
14421,BIOLOGICAL_REGION,0
14422,PSEUDO,3
14423,PSEUDO,3
14424,PSEUDO,3
14425,PSEUDO,3
14426,PSEUDO,3
14427,PSEUDO,3
14428,BIOLOGICAL_REGION,0
14429,OTHER,1
14430,PSEUDO,3
14431,BIOLOGICAL_REGION,0
14432,rRNA,5
14433,PSEUDO,3
14434,PSEUDO,3
14435,PSEUDO,3
14436,BIOLOGICAL_REGION,0
14437,BIOLOGICAL_REGION,0
14438,BIOLOGICAL_REGION,0
14439,PSEUDO,3
14440,PSEUDO,3
14441,PSEUDO,3
14442,BIOLOGICAL_REGION,0
14443,PSEUDO,3
14444,PSEUDO,3
14445,PSEUDO,3
14446,PSEUDO,3
14447,snoRNA,8
14448,PSEUDO,3
14449,ncRNA,4
14450,PSEUDO,3
14451,PSEUDO,3
14452,BIOLOGICAL_REGION,0
14453,PSEUDO,3
14454,snoRNA,8
14455,PSEUDO,3
14456,PSEUDO,3
14457,PSEUDO,3
14458,PSEUDO,3
14459,rRNA,5
14460,tRNA,9
14461,ncRNA,4
14462,PROTEIN_CODING,2
14463,PSEUDO,3
14464,BIOLOGICAL_REGION,0
14465,BIOLOGICAL_REGION,0
14466,BIOLOGICAL_REGION,0
14467,PSEUDO,3
14468,BIOLOGICAL_REGION,0
14469,BIOLOGICAL_REGION,0
14470,snoRNA,8
14471,PSEUDO,3
14472,PSEUDO,3
14473,BIOLOGICAL_REGION,0
14474,PSEUDO,3
14475,PSEUDO,3
14476,BIOLOGICAL_REGION,0
14477,BIOLOGICAL_REGION,0
14478,PSEUDO,3
14479,PSEUDO,3
14480,PSEUDO,3
14481,ncRNA,4
14482,PSEUDO,3
14483,PSEUDO,3
14484,ncRNA,4
14485,BIOLOGICAL_REGION,0
14486,BIOLOGICAL_REGION,0
14487,snoRNA,8
14488,BIOLOGICAL_REGION,0
14489,BIOLOGICAL_REGION,0
14490,ncRNA,4
14491,PSEUDO,3
14492,PSEUDO,3
14493,ncRNA,4
14494,OTHER,1
14495,tRNA,9
14496,BIOLOGICAL_REGION,0
14497,snoRNA,8
14498,ncRNA,4
14499,OTHER,1
14500,PSEUDO,3
14501,BIOLOGICAL_REGION,0
14502,ncRNA,4
14503,PSEUDO,3
14504,OTHER,1
14505,PSEUDO,3
14506,BIOLOGICAL_REGION,0
14507,tRNA,9
14508,BIOLOGICAL_REGION,0
14509,PSEUDO,3
14510,BIOLOGICAL_REGION,0
14511,PSEUDO,3
14512,PSEUDO,3
14513,BIOLOGICAL_REGION,0
14514,ncRNA,4
14515,BIOLOGICAL_REGION,0
14516,BIOLOGICAL_REGION,0
14517,snoRNA,8
14518,ncRNA,4
14519,PSEUDO,3
14520,PSEUDO,3
14521,ncRNA,4
14522,PSEUDO,3
14523,PSEUDO,3
14524,BIOLOGICAL_REGION,0
14525,PSEUDO,3
14526,PSEUDO,3
14527,PSEUDO,3
14528,PSEUDO,3
14529,PSEUDO,3
14530,PSEUDO,3
14531,BIOLOGICAL_REGION,0
14532,tRNA,9
14533,OTHER,1
14534,PSEUDO,3
14535,PSEUDO,3
14536,ncRNA,4
14537,PSEUDO,3
14538,PROTEIN_CODING,2
14539,PSEUDO,3
14540,ncRNA,4
14541,PSEUDO,3
14542,ncRNA,4
14543,OTHER,1
14544,PSEUDO,3
14545,PSEUDO,3
14546,BIOLOGICAL_REGION,0
14547,BIOLOGICAL_REGION,0
14548,BIOLOGICAL_REGION,0
14549,BIOLOGICAL_REGION,0
14550,PSEUDO,3
14551,PSEUDO,3
14552,PSEUDO,3
14553,BIOLOGICAL_REGION,0
14554,PSEUDO,3
14555,PSEUDO,3
14556,BIOLOGICAL_REGION,0
14557,PSEUDO,3
14558,PSEUDO,3
14559,ncRNA,4
14560,BIOLOGICAL_REGION,0
14561,BIOLOGICAL_REGION,0
14562,PSEUDO,3
14563,PSEUDO,3
14564,BIOLOGICAL_REGION,0
14565,BIOLOGICAL_REGION,0
14566,PSEUDO,3
14567,PSEUDO,3
14568,PSEUDO,3
14569,PSEUDO,3
14570,PSEUDO,3
14571,PSEUDO,3
14572,PSEUDO,3
14573,PROTEIN_CODING,2
14574,snoRNA,8
14575,PSEUDO,3
14576,ncRNA,4
14577,PSEUDO,3
14578,BIOLOGICAL_REGION,0
14579,ncRNA,4
14580,PSEUDO,3
14581,BIOLOGICAL_REGION,0
14582,ncRNA,4
14583,ncRNA,4
14584,PSEUDO,3
14585,PSEUDO,3
14586,BIOLOGICAL_REGION,0
14587,rRNA,5
14588,BIOLOGICAL_REGION,0
14589,PSEUDO,3
14590,BIOLOGICAL_REGION,0
14591,OTHER,1
14592,PSEUDO,3
14593,BIOLOGICAL_REGION,0
14594,ncRNA,4
14595,BIOLOGICAL_REGION,0
14596,PSEUDO,3
14597,BIOLOGICAL_REGION,0
14598,BIOLOGICAL_REGION,0
14599,PSEUDO,3
14600,ncRNA,4
14601,BIOLOGICAL_REGION,0
14602,snoRNA,8
14603,PSEUDO,3
14604,PROTEIN_CODING,2
14605,PSEUDO,3
14606,PSEUDO,3
14607,PSEUDO,3
14608,BIOLOGICAL_REGION,0
14609,snoRNA,8
14610,OTHER,1
14611,BIOLOGICAL_REGION,0
14612,PSEUDO,3
14613,BIOLOGICAL_REGION,0
14614,PSEUDO,3
14615,PSEUDO,3
14616,OTHER,1
14617,PSEUDO,3
14618,BIOLOGICAL_REGION,0
14619,ncRNA,4
14620,BIOLOGICAL_REGION,0
14621,PSEUDO,3
14622,snoRNA,8
14623,BIOLOGICAL_REGION,0
14624,snoRNA,8
14625,BIOLOGICAL_REGION,0
14626,ncRNA,4
14627,BIOLOGICAL_REGION,0
14628,PSEUDO,3
14629,snoRNA,8
14630,BIOLOGICAL_REGION,0
14631,snoRNA,8
14632,PSEUDO,3
14633,rRNA,5
14634,BIOLOGICAL_REGION,0
14635,BIOLOGICAL_REGION,0
14636,PSEUDO,3
14637,PSEUDO,3
14638,PSEUDO,3
14639,snoRNA,8
14640,PSEUDO,3
14641,PSEUDO,3
14642,tRNA,9
14643,OTHER,1
14644,PSEUDO,3
14645,PSEUDO,3
14646,PSEUDO,3
14647,PSEUDO,3
14648,snoRNA,8
14649,PSEUDO,3
14650,ncRNA,4
14651,PSEUDO,3
14652,PROTEIN_CODING,2
14653,tRNA,9
14654,PSEUDO,3
14655,PROTEIN_CODING,2
14656,BIOLOGICAL_REGION,0
14657,ncRNA,4
14658,ncRNA,4
14659,ncRNA,4
14660,BIOLOGICAL_REGION,0
14661,BIOLOGICAL_REGION,0
14662,snoRNA,8
14663,PSEUDO,3
14664,PSEUDO,3
14665,PSEUDO,3
14666,PSEUDO,3
14667,BIOLOGICAL_REGION,0
14668,BIOLOGICAL_REGION,0
14669,PSEUDO,3
14670,PSEUDO,3
14671,BIOLOGICAL_REGION,0
14672,BIOLOGICAL_REGION,0
14673,ncRNA,4
14674,OTHER,1
14675,PSEUDO,3
14676,BIOLOGICAL_REGION,0
14677,BIOLOGICAL_REGION,0
14678,PSEUDO,3
14679,PSEUDO,3
14680,BIOLOGICAL_REGION,0
14681,OTHER,1
14682,snoRNA,8
14683,PSEUDO,3
14684,BIOLOGICAL_REGION,0
14685,PSEUDO,3
14686,ncRNA,4
14687,PSEUDO,3
14688,rRNA,5
14689,BIOLOGICAL_REGION,0
14690,BIOLOGICAL_REGION,0
14691,OTHER,1
14692,tRNA,9
14693,PSEUDO,3
14694,BIOLOGICAL_REGION,0
14695,snoRNA,8
14696,snoRNA,8
14697,PSEUDO,3
14698,BIOLOGICAL_REGION,0
14699,snoRNA,8
14700,ncRNA,4
14701,PSEUDO,3
14702,rRNA,5
14703,rRNA,5
14704,BIOLOGICAL_REGION,0
14705,tRNA,9
14706,BIOLOGICAL_REGION,0
14707,BIOLOGICAL_REGION,0
14708,PSEUDO,3
14709,tRNA,9
14710,snoRNA,8
14711,BIOLOGICAL_REGION,0
14712,PSEUDO,3
14713,PSEUDO,3
14714,PSEUDO,3
14715,PSEUDO,3
14716,snoRNA,8
14717,PSEUDO,3
14718,PSEUDO,3
14719,PSEUDO,3
14720,BIOLOGICAL_REGION,0
14721,ncRNA,4
14722,PSEUDO,3
14723,BIOLOGICAL_REGION,0
14724,ncRNA,4
14725,PSEUDO,3
14726,BIOLOGICAL_REGION,0
14727,BIOLOGICAL_REGION,0
14728,BIOLOGICAL_REGION,0
14729,BIOLOGICAL_REGION,0
14730,ncRNA,4
14731,PSEUDO,3
14732,snoRNA,8
14733,PSEUDO,3
14734,BIOLOGICAL_REGION,0
14735,BIOLOGICAL_REGION,0
14736,BIOLOGICAL_REGION,0
14737,ncRNA,4
14738,PROTEIN_CODING,2
14739,ncRNA,4
14740,PSEUDO,3
14741,BIOLOGICAL_REGION,0
14742,BIOLOGICAL_REGION,0
14743,ncRNA,4
14744,PSEUDO,3
14745,PSEUDO,3
14746,PSEUDO,3
14747,PSEUDO,3
14748,PSEUDO,3
14749,BIOLOGICAL_REGION,0
14750,BIOLOGICAL_REGION,0
14751,PSEUDO,3
14752,PSEUDO,3
14753,PSEUDO,3
14754,PSEUDO,3
14755,PSEUDO,3
14756,PSEUDO,3
14757,BIOLOGICAL_REGION,0
14758,snoRNA,8
14759,PSEUDO,3
14760,BIOLOGICAL_REGION,0
14761,ncRNA,4
14762,PSEUDO,3
14763,PSEUDO,3
14764,PSEUDO,3
14765,BIOLOGICAL_REGION,0
14766,PSEUDO,3
14767,BIOLOGICAL_REGION,0
14768,PSEUDO,3
14769,BIOLOGICAL_REGION,0
14770,PSEUDO,3
14771,PSEUDO,3
14772,BIOLOGICAL_REGION,0
14773,PSEUDO,3
14774,PSEUDO,3
14775,BIOLOGICAL_REGION,0
14776,PSEUDO,3
14777,BIOLOGICAL_REGION,0
14778,PSEUDO,3
14779,ncRNA,4
14780,PSEUDO,3
14781,PSEUDO,3
14782,BIOLOGICAL_REGION,0
14783,PSEUDO,3
14784,BIOLOGICAL_REGION,0
14785,BIOLOGICAL_REGION,0
14786,PSEUDO,3
14787,PSEUDO,3
14788,ncRNA,4
14789,PSEUDO,3
14790,PSEUDO,3
14791,PSEUDO,3
14792,BIOLOGICAL_REGION,0
14793,PSEUDO,3
14794,ncRNA,4
14795,tRNA,9
14796,PSEUDO,3
14797,PSEUDO,3
14798,ncRNA,4
14799,PSEUDO,3
14800,ncRNA,4
14801,BIOLOGICAL_REGION,0
14802,BIOLOGICAL_REGION,0
14803,PSEUDO,3
14804,PSEUDO,3
14805,snoRNA,8
14806,PSEUDO,3
14807,PSEUDO,3
14808,BIOLOGICAL_REGION,0
14809,BIOLOGICAL_REGION,0
14810,BIOLOGICAL_REGION,0
14811,PSEUDO,3
14812,PSEUDO,3
14813,snoRNA,8
14814,BIOLOGICAL_REGION,0
14815,BIOLOGICAL_REGION,0
14816,PSEUDO,3
14817,PSEUDO,3
14818,rRNA,5
14819,BIOLOGICAL_REGION,0
14820,PSEUDO,3
14821,PSEUDO,3
14822,BIOLOGICAL_REGION,0
14823,BIOLOGICAL_REGION,0
14824,PSEUDO,3
14825,snoRNA,8
14826,PSEUDO,3
14827,BIOLOGICAL_REGION,0
14828,BIOLOGICAL_REGION,0
14829,PSEUDO,3
14830,PSEUDO,3
14831,PSEUDO,3
14832,PSEUDO,3
14833,PSEUDO,3
14834,ncRNA,4
14835,PSEUDO,3
14836,PSEUDO,3
14837,ncRNA,4
14838,PSEUDO,3
14839,PSEUDO,3
14840,ncRNA,4
14841,PSEUDO,3
14842,PSEUDO,3
14843,PSEUDO,3
14844,PROTEIN_CODING,2
14845,BIOLOGICAL_REGION,0
14846,PSEUDO,3
14847,snoRNA,8
14848,PSEUDO,3
14849,PSEUDO,3
14850,PSEUDO,3
14851,PSEUDO,3
14852,PROTEIN_CODING,2
14853,ncRNA,4
14854,PSEUDO,3
14855,PSEUDO,3
14856,PSEUDO,3
14857,rRNA,5
14858,OTHER,1
14859,PSEUDO,3
14860,ncRNA,4
14861,BIOLOGICAL_REGION,0
14862,PSEUDO,3
14863,PSEUDO,3
14864,BIOLOGICAL_REGION,0
14865,PSEUDO,3
14866,PSEUDO,3
14867,BIOLOGICAL_REGION,0
14868,BIOLOGICAL_REGION,0
14869,BIOLOGICAL_REGION,0
14870,PSEUDO,3
14871,PSEUDO,3
14872,BIOLOGICAL_REGION,0
14873,PSEUDO,3
14874,PSEUDO,3
14875,BIOLOGICAL_REGION,0
14876,PSEUDO,3
14877,PSEUDO,3
14878,PSEUDO,3
14879,BIOLOGICAL_REGION,0
14880,ncRNA,4
14881,BIOLOGICAL_REGION,0
14882,PSEUDO,3
14883,PSEUDO,3
14884,PSEUDO,3
14885,BIOLOGICAL_REGION,0
14886,ncRNA,4
14887,PSEUDO,3
14888,PSEUDO,3
14889,PSEUDO,3
14890,PSEUDO,3
14891,ncRNA,4
14892,PSEUDO,3
14893,PSEUDO,3
14894,PSEUDO,3
14895,BIOLOGICAL_REGION,0
14896,PSEUDO,3
14897,tRNA,9
14898,PROTEIN_CODING,2
14899,PSEUDO,3
14900,PSEUDO,3
14901,BIOLOGICAL_REGION,0
14902,PSEUDO,3
14903,BIOLOGICAL_REGION,0
14904,PSEUDO,3
14905,BIOLOGICAL_REGION,0
14906,ncRNA,4
14907,PSEUDO,3
14908,PSEUDO,3
14909,BIOLOGICAL_REGION,0
14910,tRNA,9
14911,BIOLOGICAL_REGION,0
14912,PSEUDO,3
14913,ncRNA,4
14914,snoRNA,8
14915,snoRNA,8
14916,BIOLOGICAL_REGION,0
14917,PSEUDO,3
14918,BIOLOGICAL_REGION,0
14919,BIOLOGICAL_REGION,0
14920,PSEUDO,3
14921,BIOLOGICAL_REGION,0
14922,snoRNA,8
14923,BIOLOGICAL_REGION,0
14924,PSEUDO,3
14925,PSEUDO,3
14926,PSEUDO,3
14927,tRNA,9
14928,BIOLOGICAL_REGION,0
14929,snoRNA,8
14930,ncRNA,4
14931,BIOLOGICAL_REGION,0
14932,ncRNA,4
14933,BIOLOGICAL_REGION,0
14934,PSEUDO,3
14935,BIOLOGICAL_REGION,0
14936,PROTEIN_CODING,2
14937,ncRNA,4
14938,PSEUDO,3
14939,PSEUDO,3
14940,PSEUDO,3
14941,BIOLOGICAL_REGION,0
14942,BIOLOGICAL_REGION,0
14943,PSEUDO,3
14944,ncRNA,4
14945,tRNA,9
14946,PSEUDO,3
14947,PSEUDO,3
14948,PSEUDO,3
14949,BIOLOGICAL_REGION,0
14950,PSEUDO,3
14951,BIOLOGICAL_REGION,0
14952,tRNA,9
14953,BIOLOGICAL_REGION,0
14954,PSEUDO,3
14955,PSEUDO,3
14956,PROTEIN_CODING,2
14957,BIOLOGICAL_REGION,0
14958,PSEUDO,3
14959,BIOLOGICAL_REGION,0
14960,PSEUDO,3
14961,PSEUDO,3
14962,BIOLOGICAL_REGION,0
14963,BIOLOGICAL_REGION,0
14964,PSEUDO,3
14965,BIOLOGICAL_REGION,0
14966,PSEUDO,3
14967,PSEUDO,3
14968,ncRNA,4
14969,PSEUDO,3
14970,PSEUDO,3
14971,PSEUDO,3
14972,BIOLOGICAL_REGION,0
14973,PSEUDO,3
14974,BIOLOGICAL_REGION,0
14975,ncRNA,4
14976,BIOLOGICAL_REGION,0
14977,BIOLOGICAL_REGION,0
14978,PSEUDO,3
14979,PSEUDO,3
14980,PSEUDO,3
14981,PSEUDO,3
14982,BIOLOGICAL_REGION,0
14983,ncRNA,4
14984,ncRNA,4
14985,BIOLOGICAL_REGION,0
14986,PSEUDO,3
14987,PSEUDO,3
14988,PSEUDO,3
14989,BIOLOGICAL_REGION,0
14990,BIOLOGICAL_REGION,0
14991,ncRNA,4
14992,BIOLOGICAL_REGION,0
14993,ncRNA,4
14994,PSEUDO,3
14995,ncRNA,4
14996,PSEUDO,3
14997,BIOLOGICAL_REGION,0
14998,snoRNA,8
14999,PSEUDO,3
15000,OTHER,1
15001,PSEUDO,3
15002,BIOLOGICAL_REGION,0
15003,BIOLOGICAL_REGION,0
15004,BIOLOGICAL_REGION,0
15005,PROTEIN_CODING,2
15006,tRNA,9
15007,BIOLOGICAL_REGION,0
15008,BIOLOGICAL_REGION,0
15009,snoRNA,8
15010,PSEUDO,3
15011,PSEUDO,3
15012,PSEUDO,3
15013,snRNA,7
15014,PSEUDO,3
15015,PSEUDO,3
15016,PSEUDO,3
15017,snoRNA,8
15018,BIOLOGICAL_REGION,0
15019,BIOLOGICAL_REGION,0
15020,BIOLOGICAL_REGION,0
15021,BIOLOGICAL_REGION,0
15022,PSEUDO,3
15023,BIOLOGICAL_REGION,0
15024,PSEUDO,3
15025,BIOLOGICAL_REGION,0
15026,BIOLOGICAL_REGION,0
15027,PSEUDO,3
15028,PSEUDO,3
15029,BIOLOGICAL_REGION,0
15030,PSEUDO,3
15031,PSEUDO,3
15032,ncRNA,4
15033,BIOLOGICAL_REGION,0
15034,BIOLOGICAL_REGION,0
15035,PSEUDO,3
15036,BIOLOGICAL_REGION,0
15037,BIOLOGICAL_REGION,0
15038,BIOLOGICAL_REGION,0
15039,BIOLOGICAL_REGION,0
15040,PSEUDO,3
15041,PSEUDO,3
15042,BIOLOGICAL_REGION,0
15043,PSEUDO,3
15044,PSEUDO,3
15045,PSEUDO,3
15046,PSEUDO,3
15047,snoRNA,8
15048,BIOLOGICAL_REGION,0
15049,snoRNA,8
15050,BIOLOGICAL_REGION,0
15051,snoRNA,8
15052,PSEUDO,3
15053,PROTEIN_CODING,2
15054,BIOLOGICAL_REGION,0
15055,BIOLOGICAL_REGION,0
15056,BIOLOGICAL_REGION,0
15057,PSEUDO,3
15058,BIOLOGICAL_REGION,0
15059,BIOLOGICAL_REGION,0
15060,PSEUDO,3
15061,rRNA,5
15062,tRNA,9
15063,BIOLOGICAL_REGION,0
15064,PROTEIN_CODING,2
15065,rRNA,5
15066,snoRNA,8
15067,BIOLOGICAL_REGION,0
15068,PROTEIN_CODING,2
15069,PSEUDO,3
15070,rRNA,5
15071,PSEUDO,3
15072,snoRNA,8
15073,PSEUDO,3
15074,PSEUDO,3
15075,PSEUDO,3
15076,OTHER,1
15077,ncRNA,4
15078,PSEUDO,3
15079,ncRNA,4
15080,PSEUDO,3
15081,tRNA,9
15082,ncRNA,4
15083,BIOLOGICAL_REGION,0
15084,PSEUDO,3
15085,PSEUDO,3
15086,BIOLOGICAL_REGION,0
15087,BIOLOGICAL_REGION,0
15088,BIOLOGICAL_REGION,0
15089,rRNA,5
15090,PSEUDO,3
15091,BIOLOGICAL_REGION,0
15092,PSEUDO,3
15093,PSEUDO,3
15094,PSEUDO,3
15095,PSEUDO,3
15096,BIOLOGICAL_REGION,0
15097,PSEUDO,3
15098,PSEUDO,3
15099,ncRNA,4
15100,PSEUDO,3
15101,PSEUDO,3
15102,PSEUDO,3
15103,ncRNA,4
15104,snoRNA,8
15105,BIOLOGICAL_REGION,0
15106,PSEUDO,3
15107,PSEUDO,3
15108,PSEUDO,3
15109,PSEUDO,3
15110,PSEUDO,3
15111,PSEUDO,3
15112,PSEUDO,3
15113,PSEUDO,3
15114,BIOLOGICAL_REGION,0
15115,BIOLOGICAL_REGION,0
15116,ncRNA,4
15117,BIOLOGICAL_REGION,0
15118,PSEUDO,3
15119,PSEUDO,3
15120,BIOLOGICAL_REGION,0
15121,rRNA,5
15122,BIOLOGICAL_REGION,0
15123,PSEUDO,3
15124,ncRNA,4
15125,PSEUDO,3
15126,BIOLOGICAL_REGION,0
15127,BIOLOGICAL_REGION,0
15128,PSEUDO,3
15129,PSEUDO,3
15130,BIOLOGICAL_REGION,0
15131,ncRNA,4
15132,PSEUDO,3
15133,PSEUDO,3
15134,BIOLOGICAL_REGION,0
15135,PSEUDO,3
15136,PSEUDO,3
15137,PSEUDO,3
15138,PSEUDO,3
15139,PSEUDO,3
15140,BIOLOGICAL_REGION,0
15141,PSEUDO,3
15142,PSEUDO,3
15143,PSEUDO,3
15144,BIOLOGICAL_REGION,0
15145,BIOLOGICAL_REGION,0
15146,BIOLOGICAL_REGION,0
15147,PSEUDO,3
15148,PSEUDO,3
15149,BIOLOGICAL_REGION,0
15150,snoRNA,8
15151,PSEUDO,3
15152,ncRNA,4
15153,BIOLOGICAL_REGION,0
15154,PSEUDO,3
15155,PROTEIN_CODING,2
15156,ncRNA,4
15157,rRNA,5
15158,BIOLOGICAL_REGION,0
15159,BIOLOGICAL_REGION,0
15160,PSEUDO,3
15161,BIOLOGICAL_REGION,0
15162,BIOLOGICAL_REGION,0
15163,PSEUDO,3
15164,PSEUDO,3
15165,BIOLOGICAL_REGION,0
15166,snoRNA,8
15167,PSEUDO,3
15168,BIOLOGICAL_REGION,0
15169,PSEUDO,3
15170,snRNA,7
15171,PSEUDO,3
15172,BIOLOGICAL_REGION,0
15173,BIOLOGICAL_REGION,0
15174,PSEUDO,3
15175,rRNA,5
15176,PSEUDO,3
15177,BIOLOGICAL_REGION,0
15178,PSEUDO,3
15179,ncRNA,4
15180,PSEUDO,3
15181,BIOLOGICAL_REGION,0
15182,PSEUDO,3
15183,PROTEIN_CODING,2
15184,PSEUDO,3
15185,PSEUDO,3
15186,BIOLOGICAL_REGION,0
15187,PSEUDO,3
15188,PSEUDO,3
15189,BIOLOGICAL_REGION,0
15190,BIOLOGICAL_REGION,0
15191,ncRNA,4
15192,snoRNA,8
15193,PSEUDO,3
15194,PSEUDO,3
15195,ncRNA,4
15196,PSEUDO,3
15197,PSEUDO,3
15198,BIOLOGICAL_REGION,0
15199,PSEUDO,3
15200,PSEUDO,3
15201,BIOLOGICAL_REGION,0
15202,PSEUDO,3
15203,PSEUDO,3
15204,PSEUDO,3
15205,BIOLOGICAL_REGION,0
15206,PSEUDO,3
15207,PSEUDO,3
15208,BIOLOGICAL_REGION,0
15209,PSEUDO,3
15210,tRNA,9
15211,snoRNA,8
15212,BIOLOGICAL_REGION,0
15213,PSEUDO,3
15214,BIOLOGICAL_REGION,0
15215,PSEUDO,3
15216,BIOLOGICAL_REGION,0
15217,BIOLOGICAL_REGION,0
15218,BIOLOGICAL_REGION,0
15219,PSEUDO,3
15220,snoRNA,8
15221,BIOLOGICAL_REGION,0
15222,ncRNA,4
15223,PSEUDO,3
15224,PSEUDO,3
15225,BIOLOGICAL_REGION,0
15226,BIOLOGICAL_REGION,0
15227,BIOLOGICAL_REGION,0
15228,PSEUDO,3
15229,snoRNA,8
15230,PSEUDO,3
15231,BIOLOGICAL_REGION,0
15232,ncRNA,4
15233,PSEUDO,3
15234,PSEUDO,3
15235,snoRNA,8
15236,PSEUDO,3
15237,PSEUDO,3
15238,BIOLOGICAL_REGION,0
15239,PSEUDO,3
15240,OTHER,1
15241,PSEUDO,3
15242,ncRNA,4
15243,ncRNA,4
15244,PSEUDO,3
15245,PSEUDO,3
15246,BIOLOGICAL_REGION,0
15247,PROTEIN_CODING,2
15248,PSEUDO,3
15249,ncRNA,4
15250,PSEUDO,3
15251,PSEUDO,3
15252,BIOLOGICAL_REGION,0
15253,BIOLOGICAL_REGION,0
15254,BIOLOGICAL_REGION,0
15255,PSEUDO,3
15256,BIOLOGICAL_REGION,0
15257,PSEUDO,3
15258,PSEUDO,3
15259,PSEUDO,3
15260,PSEUDO,3
15261,PSEUDO,3
15262,tRNA,9
15263,PSEUDO,3
15264,snoRNA,8
15265,BIOLOGICAL_REGION,0
15266,snoRNA,8
15267,PSEUDO,3
15268,BIOLOGICAL_REGION,0
15269,PSEUDO,3
15270,PSEUDO,3
15271,ncRNA,4
15272,BIOLOGICAL_REGION,0
15273,BIOLOGICAL_REGION,0
15274,BIOLOGICAL_REGION,0
15275,ncRNA,4
15276,PSEUDO,3
15277,PSEUDO,3
15278,PSEUDO,3
15279,PSEUDO,3
15280,PSEUDO,3
15281,PSEUDO,3
15282,BIOLOGICAL_REGION,0
15283,BIOLOGICAL_REGION,0
15284,ncRNA,4
15285,PSEUDO,3
15286,BIOLOGICAL_REGION,0
15287,snoRNA,8
15288,PSEUDO,3
15289,BIOLOGICAL_REGION,0
15290,PSEUDO,3
15291,PSEUDO,3
15292,BIOLOGICAL_REGION,0
15293,ncRNA,4
15294,BIOLOGICAL_REGION,0
15295,PSEUDO,3
15296,BIOLOGICAL_REGION,0
15297,ncRNA,4
15298,BIOLOGICAL_REGION,0
15299,BIOLOGICAL_REGION,0
15300,ncRNA,4
15301,PSEUDO,3
15302,PSEUDO,3
15303,BIOLOGICAL_REGION,0
15304,BIOLOGICAL_REGION,0
15305,PSEUDO,3
15306,PSEUDO,3
15307,PSEUDO,3
15308,PSEUDO,3
15309,PSEUDO,3
15310,PSEUDO,3
15311,BIOLOGICAL_REGION,0
15312,BIOLOGICAL_REGION,0
15313,PSEUDO,3
15314,PSEUDO,3
15315,PSEUDO,3
15316,BIOLOGICAL_REGION,0
15317,PSEUDO,3
15318,snoRNA,8
15319,BIOLOGICAL_REGION,0
15320,PSEUDO,3
15321,PSEUDO,3
15322,PROTEIN_CODING,2
15323,BIOLOGICAL_REGION,0
15324,PSEUDO,3
15325,snoRNA,8
15326,ncRNA,4
15327,BIOLOGICAL_REGION,0
15328,BIOLOGICAL_REGION,0
15329,BIOLOGICAL_REGION,0
15330,PSEUDO,3
15331,PSEUDO,3
15332,BIOLOGICAL_REGION,0
15333,rRNA,5
15334,PSEUDO,3
15335,PSEUDO,3
15336,ncRNA,4
15337,rRNA,5
15338,BIOLOGICAL_REGION,0
15339,BIOLOGICAL_REGION,0
15340,BIOLOGICAL_REGION,0
15341,PSEUDO,3
15342,BIOLOGICAL_REGION,0
15343,PSEUDO,3
15344,ncRNA,4
15345,BIOLOGICAL_REGION,0
15346,PSEUDO,3
15347,BIOLOGICAL_REGION,0
15348,snoRNA,8
15349,OTHER,1
15350,PSEUDO,3
15351,PROTEIN_CODING,2
15352,PSEUDO,3
15353,PSEUDO,3
15354,PSEUDO,3
15355,ncRNA,4
15356,BIOLOGICAL_REGION,0
15357,OTHER,1
15358,BIOLOGICAL_REGION,0
15359,ncRNA,4
15360,snoRNA,8
15361,BIOLOGICAL_REGION,0
15362,ncRNA,4
15363,PSEUDO,3
15364,BIOLOGICAL_REGION,0
15365,PSEUDO,3
15366,BIOLOGICAL_REGION,0
15367,BIOLOGICAL_REGION,0
15368,PSEUDO,3
15369,PSEUDO,3
15370,ncRNA,4
15371,PSEUDO,3
15372,BIOLOGICAL_REGION,0
15373,PSEUDO,3
15374,PSEUDO,3
15375,PSEUDO,3
15376,BIOLOGICAL_REGION,0
15377,PSEUDO,3
15378,PSEUDO,3
15379,PSEUDO,3
15380,ncRNA,4
15381,BIOLOGICAL_REGION,0
15382,PSEUDO,3
15383,OTHER,1
15384,BIOLOGICAL_REGION,0
15385,BIOLOGICAL_REGION,0
15386,PSEUDO,3
15387,PSEUDO,3
15388,ncRNA,4
15389,PSEUDO,3
15390,BIOLOGICAL_REGION,0
15391,BIOLOGICAL_REGION,0
15392,BIOLOGICAL_REGION,0
15393,PSEUDO,3
15394,ncRNA,4
15395,PROTEIN_CODING,2
15396,snRNA,7
15397,PSEUDO,3
15398,PSEUDO,3
15399,ncRNA,4
15400,PSEUDO,3
15401,BIOLOGICAL_REGION,0
15402,ncRNA,4
15403,PSEUDO,3
15404,rRNA,5
15405,PSEUDO,3
15406,PSEUDO,3
15407,BIOLOGICAL_REGION,0
15408,BIOLOGICAL_REGION,0
15409,BIOLOGICAL_REGION,0
15410,ncRNA,4
15411,PSEUDO,3
15412,BIOLOGICAL_REGION,0
15413,PSEUDO,3
15414,rRNA,5
15415,snoRNA,8
15416,PSEUDO,3
15417,PSEUDO,3
15418,BIOLOGICAL_REGION,0
15419,PSEUDO,3
15420,BIOLOGICAL_REGION,0
15421,ncRNA,4
15422,PSEUDO,3
15423,PSEUDO,3
15424,PSEUDO,3
15425,PSEUDO,3
15426,snoRNA,8
15427,BIOLOGICAL_REGION,0
15428,BIOLOGICAL_REGION,0
15429,PSEUDO,3
15430,PSEUDO,3
15431,PSEUDO,3
15432,BIOLOGICAL_REGION,0
15433,PSEUDO,3
15434,ncRNA,4
15435,PSEUDO,3
15436,PSEUDO,3
15437,ncRNA,4
15438,PSEUDO,3
15439,BIOLOGICAL_REGION,0
15440,PSEUDO,3
15441,BIOLOGICAL_REGION,0
15442,PSEUDO,3
15443,BIOLOGICAL_REGION,0
15444,ncRNA,4
15445,PSEUDO,3
15446,BIOLOGICAL_REGION,0
15447,PSEUDO,3
15448,PSEUDO,3
15449,BIOLOGICAL_REGION,0
15450,BIOLOGICAL_REGION,0
15451,PSEUDO,3
15452,PSEUDO,3
15453,PSEUDO,3
15454,tRNA,9
15455,PSEUDO,3
15456,BIOLOGICAL_REGION,0
15457,PSEUDO,3
15458,BIOLOGICAL_REGION,0
15459,PSEUDO,3
15460,PSEUDO,3
15461,PSEUDO,3
15462,BIOLOGICAL_REGION,0
15463,PSEUDO,3
15464,snoRNA,8
15465,BIOLOGICAL_REGION,0
15466,PSEUDO,3
15467,rRNA,5
15468,BIOLOGICAL_REGION,0
15469,PSEUDO,3
15470,BIOLOGICAL_REGION,0
15471,ncRNA,4
15472,PSEUDO,3
15473,PSEUDO,3
15474,PSEUDO,3
15475,PSEUDO,3
15476,PSEUDO,3
15477,PSEUDO,3
15478,PSEUDO,3
15479,BIOLOGICAL_REGION,0
15480,BIOLOGICAL_REGION,0
15481,PSEUDO,3
15482,snoRNA,8
15483,PSEUDO,3
15484,PSEUDO,3
15485,BIOLOGICAL_REGION,0
15486,PSEUDO,3
15487,PROTEIN_CODING,2
15488,PROTEIN_CODING,2
15489,PSEUDO,3
15490,PSEUDO,3
15491,PSEUDO,3
15492,PSEUDO,3
15493,snoRNA,8
15494,BIOLOGICAL_REGION,0
15495,PSEUDO,3
15496,PSEUDO,3
15497,PSEUDO,3
15498,PSEUDO,3
15499,ncRNA,4
15500,BIOLOGICAL_REGION,0
15501,snoRNA,8
15502,PROTEIN_CODING,2
15503,BIOLOGICAL_REGION,0
15504,BIOLOGICAL_REGION,0
15505,PSEUDO,3
15506,PSEUDO,3
15507,BIOLOGICAL_REGION,0
15508,PSEUDO,3
15509,snoRNA,8
15510,snoRNA,8
15511,rRNA,5
15512,BIOLOGICAL_REGION,0
15513,ncRNA,4
15514,PSEUDO,3
15515,tRNA,9
15516,BIOLOGICAL_REGION,0
15517,BIOLOGICAL_REGION,0
15518,PSEUDO,3
15519,snoRNA,8
15520,PSEUDO,3
15521,OTHER,1
15522,BIOLOGICAL_REGION,0
15523,snoRNA,8
15524,tRNA,9
15525,BIOLOGICAL_REGION,0
15526,PSEUDO,3
15527,BIOLOGICAL_REGION,0
15528,PSEUDO,3
15529,PSEUDO,3
15530,PSEUDO,3
15531,PSEUDO,3
15532,BIOLOGICAL_REGION,0
15533,BIOLOGICAL_REGION,0
15534,ncRNA,4
15535,rRNA,5
15536,ncRNA,4
15537,BIOLOGICAL_REGION,0
15538,PSEUDO,3
15539,PSEUDO,3
15540,PSEUDO,3
15541,PSEUDO,3
15542,ncRNA,4
15543,BIOLOGICAL_REGION,0
15544,snoRNA,8
15545,ncRNA,4
15546,snoRNA,8
15547,ncRNA,4
15548,BIOLOGICAL_REGION,0
15549,ncRNA,4
15550,PROTEIN_CODING,2
15551,OTHER,1
15552,OTHER,1
15553,ncRNA,4
15554,BIOLOGICAL_REGION,0
15555,PSEUDO,3
15556,BIOLOGICAL_REGION,0
15557,BIOLOGICAL_REGION,0
15558,ncRNA,4
15559,BIOLOGICAL_REGION,0
15560,BIOLOGICAL_REGION,0
15561,PSEUDO,3
15562,PSEUDO,3
15563,BIOLOGICAL_REGION,0
15564,BIOLOGICAL_REGION,0
15565,PSEUDO,3
15566,OTHER,1
15567,PSEUDO,3
15568,PSEUDO,3
15569,tRNA,9
15570,tRNA,9
15571,PSEUDO,3
15572,PSEUDO,3
15573,PSEUDO,3
15574,PSEUDO,3
15575,BIOLOGICAL_REGION,0
15576,PSEUDO,3
15577,ncRNA,4
15578,PSEUDO,3
15579,ncRNA,4
15580,PSEUDO,3
15581,PSEUDO,3
15582,PSEUDO,3
15583,BIOLOGICAL_REGION,0
15584,PSEUDO,3
15585,snoRNA,8
15586,PSEUDO,3
15587,PSEUDO,3
15588,tRNA,9
15589,PSEUDO,3
15590,PSEUDO,3
15591,PSEUDO,3
15592,snoRNA,8
15593,PSEUDO,3
15594,BIOLOGICAL_REGION,0
15595,tRNA,9
15596,BIOLOGICAL_REGION,0
15597,PSEUDO,3
15598,snoRNA,8
15599,PSEUDO,3
15600,PROTEIN_CODING,2
15601,PROTEIN_CODING,2
15602,BIOLOGICAL_REGION,0
15603,PSEUDO,3
15604,snoRNA,8
15605,PSEUDO,3
15606,rRNA,5
15607,snoRNA,8
15608,PSEUDO,3
15609,snRNA,7
15610,BIOLOGICAL_REGION,0
15611,PSEUDO,3
15612,PSEUDO,3
15613,tRNA,9
15614,PSEUDO,3
15615,BIOLOGICAL_REGION,0
15616,PSEUDO,3
15617,PSEUDO,3
15618,BIOLOGICAL_REGION,0
15619,BIOLOGICAL_REGION,0
15620,snoRNA,8
15621,PSEUDO,3
15622,PSEUDO,3
15623,PSEUDO,3
15624,PSEUDO,3
15625,BIOLOGICAL_REGION,0
15626,OTHER,1
15627,PSEUDO,3
15628,PSEUDO,3
15629,OTHER,1
15630,tRNA,9
15631,PSEUDO,3
15632,PROTEIN_CODING,2
15633,BIOLOGICAL_REGION,0
15634,BIOLOGICAL_REGION,0
15635,BIOLOGICAL_REGION,0
15636,PSEUDO,3
15637,BIOLOGICAL_REGION,0
15638,PSEUDO,3
15639,PSEUDO,3
15640,PSEUDO,3
15641,snoRNA,8
15642,PSEUDO,3
15643,BIOLOGICAL_REGION,0
15644,BIOLOGICAL_REGION,0
15645,ncRNA,4
15646,PROTEIN_CODING,2
15647,ncRNA,4
15648,BIOLOGICAL_REGION,0
15649,ncRNA,4
15650,PSEUDO,3
15651,PROTEIN_CODING,2
15652,snoRNA,8
15653,PSEUDO,3
15654,ncRNA,4
15655,tRNA,9
15656,PSEUDO,3
15657,BIOLOGICAL_REGION,0
15658,PSEUDO,3
15659,PSEUDO,3
15660,ncRNA,4
15661,BIOLOGICAL_REGION,0
15662,BIOLOGICAL_REGION,0
15663,BIOLOGICAL_REGION,0
15664,BIOLOGICAL_REGION,0
15665,PSEUDO,3
15666,PSEUDO,3
15667,ncRNA,4
15668,BIOLOGICAL_REGION,0
15669,BIOLOGICAL_REGION,0
15670,PSEUDO,3
15671,PSEUDO,3
15672,BIOLOGICAL_REGION,0
15673,BIOLOGICAL_REGION,0
15674,PSEUDO,3
15675,PSEUDO,3
15676,PSEUDO,3
15677,PSEUDO,3
15678,BIOLOGICAL_REGION,0
15679,ncRNA,4
15680,PSEUDO,3
15681,PSEUDO,3
15682,BIOLOGICAL_REGION,0
15683,PSEUDO,3
15684,ncRNA,4
15685,BIOLOGICAL_REGION,0
15686,BIOLOGICAL_REGION,0
15687,PSEUDO,3
15688,PSEUDO,3
15689,PSEUDO,3
15690,BIOLOGICAL_REGION,0
15691,snoRNA,8
15692,PSEUDO,3
15693,BIOLOGICAL_REGION,0
15694,PSEUDO,3
15695,rRNA,5
15696,BIOLOGICAL_REGION,0
15697,BIOLOGICAL_REGION,0
15698,PSEUDO,3
15699,PSEUDO,3
15700,BIOLOGICAL_REGION,0
15701,rRNA,5
15702,tRNA,9
15703,PSEUDO,3
15704,PSEUDO,3
15705,PSEUDO,3
15706,PSEUDO,3
15707,PSEUDO,3
15708,PSEUDO,3
15709,BIOLOGICAL_REGION,0
15710,PSEUDO,3
15711,BIOLOGICAL_REGION,0
15712,BIOLOGICAL_REGION,0
15713,PSEUDO,3
15714,PSEUDO,3
15715,BIOLOGICAL_REGION,0
15716,BIOLOGICAL_REGION,0
15717,PSEUDO,3
15718,PSEUDO,3
15719,PSEUDO,3
15720,OTHER,1
15721,PSEUDO,3
15722,BIOLOGICAL_REGION,0
15723,ncRNA,4
15724,BIOLOGICAL_REGION,0
15725,ncRNA,4
15726,BIOLOGICAL_REGION,0
15727,PSEUDO,3
15728,PSEUDO,3
15729,PSEUDO,3
15730,BIOLOGICAL_REGION,0
15731,PSEUDO,3
15732,PSEUDO,3
15733,PSEUDO,3
15734,PSEUDO,3
15735,PROTEIN_CODING,2
15736,PSEUDO,3
15737,PSEUDO,3
15738,PSEUDO,3
15739,snRNA,7
15740,BIOLOGICAL_REGION,0
15741,PSEUDO,3
15742,BIOLOGICAL_REGION,0
15743,BIOLOGICAL_REGION,0
15744,PSEUDO,3
15745,BIOLOGICAL_REGION,0
15746,OTHER,1
15747,PSEUDO,3
15748,ncRNA,4
15749,PSEUDO,3
15750,BIOLOGICAL_REGION,0
15751,BIOLOGICAL_REGION,0
15752,PSEUDO,3
15753,PSEUDO,3
15754,BIOLOGICAL_REGION,0
15755,BIOLOGICAL_REGION,0
15756,PSEUDO,3
15757,PSEUDO,3
15758,PSEUDO,3
15759,PSEUDO,3
15760,BIOLOGICAL_REGION,0
15761,ncRNA,4
15762,snoRNA,8
15763,PSEUDO,3
15764,BIOLOGICAL_REGION,0
15765,BIOLOGICAL_REGION,0
15766,PSEUDO,3
15767,PSEUDO,3
15768,snRNA,7
15769,BIOLOGICAL_REGION,0
15770,PSEUDO,3
15771,PSEUDO,3
15772,BIOLOGICAL_REGION,0
15773,BIOLOGICAL_REGION,0
15774,BIOLOGICAL_REGION,0
15775,BIOLOGICAL_REGION,0
15776,PSEUDO,3
15777,BIOLOGICAL_REGION,0
15778,BIOLOGICAL_REGION,0
15779,PSEUDO,3
15780,BIOLOGICAL_REGION,0
15781,snoRNA,8
15782,PSEUDO,3
15783,snoRNA,8
15784,PSEUDO,3
15785,BIOLOGICAL_REGION,0
15786,snoRNA,8
15787,PSEUDO,3
15788,PSEUDO,3
15789,PSEUDO,3
15790,PSEUDO,3
15791,PSEUDO,3
15792,PSEUDO,3
15793,BIOLOGICAL_REGION,0
15794,ncRNA,4
15795,BIOLOGICAL_REGION,0
15796,BIOLOGICAL_REGION,0
15797,BIOLOGICAL_REGION,0
15798,PSEUDO,3
15799,rRNA,5
15800,PSEUDO,3
15801,PSEUDO,3
15802,ncRNA,4
15803,BIOLOGICAL_REGION,0
15804,BIOLOGICAL_REGION,0
15805,PSEUDO,3
15806,ncRNA,4
15807,BIOLOGICAL_REGION,0
15808,BIOLOGICAL_REGION,0
15809,PSEUDO,3
15810,snoRNA,8
15811,PSEUDO,3
15812,BIOLOGICAL_REGION,0
15813,PSEUDO,3
15814,BIOLOGICAL_REGION,0
15815,PSEUDO,3
15816,ncRNA,4
15817,BIOLOGICAL_REGION,0
15818,PSEUDO,3
15819,BIOLOGICAL_REGION,0
15820,ncRNA,4
15821,PSEUDO,3
15822,BIOLOGICAL_REGION,0
15823,PSEUDO,3
15824,PSEUDO,3
15825,rRNA,5
15826,BIOLOGICAL_REGION,0
15827,PSEUDO,3
15828,BIOLOGICAL_REGION,0
15829,BIOLOGICAL_REGION,0
15830,BIOLOGICAL_REGION,0
15831,BIOLOGICAL_REGION,0
15832,PSEUDO,3
15833,ncRNA,4
15834,PSEUDO,3
15835,BIOLOGICAL_REGION,0
15836,BIOLOGICAL_REGION,0
15837,PSEUDO,3
15838,BIOLOGICAL_REGION,0
15839,BIOLOGICAL_REGION,0
15840,PSEUDO,3
15841,snoRNA,8
15842,BIOLOGICAL_REGION,0
15843,PSEUDO,3
15844,PSEUDO,3
15845,ncRNA,4
15846,PSEUDO,3
15847,BIOLOGICAL_REGION,0
15848,PSEUDO,3
15849,BIOLOGICAL_REGION,0
15850,BIOLOGICAL_REGION,0
15851,OTHER,1
15852,ncRNA,4
15853,PSEUDO,3
15854,BIOLOGICAL_REGION,0
15855,PSEUDO,3
15856,PSEUDO,3
15857,PSEUDO,3
15858,PROTEIN_CODING,2
15859,BIOLOGICAL_REGION,0
15860,ncRNA,4
15861,PSEUDO,3
15862,BIOLOGICAL_REGION,0
15863,PSEUDO,3
15864,BIOLOGICAL_REGION,0
15865,BIOLOGICAL_REGION,0
15866,snoRNA,8
15867,PSEUDO,3
15868,BIOLOGICAL_REGION,0
15869,PSEUDO,3
15870,ncRNA,4
15871,PSEUDO,3
15872,ncRNA,4
15873,BIOLOGICAL_REGION,0
15874,ncRNA,4
15875,ncRNA,4
15876,PSEUDO,3
15877,PSEUDO,3
15878,PSEUDO,3
15879,BIOLOGICAL_REGION,0
15880,PSEUDO,3
15881,ncRNA,4
15882,OTHER,1
15883,PSEUDO,3
15884,BIOLOGICAL_REGION,0
15885,PSEUDO,3
15886,PSEUDO,3
15887,PSEUDO,3
15888,PSEUDO,3
15889,PSEUDO,3
15890,BIOLOGICAL_REGION,0
15891,BIOLOGICAL_REGION,0
15892,PSEUDO,3
15893,ncRNA,4
15894,BIOLOGICAL_REGION,0
15895,ncRNA,4
15896,PSEUDO,3
15897,PSEUDO,3
15898,PSEUDO,3
15899,snoRNA,8
15900,BIOLOGICAL_REGION,0
15901,PSEUDO,3
15902,PSEUDO,3
15903,PSEUDO,3
15904,snoRNA,8
15905,PSEUDO,3
15906,BIOLOGICAL_REGION,0
15907,PSEUDO,3
15908,PSEUDO,3
15909,ncRNA,4
15910,PSEUDO,3
15911,BIOLOGICAL_REGION,0
15912,PSEUDO,3
15913,BIOLOGICAL_REGION,0
15914,PSEUDO,3
15915,PSEUDO,3
15916,BIOLOGICAL_REGION,0
15917,PSEUDO,3
15918,PSEUDO,3
15919,PSEUDO,3
15920,PSEUDO,3
15921,PSEUDO,3
15922,BIOLOGICAL_REGION,0
15923,ncRNA,4
15924,PSEUDO,3
15925,PSEUDO,3
15926,BIOLOGICAL_REGION,0
15927,BIOLOGICAL_REGION,0
15928,BIOLOGICAL_REGION,0
15929,PSEUDO,3
15930,ncRNA,4
15931,ncRNA,4
15932,BIOLOGICAL_REGION,0
15933,PSEUDO,3
15934,PSEUDO,3
15935,PSEUDO,3
15936,BIOLOGICAL_REGION,0
15937,ncRNA,4
15938,ncRNA,4
15939,ncRNA,4
15940,ncRNA,4
15941,snoRNA,8
15942,BIOLOGICAL_REGION,0
15943,PSEUDO,3
15944,PSEUDO,3
15945,BIOLOGICAL_REGION,0
15946,BIOLOGICAL_REGION,0
15947,rRNA,5
15948,PSEUDO,3
15949,PSEUDO,3
15950,PSEUDO,3
15951,BIOLOGICAL_REGION,0
15952,ncRNA,4
15953,PSEUDO,3
15954,PSEUDO,3
15955,ncRNA,4
15956,PSEUDO,3
15957,BIOLOGICAL_REGION,0
15958,PSEUDO,3
15959,PSEUDO,3
15960,BIOLOGICAL_REGION,0
15961,BIOLOGICAL_REGION,0
15962,ncRNA,4
15963,BIOLOGICAL_REGION,0
15964,PSEUDO,3
15965,ncRNA,4
15966,PSEUDO,3
15967,BIOLOGICAL_REGION,0
15968,BIOLOGICAL_REGION,0
15969,snRNA,7
15970,ncRNA,4
15971,PSEUDO,3
15972,PSEUDO,3
15973,PSEUDO,3
15974,BIOLOGICAL_REGION,0
15975,PSEUDO,3
15976,ncRNA,4
15977,PSEUDO,3
15978,BIOLOGICAL_REGION,0
15979,PSEUDO,3
15980,PSEUDO,3
15981,PSEUDO,3
15982,ncRNA,4
15983,PSEUDO,3
15984,PSEUDO,3
15985,BIOLOGICAL_REGION,0
15986,BIOLOGICAL_REGION,0
15987,PSEUDO,3
15988,PSEUDO,3
15989,ncRNA,4
15990,PSEUDO,3
15991,PSEUDO,3
15992,PSEUDO,3
15993,PSEUDO,3
15994,PSEUDO,3
15995,PSEUDO,3
15996,PSEUDO,3
15997,PSEUDO,3
15998,snoRNA,8
15999,PSEUDO,3
16000,BIOLOGICAL_REGION,0
16001,BIOLOGICAL_REGION,0
16002,snoRNA,8
16003,BIOLOGICAL_REGION,0
16004,PSEUDO,3
16005,PSEUDO,3
16006,PSEUDO,3
16007,PSEUDO,3
16008,BIOLOGICAL_REGION,0
16009,PSEUDO,3
16010,BIOLOGICAL_REGION,0
16011,PSEUDO,3
16012,PSEUDO,3
16013,OTHER,1
16014,rRNA,5
16015,ncRNA,4
16016,BIOLOGICAL_REGION,0
16017,PSEUDO,3
16018,BIOLOGICAL_REGION,0
16019,PSEUDO,3
16020,PSEUDO,3
16021,PSEUDO,3
16022,PSEUDO,3
16023,PSEUDO,3
16024,PSEUDO,3
16025,PSEUDO,3
16026,PSEUDO,3
16027,PSEUDO,3
16028,PSEUDO,3
16029,PSEUDO,3
16030,ncRNA,4
16031,PSEUDO,3
16032,OTHER,1
16033,PSEUDO,3
16034,PSEUDO,3
16035,PSEUDO,3
16036,snoRNA,8
16037,PSEUDO,3
16038,PROTEIN_CODING,2
16039,PSEUDO,3
16040,PSEUDO,3
16041,PSEUDO,3
16042,BIOLOGICAL_REGION,0
16043,PSEUDO,3
16044,PSEUDO,3
16045,snoRNA,8
16046,PSEUDO,3
16047,ncRNA,4
16048,PSEUDO,3
16049,BIOLOGICAL_REGION,0
16050,ncRNA,4
16051,PSEUDO,3
16052,BIOLOGICAL_REGION,0
16053,BIOLOGICAL_REGION,0
16054,PROTEIN_CODING,2
16055,ncRNA,4
16056,PSEUDO,3
16057,ncRNA,4
16058,PSEUDO,3
16059,PSEUDO,3
16060,snoRNA,8
16061,BIOLOGICAL_REGION,0
16062,BIOLOGICAL_REGION,0
16063,PSEUDO,3
16064,BIOLOGICAL_REGION,0
16065,ncRNA,4
16066,PSEUDO,3
16067,PSEUDO,3
16068,PSEUDO,3
16069,PROTEIN_CODING,2
16070,ncRNA,4
16071,snRNA,7
16072,PSEUDO,3
16073,PSEUDO,3
16074,PSEUDO,3
16075,PSEUDO,3
16076,PSEUDO,3
16077,PSEUDO,3
16078,BIOLOGICAL_REGION,0
16079,PSEUDO,3
16080,PSEUDO,3
16081,PSEUDO,3
16082,PSEUDO,3
16083,BIOLOGICAL_REGION,0
16084,BIOLOGICAL_REGION,0
16085,ncRNA,4
16086,PSEUDO,3
16087,PSEUDO,3
16088,PSEUDO,3
16089,PSEUDO,3
16090,PSEUDO,3
16091,ncRNA,4
16092,PSEUDO,3
16093,PSEUDO,3
16094,snoRNA,8
16095,ncRNA,4
16096,PSEUDO,3
16097,BIOLOGICAL_REGION,0
16098,rRNA,5
16099,BIOLOGICAL_REGION,0
16100,BIOLOGICAL_REGION,0
16101,PSEUDO,3
16102,PSEUDO,3
16103,PSEUDO,3
16104,PSEUDO,3
16105,PSEUDO,3
16106,ncRNA,4
16107,ncRNA,4
16108,tRNA,9
16109,BIOLOGICAL_REGION,0
16110,ncRNA,4
16111,BIOLOGICAL_REGION,0
16112,BIOLOGICAL_REGION,0
16113,snRNA,7
16114,PSEUDO,3
16115,BIOLOGICAL_REGION,0
16116,ncRNA,4
16117,snoRNA,8
16118,PSEUDO,3
16119,PSEUDO,3
16120,BIOLOGICAL_REGION,0
16121,ncRNA,4
16122,BIOLOGICAL_REGION,0
16123,BIOLOGICAL_REGION,0
16124,snoRNA,8
16125,PSEUDO,3
16126,ncRNA,4
16127,PSEUDO,3
16128,snoRNA,8
16129,BIOLOGICAL_REGION,0
16130,PSEUDO,3
16131,PSEUDO,3
16132,BIOLOGICAL_REGION,0
16133,PSEUDO,3
16134,PSEUDO,3
16135,ncRNA,4
16136,BIOLOGICAL_REGION,0
16137,PSEUDO,3
16138,PSEUDO,3
16139,PSEUDO,3
16140,PSEUDO,3
16141,PSEUDO,3
16142,BIOLOGICAL_REGION,0
16143,PSEUDO,3
16144,PSEUDO,3
16145,BIOLOGICAL_REGION,0
16146,snRNA,7
16147,tRNA,9
16148,PSEUDO,3
16149,BIOLOGICAL_REGION,0
16150,ncRNA,4
16151,BIOLOGICAL_REGION,0
16152,BIOLOGICAL_REGION,0
16153,PSEUDO,3
16154,BIOLOGICAL_REGION,0
16155,PSEUDO,3
16156,PSEUDO,3
16157,ncRNA,4
16158,ncRNA,4
16159,ncRNA,4
16160,snoRNA,8
16161,PSEUDO,3
16162,snoRNA,8
16163,PSEUDO,3
16164,PSEUDO,3
16165,PSEUDO,3
16166,BIOLOGICAL_REGION,0
16167,PSEUDO,3
16168,PSEUDO,3
16169,BIOLOGICAL_REGION,0
16170,PSEUDO,3
16171,PSEUDO,3
16172,PSEUDO,3
16173,BIOLOGICAL_REGION,0
16174,PSEUDO,3
16175,PSEUDO,3
16176,ncRNA,4
16177,PSEUDO,3
16178,PSEUDO,3
16179,ncRNA,4
16180,PSEUDO,3
16181,PSEUDO,3
16182,BIOLOGICAL_REGION,0
16183,PSEUDO,3
16184,PSEUDO,3
16185,PSEUDO,3
16186,PSEUDO,3
16187,BIOLOGICAL_REGION,0
16188,PSEUDO,3
16189,tRNA,9
16190,ncRNA,4
16191,PSEUDO,3
16192,BIOLOGICAL_REGION,0
16193,PSEUDO,3
16194,BIOLOGICAL_REGION,0
16195,PSEUDO,3
16196,PSEUDO,3
16197,BIOLOGICAL_REGION,0
16198,BIOLOGICAL_REGION,0
16199,ncRNA,4
16200,snoRNA,8
16201,BIOLOGICAL_REGION,0
16202,BIOLOGICAL_REGION,0
16203,BIOLOGICAL_REGION,0
16204,BIOLOGICAL_REGION,0
16205,PSEUDO,3
16206,PSEUDO,3
16207,ncRNA,4
16208,BIOLOGICAL_REGION,0
16209,PROTEIN_CODING,2
16210,BIOLOGICAL_REGION,0
16211,PSEUDO,3
16212,PSEUDO,3
16213,OTHER,1
16214,ncRNA,4
16215,PSEUDO,3
16216,PSEUDO,3
16217,BIOLOGICAL_REGION,0
16218,PSEUDO,3
16219,PSEUDO,3
16220,PSEUDO,3
16221,ncRNA,4
16222,ncRNA,4
16223,ncRNA,4
16224,PSEUDO,3
16225,BIOLOGICAL_REGION,0
16226,ncRNA,4
16227,BIOLOGICAL_REGION,0
16228,PSEUDO,3
16229,ncRNA,4
16230,PSEUDO,3
16231,PSEUDO,3
16232,BIOLOGICAL_REGION,0
16233,PSEUDO,3
16234,BIOLOGICAL_REGION,0
16235,PSEUDO,3
16236,BIOLOGICAL_REGION,0
16237,PSEUDO,3
16238,BIOLOGICAL_REGION,0
16239,ncRNA,4
16240,snoRNA,8
16241,PSEUDO,3
16242,PSEUDO,3
16243,PSEUDO,3
16244,BIOLOGICAL_REGION,0
16245,PSEUDO,3
16246,BIOLOGICAL_REGION,0
16247,BIOLOGICAL_REGION,0
16248,tRNA,9
16249,BIOLOGICAL_REGION,0
16250,BIOLOGICAL_REGION,0
16251,ncRNA,4
16252,PSEUDO,3
16253,tRNA,9
16254,BIOLOGICAL_REGION,0
16255,BIOLOGICAL_REGION,0
16256,ncRNA,4
16257,PSEUDO,3
16258,PSEUDO,3
16259,PSEUDO,3
16260,PSEUDO,3
16261,BIOLOGICAL_REGION,0
16262,PSEUDO,3
16263,OTHER,1
16264,PSEUDO,3
16265,PROTEIN_CODING,2
16266,ncRNA,4
16267,BIOLOGICAL_REGION,0
16268,snoRNA,8
16269,PROTEIN_CODING,2
16270,PSEUDO,3
16271,BIOLOGICAL_REGION,0
16272,PSEUDO,3
16273,tRNA,9
16274,ncRNA,4
16275,snoRNA,8
16276,OTHER,1
16277,PROTEIN_CODING,2
16278,BIOLOGICAL_REGION,0
16279,BIOLOGICAL_REGION,0
16280,BIOLOGICAL_REGION,0
16281,PSEUDO,3
16282,PSEUDO,3
16283,PSEUDO,3
16284,OTHER,1
16285,ncRNA,4
16286,ncRNA,4
16287,BIOLOGICAL_REGION,0
16288,BIOLOGICAL_REGION,0
16289,PSEUDO,3
16290,snoRNA,8
16291,PSEUDO,3
16292,BIOLOGICAL_REGION,0
16293,BIOLOGICAL_REGION,0
16294,snoRNA,8
16295,BIOLOGICAL_REGION,0
16296,BIOLOGICAL_REGION,0
16297,BIOLOGICAL_REGION,0
16298,BIOLOGICAL_REGION,0
16299,BIOLOGICAL_REGION,0
16300,PSEUDO,3
16301,PSEUDO,3
16302,PSEUDO,3
16303,PSEUDO,3
16304,BIOLOGICAL_REGION,0
16305,BIOLOGICAL_REGION,0
16306,BIOLOGICAL_REGION,0
16307,BIOLOGICAL_REGION,0
16308,snoRNA,8
16309,PSEUDO,3
16310,BIOLOGICAL_REGION,0
16311,PSEUDO,3
16312,ncRNA,4
16313,snoRNA,8
16314,tRNA,9
16315,snRNA,7
16316,BIOLOGICAL_REGION,0
16317,ncRNA,4
16318,ncRNA,4
16319,PSEUDO,3
16320,PSEUDO,3
16321,PSEUDO,3
16322,ncRNA,4
16323,ncRNA,4
16324,PSEUDO,3
16325,PSEUDO,3
16326,BIOLOGICAL_REGION,0
16327,OTHER,1
16328,PSEUDO,3
16329,BIOLOGICAL_REGION,0
16330,BIOLOGICAL_REGION,0
16331,PSEUDO,3
16332,PSEUDO,3
16333,snoRNA,8
16334,PSEUDO,3
16335,snoRNA,8
16336,rRNA,5
16337,PSEUDO,3
16338,OTHER,1
16339,BIOLOGICAL_REGION,0
16340,PSEUDO,3
16341,PSEUDO,3
16342,OTHER,1
16343,PSEUDO,3
16344,BIOLOGICAL_REGION,0
16345,PSEUDO,3
16346,BIOLOGICAL_REGION,0
16347,snoRNA,8
16348,PSEUDO,3
16349,PSEUDO,3
16350,PSEUDO,3
16351,PSEUDO,3
16352,snRNA,7
16353,PSEUDO,3
16354,BIOLOGICAL_REGION,0
16355,PSEUDO,3
16356,PROTEIN_CODING,2
16357,BIOLOGICAL_REGION,0
16358,ncRNA,4
16359,BIOLOGICAL_REGION,0
16360,PSEUDO,3
16361,BIOLOGICAL_REGION,0
16362,BIOLOGICAL_REGION,0
16363,PSEUDO,3
16364,PSEUDO,3
16365,PSEUDO,3
16366,PSEUDO,3
16367,BIOLOGICAL_REGION,0
16368,BIOLOGICAL_REGION,0
16369,BIOLOGICAL_REGION,0
16370,tRNA,9
16371,ncRNA,4
16372,PSEUDO,3
16373,PSEUDO,3
16374,PSEUDO,3
16375,ncRNA,4
16376,BIOLOGICAL_REGION,0
16377,snRNA,7
16378,PSEUDO,3
16379,PSEUDO,3
16380,snoRNA,8
16381,PSEUDO,3
16382,BIOLOGICAL_REGION,0
16383,BIOLOGICAL_REGION,0
16384,snoRNA,8
16385,BIOLOGICAL_REGION,0
16386,PSEUDO,3
16387,BIOLOGICAL_REGION,0
16388,BIOLOGICAL_REGION,0
16389,PSEUDO,3
16390,BIOLOGICAL_REGION,0
16391,PSEUDO,3
16392,PSEUDO,3
16393,PSEUDO,3
16394,PSEUDO,3
16395,snoRNA,8
16396,PSEUDO,3
16397,PSEUDO,3
16398,snoRNA,8
16399,PSEUDO,3
16400,BIOLOGICAL_REGION,0
16401,BIOLOGICAL_REGION,0
16402,BIOLOGICAL_REGION,0
16403,tRNA,9
16404,BIOLOGICAL_REGION,0
16405,BIOLOGICAL_REGION,0
16406,BIOLOGICAL_REGION,0
16407,BIOLOGICAL_REGION,0
16408,PSEUDO,3
16409,PSEUDO,3
16410,PSEUDO,3
16411,PROTEIN_CODING,2
16412,PSEUDO,3
16413,PSEUDO,3
16414,PROTEIN_CODING,2
16415,BIOLOGICAL_REGION,0
16416,tRNA,9
16417,PSEUDO,3
16418,snoRNA,8
16419,BIOLOGICAL_REGION,0
16420,PSEUDO,3
16421,PSEUDO,3
16422,PSEUDO,3
16423,BIOLOGICAL_REGION,0
16424,PSEUDO,3
16425,BIOLOGICAL_REGION,0
16426,BIOLOGICAL_REGION,0
16427,BIOLOGICAL_REGION,0
16428,BIOLOGICAL_REGION,0
16429,tRNA,9
16430,BIOLOGICAL_REGION,0
16431,ncRNA,4
16432,PSEUDO,3
16433,BIOLOGICAL_REGION,0
16434,BIOLOGICAL_REGION,0
16435,PSEUDO,3
16436,OTHER,1
16437,PSEUDO,3
16438,PSEUDO,3
16439,BIOLOGICAL_REGION,0
16440,BIOLOGICAL_REGION,0
16441,PSEUDO,3
16442,PSEUDO,3
16443,OTHER,1
16444,PSEUDO,3
16445,ncRNA,4
16446,PSEUDO,3
16447,ncRNA,4
16448,PSEUDO,3
16449,PSEUDO,3
16450,PSEUDO,3
16451,BIOLOGICAL_REGION,0
16452,PSEUDO,3
16453,snoRNA,8
16454,BIOLOGICAL_REGION,0
16455,PSEUDO,3
16456,PSEUDO,3
16457,BIOLOGICAL_REGION,0
16458,BIOLOGICAL_REGION,0
16459,PSEUDO,3
16460,BIOLOGICAL_REGION,0
16461,BIOLOGICAL_REGION,0
16462,snoRNA,8
16463,BIOLOGICAL_REGION,0
16464,BIOLOGICAL_REGION,0
16465,PSEUDO,3
16466,PSEUDO,3
16467,ncRNA,4
16468,PSEUDO,3
16469,PSEUDO,3
16470,PSEUDO,3
16471,ncRNA,4
16472,BIOLOGICAL_REGION,0
16473,snoRNA,8
16474,tRNA,9
16475,PSEUDO,3
16476,ncRNA,4
16477,PSEUDO,3
16478,PSEUDO,3
16479,BIOLOGICAL_REGION,0
16480,BIOLOGICAL_REGION,0
16481,BIOLOGICAL_REGION,0
16482,PSEUDO,3
16483,PSEUDO,3
16484,PSEUDO,3
16485,BIOLOGICAL_REGION,0
16486,PSEUDO,3
16487,ncRNA,4
16488,BIOLOGICAL_REGION,0
16489,PSEUDO,3
16490,tRNA,9
16491,PSEUDO,3
16492,BIOLOGICAL_REGION,0
16493,PSEUDO,3
16494,PSEUDO,3
16495,BIOLOGICAL_REGION,0
16496,PSEUDO,3
16497,PSEUDO,3
16498,BIOLOGICAL_REGION,0
16499,BIOLOGICAL_REGION,0
16500,ncRNA,4
16501,BIOLOGICAL_REGION,0
16502,PSEUDO,3
16503,tRNA,9
16504,rRNA,5
16505,BIOLOGICAL_REGION,0
16506,PSEUDO,3
16507,PSEUDO,3
16508,PSEUDO,3
16509,PSEUDO,3
16510,BIOLOGICAL_REGION,0
16511,PSEUDO,3
16512,PSEUDO,3
16513,BIOLOGICAL_REGION,0
16514,PSEUDO,3
16515,BIOLOGICAL_REGION,0
16516,PSEUDO,3
16517,PSEUDO,3
16518,PSEUDO,3
16519,BIOLOGICAL_REGION,0
16520,PSEUDO,3
16521,ncRNA,4
16522,BIOLOGICAL_REGION,0
16523,ncRNA,4
16524,ncRNA,4
16525,PSEUDO,3
16526,BIOLOGICAL_REGION,0
16527,BIOLOGICAL_REGION,0
16528,BIOLOGICAL_REGION,0
16529,ncRNA,4
16530,BIOLOGICAL_REGION,0
16531,snRNA,7
16532,BIOLOGICAL_REGION,0
16533,PSEUDO,3
16534,BIOLOGICAL_REGION,0
16535,snRNA,7
16536,PSEUDO,3
16537,BIOLOGICAL_REGION,0
16538,ncRNA,4
16539,PSEUDO,3
16540,PSEUDO,3
16541,PSEUDO,3
16542,PSEUDO,3
16543,PSEUDO,3
16544,PSEUDO,3
16545,BIOLOGICAL_REGION,0
16546,rRNA,5
16547,BIOLOGICAL_REGION,0
16548,PSEUDO,3
16549,ncRNA,4
16550,BIOLOGICAL_REGION,0
16551,BIOLOGICAL_REGION,0
16552,tRNA,9
16553,snoRNA,8
16554,PSEUDO,3
16555,BIOLOGICAL_REGION,0
16556,BIOLOGICAL_REGION,0
16557,PSEUDO,3
16558,PROTEIN_CODING,2
16559,BIOLOGICAL_REGION,0
16560,OTHER,1
16561,PROTEIN_CODING,2
16562,BIOLOGICAL_REGION,0
16563,BIOLOGICAL_REGION,0
16564,PSEUDO,3
16565,BIOLOGICAL_REGION,0
16566,PSEUDO,3
16567,BIOLOGICAL_REGION,0
16568,ncRNA,4
16569,PSEUDO,3
16570,PSEUDO,3
16571,snoRNA,8
16572,PSEUDO,3
16573,snoRNA,8
16574,ncRNA,4
16575,BIOLOGICAL_REGION,0
16576,OTHER,1
16577,snoRNA,8
16578,PSEUDO,3
16579,PSEUDO,3
16580,PSEUDO,3
16581,snoRNA,8
16582,OTHER,1
16583,PSEUDO,3
16584,BIOLOGICAL_REGION,0
16585,PSEUDO,3
16586,BIOLOGICAL_REGION,0
16587,PSEUDO,3
16588,PSEUDO,3
16589,BIOLOGICAL_REGION,0
16590,rRNA,5
16591,BIOLOGICAL_REGION,0
16592,BIOLOGICAL_REGION,0
16593,ncRNA,4
16594,PSEUDO,3
16595,BIOLOGICAL_REGION,0
16596,PSEUDO,3
16597,snoRNA,8
16598,PSEUDO,3
16599,ncRNA,4
16600,PSEUDO,3
16601,snoRNA,8
16602,PSEUDO,3
16603,PSEUDO,3
16604,BIOLOGICAL_REGION,0
16605,BIOLOGICAL_REGION,0
16606,PSEUDO,3
16607,PSEUDO,3
16608,BIOLOGICAL_REGION,0
16609,PSEUDO,3
16610,PSEUDO,3
16611,PSEUDO,3
16612,BIOLOGICAL_REGION,0
16613,PROTEIN_CODING,2
16614,ncRNA,4
16615,PSEUDO,3
16616,ncRNA,4
16617,tRNA,9
16618,BIOLOGICAL_REGION,0
16619,PSEUDO,3
16620,PSEUDO,3
16621,PSEUDO,3
16622,ncRNA,4
16623,PSEUDO,3
16624,PSEUDO,3
16625,PSEUDO,3
16626,ncRNA,4
16627,PSEUDO,3
16628,PSEUDO,3
16629,BIOLOGICAL_REGION,0
16630,BIOLOGICAL_REGION,0
16631,PSEUDO,3
16632,PSEUDO,3
16633,ncRNA,4
16634,PSEUDO,3
16635,PSEUDO,3
16636,PSEUDO,3
16637,PSEUDO,3
16638,BIOLOGICAL_REGION,0
16639,snoRNA,8
16640,PROTEIN_CODING,2
16641,PSEUDO,3
16642,PSEUDO,3
16643,BIOLOGICAL_REGION,0
16644,tRNA,9
16645,BIOLOGICAL_REGION,0
16646,PSEUDO,3
16647,PSEUDO,3
16648,PSEUDO,3
16649,ncRNA,4
16650,BIOLOGICAL_REGION,0
16651,BIOLOGICAL_REGION,0
16652,PSEUDO,3
16653,PSEUDO,3
16654,PSEUDO,3
16655,ncRNA,4
16656,tRNA,9
16657,PSEUDO,3
16658,PSEUDO,3
16659,ncRNA,4
16660,PSEUDO,3
16661,PSEUDO,3
16662,PSEUDO,3
16663,BIOLOGICAL_REGION,0
16664,PSEUDO,3
16665,BIOLOGICAL_REGION,0
16666,PSEUDO,3
16667,PSEUDO,3
16668,ncRNA,4
16669,ncRNA,4
16670,PSEUDO,3
16671,BIOLOGICAL_REGION,0
16672,ncRNA,4
16673,PSEUDO,3
16674,snRNA,7
16675,PSEUDO,3
16676,tRNA,9
16677,ncRNA,4
16678,snoRNA,8
16679,BIOLOGICAL_REGION,0
16680,PSEUDO,3
16681,BIOLOGICAL_REGION,0
16682,PSEUDO,3
16683,rRNA,5
16684,BIOLOGICAL_REGION,0
16685,PSEUDO,3
16686,snoRNA,8
16687,BIOLOGICAL_REGION,0
16688,snoRNA,8
16689,ncRNA,4
16690,BIOLOGICAL_REGION,0
16691,BIOLOGICAL_REGION,0
16692,PSEUDO,3
16693,BIOLOGICAL_REGION,0
16694,ncRNA,4
16695,BIOLOGICAL_REGION,0
16696,ncRNA,4
16697,PSEUDO,3
16698,PROTEIN_CODING,2
16699,PSEUDO,3
16700,OTHER,1
16701,PSEUDO,3
16702,ncRNA,4
16703,snoRNA,8
16704,PSEUDO,3
16705,PSEUDO,3
16706,PSEUDO,3
16707,OTHER,1
16708,BIOLOGICAL_REGION,0
16709,BIOLOGICAL_REGION,0
16710,ncRNA,4
16711,ncRNA,4
16712,BIOLOGICAL_REGION,0
16713,PSEUDO,3
16714,BIOLOGICAL_REGION,0
16715,ncRNA,4
16716,PSEUDO,3
16717,PSEUDO,3
16718,PSEUDO,3
16719,PSEUDO,3
16720,PSEUDO,3
16721,PSEUDO,3
16722,PSEUDO,3
16723,BIOLOGICAL_REGION,0
16724,BIOLOGICAL_REGION,0
16725,PSEUDO,3
16726,BIOLOGICAL_REGION,0
16727,BIOLOGICAL_REGION,0
16728,PSEUDO,3
16729,PSEUDO,3
16730,PSEUDO,3
16731,PSEUDO,3
16732,BIOLOGICAL_REGION,0
16733,PSEUDO,3
16734,ncRNA,4
16735,PSEUDO,3
16736,BIOLOGICAL_REGION,0
16737,BIOLOGICAL_REGION,0
16738,PSEUDO,3
16739,PSEUDO,3
16740,PSEUDO,3
16741,PSEUDO,3
16742,BIOLOGICAL_REGION,0
16743,BIOLOGICAL_REGION,0
16744,PSEUDO,3
16745,tRNA,9
16746,OTHER,1
16747,ncRNA,4
16748,PSEUDO,3
16749,PSEUDO,3
16750,PSEUDO,3
16751,PSEUDO,3
16752,PSEUDO,3
16753,BIOLOGICAL_REGION,0
16754,PSEUDO,3
16755,BIOLOGICAL_REGION,0
16756,snoRNA,8
16757,BIOLOGICAL_REGION,0
16758,ncRNA,4
16759,BIOLOGICAL_REGION,0
16760,PSEUDO,3
16761,ncRNA,4
16762,BIOLOGICAL_REGION,0
16763,BIOLOGICAL_REGION,0
16764,PSEUDO,3
16765,ncRNA,4
16766,PSEUDO,3
16767,PSEUDO,3
16768,ncRNA,4
16769,PROTEIN_CODING,2
16770,BIOLOGICAL_REGION,0
16771,PSEUDO,3
16772,BIOLOGICAL_REGION,0
16773,PSEUDO,3
16774,BIOLOGICAL_REGION,0
16775,PSEUDO,3
16776,ncRNA,4
16777,BIOLOGICAL_REGION,0
16778,ncRNA,4
16779,BIOLOGICAL_REGION,0
16780,PSEUDO,3
16781,ncRNA,4
16782,BIOLOGICAL_REGION,0
16783,ncRNA,4
16784,BIOLOGICAL_REGION,0
16785,BIOLOGICAL_REGION,0
16786,snoRNA,8
16787,BIOLOGICAL_REGION,0
16788,BIOLOGICAL_REGION,0
16789,ncRNA,4
16790,BIOLOGICAL_REGION,0
16791,ncRNA,4
16792,PSEUDO,3
16793,BIOLOGICAL_REGION,0
16794,PSEUDO,3
16795,PSEUDO,3
16796,BIOLOGICAL_REGION,0
16797,ncRNA,4
16798,OTHER,1
16799,PSEUDO,3
16800,PSEUDO,3
16801,PSEUDO,3
16802,rRNA,5
16803,BIOLOGICAL_REGION,0
16804,PSEUDO,3
16805,snoRNA,8
16806,PSEUDO,3
16807,ncRNA,4
16808,BIOLOGICAL_REGION,0
16809,snRNA,7
16810,PSEUDO,3
16811,PSEUDO,3
16812,BIOLOGICAL_REGION,0
16813,PSEUDO,3
16814,rRNA,5
16815,PSEUDO,3
16816,PSEUDO,3
16817,BIOLOGICAL_REGION,0
16818,PSEUDO,3
16819,PSEUDO,3
16820,BIOLOGICAL_REGION,0
16821,PSEUDO,3
16822,PSEUDO,3
16823,PSEUDO,3
16824,ncRNA,4
16825,PSEUDO,3
16826,BIOLOGICAL_REGION,0
16827,BIOLOGICAL_REGION,0
16828,PSEUDO,3
16829,BIOLOGICAL_REGION,0
16830,ncRNA,4
16831,PSEUDO,3
16832,PSEUDO,3
16833,PSEUDO,3
16834,PSEUDO,3
16835,BIOLOGICAL_REGION,0
16836,PSEUDO,3
16837,BIOLOGICAL_REGION,0
16838,ncRNA,4
16839,ncRNA,4
16840,BIOLOGICAL_REGION,0
16841,PSEUDO,3
16842,PSEUDO,3
16843,ncRNA,4
16844,PSEUDO,3
16845,BIOLOGICAL_REGION,0
16846,BIOLOGICAL_REGION,0
16847,PSEUDO,3
16848,BIOLOGICAL_REGION,0
16849,BIOLOGICAL_REGION,0
16850,ncRNA,4
16851,PSEUDO,3
16852,PSEUDO,3
16853,PSEUDO,3
16854,BIOLOGICAL_REGION,0
16855,PSEUDO,3
16856,PSEUDO,3
16857,BIOLOGICAL_REGION,0
16858,ncRNA,4
16859,BIOLOGICAL_REGION,0
16860,BIOLOGICAL_REGION,0
16861,PSEUDO,3
16862,PSEUDO,3
16863,PSEUDO,3
16864,tRNA,9
16865,ncRNA,4
16866,ncRNA,4
16867,PSEUDO,3
16868,PSEUDO,3
16869,PSEUDO,3
16870,PSEUDO,3
16871,BIOLOGICAL_REGION,0
16872,ncRNA,4
16873,BIOLOGICAL_REGION,0
16874,ncRNA,4
16875,ncRNA,4
16876,PSEUDO,3
16877,PSEUDO,3
16878,BIOLOGICAL_REGION,0
16879,snoRNA,8
16880,PSEUDO,3
16881,BIOLOGICAL_REGION,0
16882,BIOLOGICAL_REGION,0
16883,PSEUDO,3
16884,BIOLOGICAL_REGION,0
16885,PSEUDO,3
16886,PSEUDO,3
16887,snoRNA,8
16888,PSEUDO,3
16889,PSEUDO,3
16890,PSEUDO,3
16891,rRNA,5
16892,ncRNA,4
16893,PSEUDO,3
16894,PROTEIN_CODING,2
16895,PSEUDO,3
16896,tRNA,9
16897,PSEUDO,3
16898,BIOLOGICAL_REGION,0
16899,PSEUDO,3
16900,BIOLOGICAL_REGION,0
16901,BIOLOGICAL_REGION,0
16902,PSEUDO,3
16903,BIOLOGICAL_REGION,0
16904,BIOLOGICAL_REGION,0
16905,snoRNA,8
16906,BIOLOGICAL_REGION,0
16907,BIOLOGICAL_REGION,0
16908,tRNA,9
16909,PSEUDO,3
16910,ncRNA,4
16911,ncRNA,4
16912,PSEUDO,3
16913,PSEUDO,3
16914,snoRNA,8
16915,PROTEIN_CODING,2
16916,PSEUDO,3
16917,PSEUDO,3
16918,PSEUDO,3
16919,BIOLOGICAL_REGION,0
16920,snRNA,7
16921,PROTEIN_CODING,2
16922,PSEUDO,3
16923,PSEUDO,3
16924,snRNA,7
16925,snoRNA,8
16926,BIOLOGICAL_REGION,0
16927,PSEUDO,3
16928,BIOLOGICAL_REGION,0
16929,PSEUDO,3
16930,snoRNA,8
16931,ncRNA,4
16932,BIOLOGICAL_REGION,0
16933,PSEUDO,3
16934,PSEUDO,3
16935,PSEUDO,3
16936,ncRNA,4
16937,PSEUDO,3
16938,BIOLOGICAL_REGION,0
16939,PSEUDO,3
16940,PSEUDO,3
16941,PSEUDO,3
16942,snoRNA,8
16943,BIOLOGICAL_REGION,0
16944,PSEUDO,3
16945,PSEUDO,3
16946,PSEUDO,3
16947,PSEUDO,3
16948,BIOLOGICAL_REGION,0
16949,ncRNA,4
16950,PSEUDO,3
16951,BIOLOGICAL_REGION,0
16952,BIOLOGICAL_REGION,0
16953,ncRNA,4
16954,PSEUDO,3
16955,snoRNA,8
16956,PSEUDO,3
16957,PSEUDO,3
16958,BIOLOGICAL_REGION,0
16959,BIOLOGICAL_REGION,0
16960,BIOLOGICAL_REGION,0
16961,PSEUDO,3
16962,BIOLOGICAL_REGION,0
16963,BIOLOGICAL_REGION,0
16964,PSEUDO,3
16965,BIOLOGICAL_REGION,0
16966,PSEUDO,3
16967,ncRNA,4
16968,BIOLOGICAL_REGION,0
16969,BIOLOGICAL_REGION,0
16970,PSEUDO,3
16971,PSEUDO,3
16972,BIOLOGICAL_REGION,0
16973,ncRNA,4
16974,PSEUDO,3
16975,ncRNA,4
16976,PSEUDO,3
16977,ncRNA,4
16978,PSEUDO,3
16979,PSEUDO,3
16980,BIOLOGICAL_REGION,0
16981,BIOLOGICAL_REGION,0
16982,PSEUDO,3
16983,PROTEIN_CODING,2
16984,snoRNA,8
16985,PSEUDO,3
16986,BIOLOGICAL_REGION,0
16987,PSEUDO,3
16988,rRNA,5
16989,PSEUDO,3
16990,PSEUDO,3
16991,ncRNA,4
16992,PSEUDO,3
16993,BIOLOGICAL_REGION,0
16994,PSEUDO,3
16995,BIOLOGICAL_REGION,0
16996,PSEUDO,3
16997,BIOLOGICAL_REGION,0
16998,PSEUDO,3
16999,ncRNA,4
17000,BIOLOGICAL_REGION,0
17001,PSEUDO,3
17002,BIOLOGICAL_REGION,0
17003,PSEUDO,3
17004,ncRNA,4
17005,BIOLOGICAL_REGION,0
17006,BIOLOGICAL_REGION,0
17007,BIOLOGICAL_REGION,0
17008,BIOLOGICAL_REGION,0
17009,PSEUDO,3
17010,PSEUDO,3
17011,snoRNA,8
17012,BIOLOGICAL_REGION,0
17013,ncRNA,4
17014,BIOLOGICAL_REGION,0
17015,ncRNA,4
17016,BIOLOGICAL_REGION,0
17017,PSEUDO,3
17018,ncRNA,4
17019,PSEUDO,3
17020,snRNA,7
17021,ncRNA,4
17022,BIOLOGICAL_REGION,0
17023,BIOLOGICAL_REGION,0
17024,BIOLOGICAL_REGION,0
17025,PSEUDO,3
17026,BIOLOGICAL_REGION,0
17027,OTHER,1
17028,PROTEIN_CODING,2
17029,BIOLOGICAL_REGION,0
17030,PSEUDO,3
17031,PSEUDO,3
17032,snoRNA,8
17033,ncRNA,4
17034,OTHER,1
17035,ncRNA,4
17036,BIOLOGICAL_REGION,0
17037,BIOLOGICAL_REGION,0
17038,PSEUDO,3
17039,BIOLOGICAL_REGION,0
17040,PSEUDO,3
17041,BIOLOGICAL_REGION,0
17042,PSEUDO,3
17043,BIOLOGICAL_REGION,0
17044,snoRNA,8
17045,PROTEIN_CODING,2
17046,BIOLOGICAL_REGION,0
17047,BIOLOGICAL_REGION,0
17048,PSEUDO,3
17049,PSEUDO,3
17050,snoRNA,8
17051,ncRNA,4
17052,PROTEIN_CODING,2
17053,BIOLOGICAL_REGION,0
17054,PSEUDO,3
17055,PSEUDO,3
17056,PSEUDO,3
17057,PSEUDO,3
17058,BIOLOGICAL_REGION,0
17059,PSEUDO,3
17060,ncRNA,4
17061,ncRNA,4
17062,PSEUDO,3
17063,BIOLOGICAL_REGION,0
17064,BIOLOGICAL_REGION,0
17065,ncRNA,4
17066,PSEUDO,3
17067,PSEUDO,3
17068,OTHER,1
17069,tRNA,9
17070,BIOLOGICAL_REGION,0
17071,PSEUDO,3
17072,PSEUDO,3
17073,ncRNA,4
17074,snoRNA,8
17075,ncRNA,4
17076,BIOLOGICAL_REGION,0
17077,PSEUDO,3
17078,PSEUDO,3
17079,BIOLOGICAL_REGION,0
17080,ncRNA,4
17081,BIOLOGICAL_REGION,0
17082,PSEUDO,3
17083,PSEUDO,3
17084,PSEUDO,3
17085,PSEUDO,3
17086,BIOLOGICAL_REGION,0
17087,PSEUDO,3
17088,OTHER,1
17089,ncRNA,4
17090,PSEUDO,3
17091,rRNA,5
17092,PSEUDO,3
17093,PSEUDO,3
17094,ncRNA,4
17095,PSEUDO,3
17096,PSEUDO,3
17097,BIOLOGICAL_REGION,0
17098,PSEUDO,3
17099,PSEUDO,3
17100,ncRNA,4
17101,ncRNA,4
17102,PSEUDO,3
17103,PSEUDO,3
17104,ncRNA,4
17105,ncRNA,4
17106,BIOLOGICAL_REGION,0
17107,OTHER,1
17108,PSEUDO,3
17109,PSEUDO,3
17110,PSEUDO,3
17111,ncRNA,4
17112,PSEUDO,3
17113,ncRNA,4
17114,PSEUDO,3
17115,PSEUDO,3
17116,snoRNA,8
17117,PSEUDO,3
17118,BIOLOGICAL_REGION,0
17119,PSEUDO,3
17120,PSEUDO,3
17121,PSEUDO,3
17122,PSEUDO,3
17123,BIOLOGICAL_REGION,0
17124,BIOLOGICAL_REGION,0
17125,BIOLOGICAL_REGION,0
17126,BIOLOGICAL_REGION,0
17127,tRNA,9
17128,PSEUDO,3
17129,BIOLOGICAL_REGION,0
17130,PSEUDO,3
17131,ncRNA,4
17132,ncRNA,4
17133,BIOLOGICAL_REGION,0
17134,ncRNA,4
17135,PSEUDO,3
17136,tRNA,9
17137,PSEUDO,3
17138,PSEUDO,3
17139,PSEUDO,3
17140,ncRNA,4
17141,PSEUDO,3
17142,BIOLOGICAL_REGION,0
17143,PROTEIN_CODING,2
17144,PSEUDO,3
17145,PSEUDO,3
17146,PSEUDO,3
17147,PSEUDO,3
17148,PSEUDO,3
17149,OTHER,1
17150,BIOLOGICAL_REGION,0
17151,PSEUDO,3
17152,PSEUDO,3
17153,BIOLOGICAL_REGION,0
17154,rRNA,5
17155,PSEUDO,3
17156,PSEUDO,3
17157,BIOLOGICAL_REGION,0
17158,PSEUDO,3
17159,BIOLOGICAL_REGION,0
17160,ncRNA,4
17161,snoRNA,8
17162,BIOLOGICAL_REGION,0
17163,ncRNA,4
17164,BIOLOGICAL_REGION,0
17165,ncRNA,4
17166,PSEUDO,3
17167,ncRNA,4
17168,PSEUDO,3
17169,PSEUDO,3
17170,PSEUDO,3
17171,BIOLOGICAL_REGION,0
17172,PSEUDO,3
17173,PSEUDO,3
17174,PSEUDO,3
17175,BIOLOGICAL_REGION,0
17176,BIOLOGICAL_REGION,0
17177,PSEUDO,3
17178,PSEUDO,3
17179,BIOLOGICAL_REGION,0
17180,PSEUDO,3
17181,snoRNA,8
17182,ncRNA,4
17183,BIOLOGICAL_REGION,0
17184,PSEUDO,3
17185,PSEUDO,3
17186,PSEUDO,3
17187,ncRNA,4
17188,PSEUDO,3
17189,PSEUDO,3
17190,ncRNA,4
17191,snoRNA,8
17192,BIOLOGICAL_REGION,0
17193,BIOLOGICAL_REGION,0
17194,BIOLOGICAL_REGION,0
17195,PSEUDO,3
17196,PSEUDO,3
17197,BIOLOGICAL_REGION,0
17198,PSEUDO,3
17199,BIOLOGICAL_REGION,0
17200,ncRNA,4
17201,BIOLOGICAL_REGION,0
17202,snoRNA,8
17203,BIOLOGICAL_REGION,0
17204,ncRNA,4
17205,PSEUDO,3
17206,PSEUDO,3
17207,BIOLOGICAL_REGION,0
17208,PSEUDO,3
17209,ncRNA,4
17210,snoRNA,8
17211,rRNA,5
17212,BIOLOGICAL_REGION,0
17213,PSEUDO,3
17214,PSEUDO,3
17215,ncRNA,4
17216,PSEUDO,3
17217,BIOLOGICAL_REGION,0
17218,PSEUDO,3
17219,tRNA,9
17220,PSEUDO,3
17221,ncRNA,4
17222,PSEUDO,3
17223,snoRNA,8
17224,ncRNA,4
17225,PSEUDO,3
17226,PSEUDO,3
17227,snRNA,7
17228,BIOLOGICAL_REGION,0
17229,BIOLOGICAL_REGION,0
17230,BIOLOGICAL_REGION,0
17231,BIOLOGICAL_REGION,0
17232,PSEUDO,3
17233,PSEUDO,3
17234,BIOLOGICAL_REGION,0
17235,PSEUDO,3
17236,BIOLOGICAL_REGION,0
17237,rRNA,5
17238,BIOLOGICAL_REGION,0
17239,PSEUDO,3
17240,PSEUDO,3
17241,PSEUDO,3
17242,PSEUDO,3
17243,PSEUDO,3
17244,PSEUDO,3
17245,BIOLOGICAL_REGION,0
17246,PSEUDO,3
17247,PSEUDO,3
17248,tRNA,9
17249,PSEUDO,3
17250,PSEUDO,3
17251,PSEUDO,3
17252,PSEUDO,3
17253,PSEUDO,3
17254,BIOLOGICAL_REGION,0
17255,BIOLOGICAL_REGION,0
17256,PROTEIN_CODING,2
17257,tRNA,9
17258,BIOLOGICAL_REGION,0
17259,tRNA,9
17260,BIOLOGICAL_REGION,0
17261,snoRNA,8
17262,PSEUDO,3
17263,BIOLOGICAL_REGION,0
17264,BIOLOGICAL_REGION,0
17265,BIOLOGICAL_REGION,0
17266,BIOLOGICAL_REGION,0
17267,BIOLOGICAL_REGION,0
17268,PSEUDO,3
17269,BIOLOGICAL_REGION,0
17270,ncRNA,4
17271,ncRNA,4
17272,BIOLOGICAL_REGION,0
17273,BIOLOGICAL_REGION,0
17274,PSEUDO,3
17275,PSEUDO,3
17276,PSEUDO,3
17277,BIOLOGICAL_REGION,0
17278,snoRNA,8
17279,PSEUDO,3
17280,BIOLOGICAL_REGION,0
17281,PSEUDO,3
17282,BIOLOGICAL_REGION,0
17283,PSEUDO,3
17284,BIOLOGICAL_REGION,0
17285,PSEUDO,3
17286,ncRNA,4
17287,PSEUDO,3
17288,PSEUDO,3
17289,PSEUDO,3
17290,snoRNA,8
17291,BIOLOGICAL_REGION,0
17292,BIOLOGICAL_REGION,0
17293,BIOLOGICAL_REGION,0
17294,ncRNA,4
17295,PROTEIN_CODING,2
17296,PROTEIN_CODING,2
17297,snoRNA,8
17298,BIOLOGICAL_REGION,0
17299,snRNA,7
17300,ncRNA,4
17301,BIOLOGICAL_REGION,0
17302,PSEUDO,3
17303,BIOLOGICAL_REGION,0
17304,ncRNA,4
17305,PSEUDO,3
17306,BIOLOGICAL_REGION,0
17307,BIOLOGICAL_REGION,0
17308,PSEUDO,3
17309,BIOLOGICAL_REGION,0
17310,PSEUDO,3
17311,PSEUDO,3
17312,BIOLOGICAL_REGION,0
17313,BIOLOGICAL_REGION,0
17314,BIOLOGICAL_REGION,0
17315,PSEUDO,3
17316,PSEUDO,3
17317,PSEUDO,3
17318,PSEUDO,3
17319,PSEUDO,3
17320,BIOLOGICAL_REGION,0
17321,PSEUDO,3
17322,PSEUDO,3
17323,PSEUDO,3
17324,BIOLOGICAL_REGION,0
17325,PSEUDO,3
17326,PSEUDO,3
17327,BIOLOGICAL_REGION,0
17328,PSEUDO,3
17329,PSEUDO,3
17330,PSEUDO,3
17331,BIOLOGICAL_REGION,0
17332,PSEUDO,3
17333,BIOLOGICAL_REGION,0
17334,PSEUDO,3
17335,OTHER,1
17336,PSEUDO,3
17337,PSEUDO,3
17338,PSEUDO,3
17339,snoRNA,8
17340,PSEUDO,3
17341,PSEUDO,3
17342,BIOLOGICAL_REGION,0
17343,snoRNA,8
17344,BIOLOGICAL_REGION,0
17345,ncRNA,4
17346,BIOLOGICAL_REGION,0
17347,PSEUDO,3
17348,PSEUDO,3
17349,BIOLOGICAL_REGION,0
17350,PSEUDO,3
17351,ncRNA,4
17352,PSEUDO,3
17353,PSEUDO,3
17354,BIOLOGICAL_REGION,0
17355,PROTEIN_CODING,2
17356,BIOLOGICAL_REGION,0
17357,ncRNA,4
17358,PSEUDO,3
17359,ncRNA,4
17360,tRNA,9
17361,PSEUDO,3
17362,PSEUDO,3
17363,BIOLOGICAL_REGION,0
17364,PSEUDO,3
17365,snoRNA,8
17366,PSEUDO,3
17367,snoRNA,8
17368,ncRNA,4
17369,PSEUDO,3
17370,PSEUDO,3
17371,BIOLOGICAL_REGION,0
17372,PSEUDO,3
17373,PSEUDO,3
17374,PSEUDO,3
17375,PSEUDO,3
17376,PSEUDO,3
17377,PSEUDO,3
17378,ncRNA,4
17379,snoRNA,8
17380,ncRNA,4
17381,PSEUDO,3
17382,PSEUDO,3
17383,PSEUDO,3
17384,PSEUDO,3
17385,ncRNA,4
17386,BIOLOGICAL_REGION,0
17387,BIOLOGICAL_REGION,0
17388,BIOLOGICAL_REGION,0
17389,PSEUDO,3
17390,ncRNA,4
17391,BIOLOGICAL_REGION,0
17392,ncRNA,4
17393,ncRNA,4
17394,ncRNA,4
17395,PSEUDO,3
17396,BIOLOGICAL_REGION,0
17397,BIOLOGICAL_REGION,0
17398,snoRNA,8
17399,BIOLOGICAL_REGION,0
17400,PSEUDO,3
17401,BIOLOGICAL_REGION,0
17402,PSEUDO,3
17403,PSEUDO,3
17404,ncRNA,4
17405,PSEUDO,3
17406,ncRNA,4
17407,PSEUDO,3
17408,PSEUDO,3
17409,BIOLOGICAL_REGION,0
17410,PSEUDO,3
17411,BIOLOGICAL_REGION,0
17412,ncRNA,4
17413,PSEUDO,3
17414,PSEUDO,3
17415,ncRNA,4
17416,BIOLOGICAL_REGION,0
17417,PSEUDO,3
17418,PSEUDO,3
17419,ncRNA,4
17420,rRNA,5
17421,BIOLOGICAL_REGION,0
17422,PSEUDO,3
17423,PSEUDO,3
17424,PSEUDO,3
17425,ncRNA,4
17426,PSEUDO,3
17427,PSEUDO,3
17428,ncRNA,4
17429,tRNA,9
17430,PSEUDO,3
17431,PSEUDO,3
17432,ncRNA,4
17433,BIOLOGICAL_REGION,0
17434,ncRNA,4
17435,PROTEIN_CODING,2
17436,ncRNA,4
17437,BIOLOGICAL_REGION,0
17438,PSEUDO,3
17439,ncRNA,4
17440,PROTEIN_CODING,2
17441,PSEUDO,3
17442,PSEUDO,3
17443,PSEUDO,3
17444,PSEUDO,3
17445,ncRNA,4
17446,PSEUDO,3
17447,PSEUDO,3
17448,snoRNA,8
17449,PROTEIN_CODING,2
17450,PSEUDO,3
17451,tRNA,9
17452,PSEUDO,3
17453,OTHER,1
17454,PSEUDO,3
17455,ncRNA,4
17456,BIOLOGICAL_REGION,0
17457,BIOLOGICAL_REGION,0
17458,BIOLOGICAL_REGION,0
17459,BIOLOGICAL_REGION,0
17460,ncRNA,4
17461,PSEUDO,3
17462,BIOLOGICAL_REGION,0
17463,PSEUDO,3
17464,BIOLOGICAL_REGION,0
17465,BIOLOGICAL_REGION,0
17466,PSEUDO,3
17467,PSEUDO,3
17468,ncRNA,4
17469,PROTEIN_CODING,2
17470,PROTEIN_CODING,2
17471,BIOLOGICAL_REGION,0
17472,BIOLOGICAL_REGION,0
17473,PSEUDO,3
17474,BIOLOGICAL_REGION,0
17475,PSEUDO,3
17476,PSEUDO,3
17477,PSEUDO,3
17478,PSEUDO,3
17479,PSEUDO,3
17480,PSEUDO,3
17481,BIOLOGICAL_REGION,0
17482,PSEUDO,3
17483,ncRNA,4
17484,BIOLOGICAL_REGION,0
17485,snoRNA,8
17486,ncRNA,4
17487,PSEUDO,3
17488,PSEUDO,3
17489,PSEUDO,3
17490,PSEUDO,3
17491,OTHER,1
17492,ncRNA,4
17493,OTHER,1
17494,PSEUDO,3
17495,PSEUDO,3
17496,PSEUDO,3
17497,PSEUDO,3
17498,snoRNA,8
17499,PSEUDO,3
17500,ncRNA,4
17501,BIOLOGICAL_REGION,0
17502,PSEUDO,3
17503,ncRNA,4
17504,BIOLOGICAL_REGION,0
17505,PSEUDO,3
17506,snoRNA,8
17507,BIOLOGICAL_REGION,0
17508,BIOLOGICAL_REGION,0
17509,BIOLOGICAL_REGION,0
17510,OTHER,1
17511,PSEUDO,3
17512,PSEUDO,3
17513,BIOLOGICAL_REGION,0
17514,ncRNA,4
17515,BIOLOGICAL_REGION,0
17516,ncRNA,4
17517,BIOLOGICAL_REGION,0
17518,ncRNA,4
17519,PSEUDO,3
17520,PSEUDO,3
17521,PSEUDO,3
17522,PSEUDO,3
17523,PSEUDO,3
17524,PSEUDO,3
17525,OTHER,1
17526,PSEUDO,3
17527,PSEUDO,3
17528,BIOLOGICAL_REGION,0
17529,BIOLOGICAL_REGION,0
17530,OTHER,1
17531,BIOLOGICAL_REGION,0
17532,PSEUDO,3
17533,BIOLOGICAL_REGION,0
17534,PSEUDO,3
17535,ncRNA,4
17536,snRNA,7
17537,PSEUDO,3
17538,PSEUDO,3
17539,PSEUDO,3
17540,BIOLOGICAL_REGION,0
17541,PSEUDO,3
17542,PSEUDO,3
17543,ncRNA,4
17544,BIOLOGICAL_REGION,0
17545,PSEUDO,3
17546,PSEUDO,3
17547,ncRNA,4
17548,PSEUDO,3
17549,PSEUDO,3
17550,PSEUDO,3
17551,BIOLOGICAL_REGION,0
17552,PSEUDO,3
17553,ncRNA,4
17554,snoRNA,8
17555,BIOLOGICAL_REGION,0
17556,PSEUDO,3
17557,BIOLOGICAL_REGION,0
17558,PSEUDO,3
17559,BIOLOGICAL_REGION,0
17560,OTHER,1
17561,PSEUDO,3
17562,ncRNA,4
17563,BIOLOGICAL_REGION,0
17564,ncRNA,4
17565,PSEUDO,3
17566,ncRNA,4
17567,BIOLOGICAL_REGION,0
17568,ncRNA,4
17569,PSEUDO,3
17570,PSEUDO,3
17571,PSEUDO,3
17572,ncRNA,4
17573,BIOLOGICAL_REGION,0
17574,PSEUDO,3
17575,BIOLOGICAL_REGION,0
17576,PSEUDO,3
17577,PSEUDO,3
17578,PSEUDO,3
17579,PSEUDO,3
17580,PSEUDO,3
17581,PSEUDO,3
17582,PSEUDO,3
17583,PSEUDO,3
17584,PSEUDO,3
17585,PSEUDO,3
17586,BIOLOGICAL_REGION,0
17587,BIOLOGICAL_REGION,0
17588,tRNA,9
17589,PSEUDO,3
17590,PSEUDO,3
17591,PSEUDO,3
17592,BIOLOGICAL_REGION,0
17593,snoRNA,8
17594,PSEUDO,3
17595,PSEUDO,3
17596,PSEUDO,3
17597,BIOLOGICAL_REGION,0
17598,BIOLOGICAL_REGION,0
17599,PROTEIN_CODING,2
17600,BIOLOGICAL_REGION,0
17601,ncRNA,4
17602,PSEUDO,3
17603,BIOLOGICAL_REGION,0
17604,PSEUDO,3
17605,ncRNA,4
17606,snoRNA,8
17607,PSEUDO,3
17608,BIOLOGICAL_REGION,0
17609,PSEUDO,3
17610,PSEUDO,3
17611,OTHER,1
17612,PSEUDO,3
17613,snoRNA,8
17614,BIOLOGICAL_REGION,0
17615,PSEUDO,3
17616,BIOLOGICAL_REGION,0
17617,ncRNA,4
17618,PSEUDO,3
17619,ncRNA,4
17620,PSEUDO,3
17621,ncRNA,4
17622,ncRNA,4
17623,PSEUDO,3
17624,snoRNA,8
17625,ncRNA,4
17626,PSEUDO,3
17627,PROTEIN_CODING,2
17628,BIOLOGICAL_REGION,0
17629,snoRNA,8
17630,BIOLOGICAL_REGION,0
17631,PSEUDO,3
17632,BIOLOGICAL_REGION,0
17633,snoRNA,8
17634,tRNA,9
17635,ncRNA,4
17636,PSEUDO,3
17637,PSEUDO,3
17638,BIOLOGICAL_REGION,0
17639,BIOLOGICAL_REGION,0
17640,BIOLOGICAL_REGION,0
17641,ncRNA,4
17642,snoRNA,8
17643,PSEUDO,3
17644,BIOLOGICAL_REGION,0
17645,snoRNA,8
17646,BIOLOGICAL_REGION,0
17647,PSEUDO,3
17648,BIOLOGICAL_REGION,0
17649,PSEUDO,3
17650,BIOLOGICAL_REGION,0
17651,BIOLOGICAL_REGION,0
17652,snoRNA,8
17653,BIOLOGICAL_REGION,0
17654,BIOLOGICAL_REGION,0
17655,ncRNA,4
17656,BIOLOGICAL_REGION,0
17657,BIOLOGICAL_REGION,0
17658,PSEUDO,3
17659,BIOLOGICAL_REGION,0
17660,PSEUDO,3
17661,PSEUDO,3
17662,PSEUDO,3
17663,BIOLOGICAL_REGION,0
17664,tRNA,9
17665,BIOLOGICAL_REGION,0
17666,PROTEIN_CODING,2
17667,PSEUDO,3
17668,BIOLOGICAL_REGION,0
17669,ncRNA,4
17670,PSEUDO,3
17671,PSEUDO,3
17672,PSEUDO,3
17673,PSEUDO,3
17674,rRNA,5
17675,PSEUDO,3
17676,rRNA,5
17677,BIOLOGICAL_REGION,0
17678,PSEUDO,3
17679,PSEUDO,3
17680,PSEUDO,3
17681,BIOLOGICAL_REGION,0
17682,ncRNA,4
17683,BIOLOGICAL_REGION,0
17684,PSEUDO,3
17685,ncRNA,4
17686,ncRNA,4
17687,BIOLOGICAL_REGION,0
17688,BIOLOGICAL_REGION,0
17689,PSEUDO,3
17690,BIOLOGICAL_REGION,0
17691,ncRNA,4
17692,PSEUDO,3
17693,PROTEIN_CODING,2
17694,PSEUDO,3
17695,PSEUDO,3
17696,BIOLOGICAL_REGION,0
17697,PSEUDO,3
17698,rRNA,5
17699,BIOLOGICAL_REGION,0
17700,BIOLOGICAL_REGION,0
17701,PSEUDO,3
17702,PSEUDO,3
17703,PSEUDO,3
17704,PSEUDO,3
17705,BIOLOGICAL_REGION,0
17706,BIOLOGICAL_REGION,0
17707,BIOLOGICAL_REGION,0
17708,PSEUDO,3
17709,BIOLOGICAL_REGION,0
17710,BIOLOGICAL_REGION,0
17711,OTHER,1
17712,PSEUDO,3
17713,PSEUDO,3
17714,BIOLOGICAL_REGION,0
17715,ncRNA,4
17716,PSEUDO,3
17717,BIOLOGICAL_REGION,0
17718,PSEUDO,3
17719,BIOLOGICAL_REGION,0
17720,snoRNA,8
17721,PSEUDO,3
17722,BIOLOGICAL_REGION,0
17723,tRNA,9
17724,PSEUDO,3
17725,snRNA,7
17726,PSEUDO,3
17727,PSEUDO,3
17728,BIOLOGICAL_REGION,0
17729,ncRNA,4
17730,PSEUDO,3
17731,PSEUDO,3
17732,PSEUDO,3
17733,PSEUDO,3
17734,PSEUDO,3
17735,BIOLOGICAL_REGION,0
17736,rRNA,5
17737,PSEUDO,3
17738,PSEUDO,3
17739,BIOLOGICAL_REGION,0
17740,PSEUDO,3
17741,snoRNA,8
17742,snoRNA,8
17743,PSEUDO,3
17744,PROTEIN_CODING,2
17745,BIOLOGICAL_REGION,0
17746,tRNA,9
17747,ncRNA,4
17748,PSEUDO,3
17749,PSEUDO,3
17750,ncRNA,4
17751,PSEUDO,3
17752,PSEUDO,3
17753,BIOLOGICAL_REGION,0
17754,BIOLOGICAL_REGION,0
17755,PSEUDO,3
17756,tRNA,9
17757,PSEUDO,3
17758,tRNA,9
17759,PSEUDO,3
17760,BIOLOGICAL_REGION,0
17761,PSEUDO,3
17762,BIOLOGICAL_REGION,0
17763,BIOLOGICAL_REGION,0
17764,BIOLOGICAL_REGION,0
17765,PSEUDO,3
17766,PSEUDO,3
17767,PSEUDO,3
17768,PSEUDO,3
17769,PSEUDO,3
17770,PSEUDO,3
17771,PSEUDO,3
17772,BIOLOGICAL_REGION,0
17773,snRNA,7
17774,PSEUDO,3
17775,BIOLOGICAL_REGION,0
17776,BIOLOGICAL_REGION,0
17777,BIOLOGICAL_REGION,0
17778,snRNA,7
17779,BIOLOGICAL_REGION,0
17780,PSEUDO,3
17781,ncRNA,4
17782,PSEUDO,3
17783,PSEUDO,3
17784,PSEUDO,3
17785,PSEUDO,3
17786,PSEUDO,3
17787,BIOLOGICAL_REGION,0
17788,ncRNA,4
17789,rRNA,5
17790,PSEUDO,3
17791,BIOLOGICAL_REGION,0
17792,PSEUDO,3
17793,PSEUDO,3
17794,BIOLOGICAL_REGION,0
17795,BIOLOGICAL_REGION,0
17796,PSEUDO,3
17797,PSEUDO,3
17798,rRNA,5
17799,PSEUDO,3
17800,PSEUDO,3
17801,BIOLOGICAL_REGION,0
17802,BIOLOGICAL_REGION,0
17803,snoRNA,8
17804,BIOLOGICAL_REGION,0
17805,PSEUDO,3
17806,BIOLOGICAL_REGION,0
17807,PSEUDO,3
17808,PSEUDO,3
17809,PSEUDO,3
17810,PSEUDO,3
17811,PSEUDO,3
17812,BIOLOGICAL_REGION,0
17813,BIOLOGICAL_REGION,0
17814,snoRNA,8
17815,BIOLOGICAL_REGION,0
17816,PSEUDO,3
17817,snRNA,7
17818,PSEUDO,3
17819,BIOLOGICAL_REGION,0
17820,snoRNA,8
17821,PSEUDO,3
17822,BIOLOGICAL_REGION,0
17823,PSEUDO,3
17824,BIOLOGICAL_REGION,0
17825,snoRNA,8
17826,BIOLOGICAL_REGION,0
17827,PSEUDO,3
17828,snoRNA,8
17829,PSEUDO,3
17830,PSEUDO,3
17831,OTHER,1
17832,BIOLOGICAL_REGION,0
17833,tRNA,9
17834,snRNA,7
17835,BIOLOGICAL_REGION,0
17836,ncRNA,4
17837,ncRNA,4
17838,BIOLOGICAL_REGION,0
17839,rRNA,5
17840,snoRNA,8
17841,BIOLOGICAL_REGION,0
17842,snoRNA,8
17843,PSEUDO,3
17844,PSEUDO,3
17845,PSEUDO,3
17846,BIOLOGICAL_REGION,0
17847,PSEUDO,3
17848,PSEUDO,3
17849,PSEUDO,3
17850,PSEUDO,3
17851,tRNA,9
17852,snRNA,7
17853,PSEUDO,3
17854,PSEUDO,3
17855,BIOLOGICAL_REGION,0
17856,PSEUDO,3
17857,ncRNA,4
17858,BIOLOGICAL_REGION,0
17859,PSEUDO,3
17860,PSEUDO,3
17861,BIOLOGICAL_REGION,0
17862,BIOLOGICAL_REGION,0
17863,PSEUDO,3
17864,PSEUDO,3
17865,ncRNA,4
17866,BIOLOGICAL_REGION,0
17867,ncRNA,4
17868,ncRNA,4
17869,BIOLOGICAL_REGION,0
17870,BIOLOGICAL_REGION,0
17871,BIOLOGICAL_REGION,0
17872,PSEUDO,3
17873,PSEUDO,3
17874,PSEUDO,3
17875,PSEUDO,3
17876,PSEUDO,3
17877,PSEUDO,3
17878,OTHER,1
17879,BIOLOGICAL_REGION,0
17880,ncRNA,4
17881,PSEUDO,3
17882,PSEUDO,3
17883,BIOLOGICAL_REGION,0
17884,PSEUDO,3
17885,PSEUDO,3
17886,PSEUDO,3
17887,PSEUDO,3
17888,BIOLOGICAL_REGION,0
17889,OTHER,1
17890,BIOLOGICAL_REGION,0
17891,BIOLOGICAL_REGION,0
17892,BIOLOGICAL_REGION,0
17893,BIOLOGICAL_REGION,0
17894,BIOLOGICAL_REGION,0
17895,tRNA,9
17896,snoRNA,8
17897,PROTEIN_CODING,2
17898,BIOLOGICAL_REGION,0
17899,BIOLOGICAL_REGION,0
17900,PSEUDO,3
17901,PSEUDO,3
17902,PSEUDO,3
17903,BIOLOGICAL_REGION,0
17904,PSEUDO,3
17905,BIOLOGICAL_REGION,0
17906,BIOLOGICAL_REGION,0
17907,PSEUDO,3
17908,BIOLOGICAL_REGION,0
17909,BIOLOGICAL_REGION,0
17910,PSEUDO,3
17911,BIOLOGICAL_REGION,0
17912,PSEUDO,3
17913,snoRNA,8
17914,BIOLOGICAL_REGION,0
17915,PSEUDO,3
17916,PSEUDO,3
17917,ncRNA,4
17918,BIOLOGICAL_REGION,0
17919,snoRNA,8
17920,ncRNA,4
17921,PSEUDO,3
17922,PSEUDO,3
17923,PSEUDO,3
17924,ncRNA,4
17925,PSEUDO,3
17926,PSEUDO,3
17927,ncRNA,4
17928,BIOLOGICAL_REGION,0
17929,ncRNA,4
17930,ncRNA,4
17931,BIOLOGICAL_REGION,0
17932,snoRNA,8
17933,ncRNA,4
17934,PSEUDO,3
17935,PSEUDO,3
17936,BIOLOGICAL_REGION,0
17937,PSEUDO,3
17938,BIOLOGICAL_REGION,0
17939,PSEUDO,3
17940,BIOLOGICAL_REGION,0
17941,BIOLOGICAL_REGION,0
17942,PSEUDO,3
17943,BIOLOGICAL_REGION,0
17944,PSEUDO,3
17945,PSEUDO,3
17946,BIOLOGICAL_REGION,0
17947,ncRNA,4
17948,PSEUDO,3
17949,PSEUDO,3
17950,BIOLOGICAL_REGION,0
17951,ncRNA,4
17952,BIOLOGICAL_REGION,0
17953,BIOLOGICAL_REGION,0
17954,PSEUDO,3
17955,snoRNA,8
17956,snoRNA,8
17957,snoRNA,8
17958,tRNA,9
17959,PSEUDO,3
17960,BIOLOGICAL_REGION,0
17961,BIOLOGICAL_REGION,0
17962,BIOLOGICAL_REGION,0
17963,PSEUDO,3
17964,rRNA,5
17965,OTHER,1
17966,PSEUDO,3
17967,BIOLOGICAL_REGION,0
17968,rRNA,5
17969,BIOLOGICAL_REGION,0
17970,ncRNA,4
17971,PSEUDO,3
17972,BIOLOGICAL_REGION,0
17973,PSEUDO,3
17974,PSEUDO,3
17975,BIOLOGICAL_REGION,0
17976,PSEUDO,3
17977,PSEUDO,3
17978,PSEUDO,3
17979,PSEUDO,3
17980,PSEUDO,3
17981,BIOLOGICAL_REGION,0
17982,ncRNA,4
17983,PSEUDO,3
17984,rRNA,5
17985,ncRNA,4
17986,PSEUDO,3
17987,PSEUDO,3
17988,tRNA,9
17989,BIOLOGICAL_REGION,0
17990,PSEUDO,3
17991,PSEUDO,3
17992,PSEUDO,3
17993,PSEUDO,3
17994,snoRNA,8
17995,snoRNA,8
17996,PSEUDO,3
17997,BIOLOGICAL_REGION,0
17998,PSEUDO,3
17999,BIOLOGICAL_REGION,0
18000,BIOLOGICAL_REGION,0
18001,snoRNA,8
18002,PSEUDO,3
18003,tRNA,9
18004,snoRNA,8
18005,PSEUDO,3
18006,BIOLOGICAL_REGION,0
18007,BIOLOGICAL_REGION,0
18008,BIOLOGICAL_REGION,0
18009,tRNA,9
18010,BIOLOGICAL_REGION,0
18011,BIOLOGICAL_REGION,0
18012,BIOLOGICAL_REGION,0
18013,PSEUDO,3
18014,ncRNA,4
18015,PSEUDO,3
18016,PSEUDO,3
18017,PSEUDO,3
18018,PSEUDO,3
18019,PSEUDO,3
18020,tRNA,9
18021,BIOLOGICAL_REGION,0
18022,PSEUDO,3
18023,PSEUDO,3
18024,OTHER,1
18025,BIOLOGICAL_REGION,0
18026,PSEUDO,3
18027,PSEUDO,3
18028,ncRNA,4
18029,PSEUDO,3
18030,BIOLOGICAL_REGION,0
18031,PSEUDO,3
18032,BIOLOGICAL_REGION,0
18033,BIOLOGICAL_REGION,0
18034,tRNA,9
18035,BIOLOGICAL_REGION,0
18036,PSEUDO,3
18037,snoRNA,8
18038,BIOLOGICAL_REGION,0
18039,BIOLOGICAL_REGION,0
18040,BIOLOGICAL_REGION,0
18041,PSEUDO,3
18042,ncRNA,4
18043,OTHER,1
18044,PSEUDO,3
18045,PSEUDO,3
18046,BIOLOGICAL_REGION,0
18047,BIOLOGICAL_REGION,0
18048,PSEUDO,3
18049,PSEUDO,3
18050,PSEUDO,3
18051,PSEUDO,3
18052,BIOLOGICAL_REGION,0
18053,ncRNA,4
18054,BIOLOGICAL_REGION,0
18055,PSEUDO,3
18056,PSEUDO,3
18057,BIOLOGICAL_REGION,0
18058,PSEUDO,3
18059,BIOLOGICAL_REGION,0
18060,BIOLOGICAL_REGION,0
18061,PSEUDO,3
18062,BIOLOGICAL_REGION,0
18063,PSEUDO,3
18064,BIOLOGICAL_REGION,0
18065,PSEUDO,3
18066,PSEUDO,3
18067,snRNA,7
18068,PSEUDO,3
18069,PSEUDO,3
18070,snoRNA,8
18071,PSEUDO,3
18072,snoRNA,8
18073,PSEUDO,3
18074,PSEUDO,3
18075,BIOLOGICAL_REGION,0
18076,snoRNA,8
18077,ncRNA,4
18078,PSEUDO,3
18079,PSEUDO,3
18080,BIOLOGICAL_REGION,0
18081,PSEUDO,3
18082,PSEUDO,3
18083,rRNA,5
18084,PSEUDO,3
18085,PSEUDO,3
18086,ncRNA,4
18087,PSEUDO,3
18088,PSEUDO,3
18089,PSEUDO,3
18090,BIOLOGICAL_REGION,0
18091,BIOLOGICAL_REGION,0
18092,ncRNA,4
18093,ncRNA,4
18094,PROTEIN_CODING,2
18095,snoRNA,8
18096,PSEUDO,3
18097,BIOLOGICAL_REGION,0
18098,PSEUDO,3
18099,PSEUDO,3
18100,ncRNA,4
18101,BIOLOGICAL_REGION,0
18102,BIOLOGICAL_REGION,0
18103,snoRNA,8
18104,ncRNA,4
18105,BIOLOGICAL_REGION,0
18106,ncRNA,4
18107,BIOLOGICAL_REGION,0
18108,BIOLOGICAL_REGION,0
18109,snRNA,7
18110,PROTEIN_CODING,2
18111,BIOLOGICAL_REGION,0
18112,tRNA,9
18113,BIOLOGICAL_REGION,0
18114,ncRNA,4
18115,BIOLOGICAL_REGION,0
18116,BIOLOGICAL_REGION,0
18117,PROTEIN_CODING,2
18118,PSEUDO,3
18119,snoRNA,8
18120,PSEUDO,3
18121,BIOLOGICAL_REGION,0
18122,ncRNA,4
18123,PSEUDO,3
18124,PROTEIN_CODING,2
18125,BIOLOGICAL_REGION,0
18126,snRNA,7
18127,PSEUDO,3
18128,PSEUDO,3
18129,BIOLOGICAL_REGION,0
18130,PROTEIN_CODING,2
18131,PSEUDO,3
18132,BIOLOGICAL_REGION,0
18133,PSEUDO,3
18134,ncRNA,4
18135,PSEUDO,3
18136,PSEUDO,3
18137,PSEUDO,3
18138,ncRNA,4
18139,BIOLOGICAL_REGION,0
18140,PSEUDO,3
18141,BIOLOGICAL_REGION,0
18142,PSEUDO,3
18143,BIOLOGICAL_REGION,0
18144,tRNA,9
18145,BIOLOGICAL_REGION,0
18146,PSEUDO,3
18147,PSEUDO,3
18148,BIOLOGICAL_REGION,0
18149,PSEUDO,3
18150,PSEUDO,3
18151,BIOLOGICAL_REGION,0
18152,tRNA,9
18153,PSEUDO,3
18154,BIOLOGICAL_REGION,0
18155,BIOLOGICAL_REGION,0
18156,BIOLOGICAL_REGION,0
18157,PSEUDO,3
18158,BIOLOGICAL_REGION,0
18159,BIOLOGICAL_REGION,0
18160,PSEUDO,3
18161,BIOLOGICAL_REGION,0
18162,BIOLOGICAL_REGION,0
18163,BIOLOGICAL_REGION,0
18164,PSEUDO,3
18165,PSEUDO,3
18166,PSEUDO,3
18167,BIOLOGICAL_REGION,0
18168,BIOLOGICAL_REGION,0
18169,PSEUDO,3
18170,OTHER,1
18171,PSEUDO,3
18172,ncRNA,4
18173,ncRNA,4
18174,BIOLOGICAL_REGION,0
18175,PSEUDO,3
18176,PSEUDO,3
18177,PSEUDO,3
18178,PROTEIN_CODING,2
18179,BIOLOGICAL_REGION,0
18180,BIOLOGICAL_REGION,0
18181,PSEUDO,3
18182,BIOLOGICAL_REGION,0
18183,BIOLOGICAL_REGION,0
18184,snoRNA,8
18185,ncRNA,4
18186,PSEUDO,3
18187,ncRNA,4
18188,PROTEIN_CODING,2
18189,BIOLOGICAL_REGION,0
18190,PSEUDO,3
18191,PSEUDO,3
18192,BIOLOGICAL_REGION,0
18193,BIOLOGICAL_REGION,0
18194,BIOLOGICAL_REGION,0
18195,PSEUDO,3
18196,PSEUDO,3
18197,PSEUDO,3
18198,BIOLOGICAL_REGION,0
18199,PSEUDO,3
18200,BIOLOGICAL_REGION,0
18201,tRNA,9
18202,PSEUDO,3
18203,PSEUDO,3
18204,ncRNA,4
18205,PSEUDO,3
18206,PSEUDO,3
18207,OTHER,1
18208,BIOLOGICAL_REGION,0
18209,PSEUDO,3
18210,BIOLOGICAL_REGION,0
18211,BIOLOGICAL_REGION,0
18212,tRNA,9
18213,PSEUDO,3
18214,ncRNA,4
18215,tRNA,9
18216,PSEUDO,3
18217,PSEUDO,3
18218,BIOLOGICAL_REGION,0
18219,tRNA,9
18220,PSEUDO,3
18221,PSEUDO,3
18222,snoRNA,8
18223,OTHER,1
18224,rRNA,5
18225,PSEUDO,3
18226,PSEUDO,3
18227,BIOLOGICAL_REGION,0
18228,ncRNA,4
18229,tRNA,9
18230,scRNA,6
18231,PSEUDO,3
18232,PSEUDO,3
18233,ncRNA,4
18234,PSEUDO,3
18235,BIOLOGICAL_REGION,0
18236,BIOLOGICAL_REGION,0
18237,BIOLOGICAL_REGION,0
18238,PSEUDO,3
18239,PSEUDO,3
18240,PSEUDO,3
18241,OTHER,1
18242,PSEUDO,3
18243,snoRNA,8
18244,OTHER,1
18245,BIOLOGICAL_REGION,0
18246,PSEUDO,3
18247,PSEUDO,3
18248,PSEUDO,3
18249,BIOLOGICAL_REGION,0
18250,BIOLOGICAL_REGION,0
18251,PSEUDO,3
18252,PSEUDO,3
18253,BIOLOGICAL_REGION,0
18254,snoRNA,8
18255,PSEUDO,3
18256,PSEUDO,3
18257,BIOLOGICAL_REGION,0
18258,BIOLOGICAL_REGION,0
18259,PSEUDO,3
18260,BIOLOGICAL_REGION,0
18261,snoRNA,8
18262,snoRNA,8
18263,BIOLOGICAL_REGION,0
18264,snRNA,7
18265,PSEUDO,3
18266,BIOLOGICAL_REGION,0
18267,PSEUDO,3
18268,BIOLOGICAL_REGION,0
18269,ncRNA,4
18270,ncRNA,4
18271,ncRNA,4
18272,PROTEIN_CODING,2
18273,rRNA,5
18274,BIOLOGICAL_REGION,0
18275,PSEUDO,3
18276,PSEUDO,3
18277,BIOLOGICAL_REGION,0
18278,PSEUDO,3
18279,PSEUDO,3
18280,PSEUDO,3
18281,PSEUDO,3
18282,PSEUDO,3
18283,BIOLOGICAL_REGION,0
18284,BIOLOGICAL_REGION,0
18285,PSEUDO,3
18286,BIOLOGICAL_REGION,0
18287,BIOLOGICAL_REGION,0
18288,PSEUDO,3
18289,ncRNA,4
18290,snoRNA,8
18291,BIOLOGICAL_REGION,0
18292,PSEUDO,3
18293,PSEUDO,3
18294,PSEUDO,3
18295,PSEUDO,3
18296,BIOLOGICAL_REGION,0
18297,PSEUDO,3
18298,snoRNA,8
18299,BIOLOGICAL_REGION,0
18300,PSEUDO,3
18301,PSEUDO,3
18302,BIOLOGICAL_REGION,0
18303,PSEUDO,3
18304,PSEUDO,3
18305,PSEUDO,3
18306,PSEUDO,3
18307,BIOLOGICAL_REGION,0
18308,BIOLOGICAL_REGION,0
18309,ncRNA,4
18310,PSEUDO,3
18311,PSEUDO,3
18312,tRNA,9
18313,BIOLOGICAL_REGION,0
18314,PSEUDO,3
18315,PSEUDO,3
18316,PSEUDO,3
18317,ncRNA,4
18318,PSEUDO,3
18319,ncRNA,4
18320,PSEUDO,3
18321,PROTEIN_CODING,2
18322,PSEUDO,3
18323,ncRNA,4
18324,PSEUDO,3
18325,PSEUDO,3
18326,PSEUDO,3
18327,ncRNA,4
18328,PROTEIN_CODING,2
18329,PSEUDO,3
18330,PSEUDO,3
18331,ncRNA,4
18332,snoRNA,8
18333,BIOLOGICAL_REGION,0
18334,rRNA,5
18335,BIOLOGICAL_REGION,0
18336,BIOLOGICAL_REGION,0
18337,PSEUDO,3
18338,BIOLOGICAL_REGION,0
18339,BIOLOGICAL_REGION,0
18340,ncRNA,4
18341,PSEUDO,3
18342,BIOLOGICAL_REGION,0
18343,BIOLOGICAL_REGION,0
18344,ncRNA,4
18345,ncRNA,4
18346,BIOLOGICAL_REGION,0
18347,snoRNA,8
18348,PSEUDO,3
18349,tRNA,9
18350,BIOLOGICAL_REGION,0
18351,BIOLOGICAL_REGION,0
18352,PSEUDO,3
18353,PSEUDO,3
18354,PSEUDO,3
18355,ncRNA,4
18356,PROTEIN_CODING,2
18357,PSEUDO,3
18358,tRNA,9
18359,tRNA,9
18360,PSEUDO,3
18361,PSEUDO,3
18362,ncRNA,4
18363,BIOLOGICAL_REGION,0
18364,PSEUDO,3
18365,rRNA,5
18366,tRNA,9
18367,snoRNA,8
18368,BIOLOGICAL_REGION,0
18369,BIOLOGICAL_REGION,0
18370,BIOLOGICAL_REGION,0
18371,BIOLOGICAL_REGION,0
18372,PSEUDO,3
18373,snoRNA,8
18374,PSEUDO,3
18375,ncRNA,4
18376,PSEUDO,3
18377,BIOLOGICAL_REGION,0
18378,PSEUDO,3
18379,BIOLOGICAL_REGION,0
18380,PSEUDO,3
18381,ncRNA,4
18382,PSEUDO,3
18383,PSEUDO,3
18384,PSEUDO,3
18385,PSEUDO,3
18386,BIOLOGICAL_REGION,0
18387,ncRNA,4
18388,OTHER,1
18389,snRNA,7
18390,snoRNA,8
18391,BIOLOGICAL_REGION,0
18392,PSEUDO,3
18393,PSEUDO,3
18394,BIOLOGICAL_REGION,0
18395,PSEUDO,3
18396,PROTEIN_CODING,2
18397,PSEUDO,3
18398,PSEUDO,3
18399,BIOLOGICAL_REGION,0
18400,BIOLOGICAL_REGION,0
18401,snoRNA,8
18402,OTHER,1
18403,ncRNA,4
18404,snoRNA,8
18405,BIOLOGICAL_REGION,0
18406,PSEUDO,3
18407,snoRNA,8
18408,snoRNA,8
18409,ncRNA,4
18410,PSEUDO,3
18411,BIOLOGICAL_REGION,0
18412,BIOLOGICAL_REGION,0
18413,PSEUDO,3
18414,PSEUDO,3
18415,PSEUDO,3
18416,PSEUDO,3
18417,PSEUDO,3
18418,BIOLOGICAL_REGION,0
18419,PSEUDO,3
18420,BIOLOGICAL_REGION,0
18421,ncRNA,4
18422,ncRNA,4
18423,BIOLOGICAL_REGION,0
18424,BIOLOGICAL_REGION,0
18425,PSEUDO,3
18426,tRNA,9
18427,BIOLOGICAL_REGION,0
18428,PSEUDO,3
18429,PSEUDO,3
18430,BIOLOGICAL_REGION,0
18431,PSEUDO,3
18432,PSEUDO,3
18433,BIOLOGICAL_REGION,0
18434,PSEUDO,3
18435,PSEUDO,3
18436,ncRNA,4
18437,BIOLOGICAL_REGION,0
18438,PSEUDO,3
18439,BIOLOGICAL_REGION,0
18440,PSEUDO,3
18441,BIOLOGICAL_REGION,0
18442,BIOLOGICAL_REGION,0
18443,PSEUDO,3
18444,BIOLOGICAL_REGION,0
18445,snoRNA,8
18446,ncRNA,4
18447,PSEUDO,3
18448,PSEUDO,3
18449,BIOLOGICAL_REGION,0
18450,PSEUDO,3
18451,tRNA,9
18452,BIOLOGICAL_REGION,0
18453,BIOLOGICAL_REGION,0
18454,PSEUDO,3
18455,PSEUDO,3
18456,tRNA,9
18457,ncRNA,4
18458,BIOLOGICAL_REGION,0
18459,ncRNA,4
18460,PSEUDO,3
18461,PROTEIN_CODING,2
18462,snoRNA,8
18463,PSEUDO,3
18464,snoRNA,8
18465,BIOLOGICAL_REGION,0
18466,snoRNA,8
18467,BIOLOGICAL_REGION,0
18468,snoRNA,8
18469,PSEUDO,3
18470,PSEUDO,3
18471,PSEUDO,3
18472,tRNA,9
18473,snoRNA,8
18474,PSEUDO,3
18475,PSEUDO,3
18476,PSEUDO,3
18477,BIOLOGICAL_REGION,0
18478,BIOLOGICAL_REGION,0
18479,PSEUDO,3
18480,PSEUDO,3
18481,BIOLOGICAL_REGION,0
18482,BIOLOGICAL_REGION,0
18483,PSEUDO,3
18484,BIOLOGICAL_REGION,0
18485,PSEUDO,3
18486,PSEUDO,3
18487,PSEUDO,3
18488,BIOLOGICAL_REGION,0
18489,PSEUDO,3
18490,OTHER,1
18491,ncRNA,4
18492,PSEUDO,3
18493,PSEUDO,3
18494,PSEUDO,3
18495,PSEUDO,3
18496,PSEUDO,3
18497,PSEUDO,3
18498,BIOLOGICAL_REGION,0
18499,BIOLOGICAL_REGION,0
18500,BIOLOGICAL_REGION,0
18501,BIOLOGICAL_REGION,0
18502,ncRNA,4
18503,PSEUDO,3
18504,BIOLOGICAL_REGION,0
18505,ncRNA,4
18506,PSEUDO,3
18507,tRNA,9
18508,BIOLOGICAL_REGION,0
18509,rRNA,5
18510,BIOLOGICAL_REGION,0
18511,BIOLOGICAL_REGION,0
18512,PSEUDO,3
18513,PSEUDO,3
18514,PSEUDO,3
18515,PSEUDO,3
18516,PSEUDO,3
18517,BIOLOGICAL_REGION,0
18518,PSEUDO,3
18519,PSEUDO,3
18520,BIOLOGICAL_REGION,0
18521,PSEUDO,3
18522,tRNA,9
18523,ncRNA,4
18524,BIOLOGICAL_REGION,0
18525,BIOLOGICAL_REGION,0
18526,PSEUDO,3
18527,ncRNA,4
18528,BIOLOGICAL_REGION,0
18529,PSEUDO,3
18530,PSEUDO,3
18531,PSEUDO,3
18532,ncRNA,4
18533,BIOLOGICAL_REGION,0
18534,BIOLOGICAL_REGION,0
18535,PSEUDO,3
18536,PSEUDO,3
18537,BIOLOGICAL_REGION,0
18538,PSEUDO,3
18539,BIOLOGICAL_REGION,0
18540,PSEUDO,3
18541,ncRNA,4
18542,BIOLOGICAL_REGION,0
18543,PROTEIN_CODING,2
18544,BIOLOGICAL_REGION,0
18545,ncRNA,4
18546,BIOLOGICAL_REGION,0
18547,PSEUDO,3
18548,BIOLOGICAL_REGION,0
18549,ncRNA,4
18550,snoRNA,8
18551,BIOLOGICAL_REGION,0
18552,BIOLOGICAL_REGION,0
18553,PSEUDO,3
18554,ncRNA,4
18555,PSEUDO,3
18556,PSEUDO,3
18557,PSEUDO,3
18558,PSEUDO,3
18559,BIOLOGICAL_REGION,0
18560,PSEUDO,3
18561,PSEUDO,3
18562,BIOLOGICAL_REGION,0
18563,PSEUDO,3
18564,rRNA,5
18565,BIOLOGICAL_REGION,0
18566,PSEUDO,3
18567,BIOLOGICAL_REGION,0
18568,PSEUDO,3
18569,BIOLOGICAL_REGION,0
18570,snoRNA,8
18571,ncRNA,4
18572,PSEUDO,3
18573,BIOLOGICAL_REGION,0
18574,PSEUDO,3
18575,PSEUDO,3
18576,ncRNA,4
18577,PSEUDO,3
18578,BIOLOGICAL_REGION,0
18579,ncRNA,4
18580,ncRNA,4
18581,PSEUDO,3
18582,PSEUDO,3
18583,PSEUDO,3
18584,PSEUDO,3
18585,PSEUDO,3
18586,BIOLOGICAL_REGION,0
18587,ncRNA,4
18588,BIOLOGICAL_REGION,0
18589,PSEUDO,3
18590,tRNA,9
18591,BIOLOGICAL_REGION,0
18592,PSEUDO,3
18593,BIOLOGICAL_REGION,0
18594,PSEUDO,3
18595,BIOLOGICAL_REGION,0
18596,OTHER,1
18597,BIOLOGICAL_REGION,0
18598,BIOLOGICAL_REGION,0
18599,BIOLOGICAL_REGION,0
18600,BIOLOGICAL_REGION,0
18601,ncRNA,4
18602,PSEUDO,3
18603,BIOLOGICAL_REGION,0
18604,BIOLOGICAL_REGION,0
18605,PSEUDO,3
18606,PSEUDO,3
18607,PSEUDO,3
18608,PSEUDO,3
18609,PSEUDO,3
18610,ncRNA,4
18611,ncRNA,4
18612,PSEUDO,3
18613,ncRNA,4
18614,PSEUDO,3
18615,OTHER,1
18616,BIOLOGICAL_REGION,0
18617,BIOLOGICAL_REGION,0
18618,rRNA,5
18619,tRNA,9
18620,ncRNA,4
18621,BIOLOGICAL_REGION,0
18622,ncRNA,4
18623,ncRNA,4
18624,PSEUDO,3
18625,BIOLOGICAL_REGION,0
18626,PSEUDO,3
18627,PROTEIN_CODING,2
18628,PSEUDO,3
18629,snRNA,7
18630,PSEUDO,3
18631,BIOLOGICAL_REGION,0
18632,PSEUDO,3
18633,snoRNA,8
18634,PSEUDO,3
18635,PSEUDO,3
18636,BIOLOGICAL_REGION,0
18637,snoRNA,8
18638,tRNA,9
18639,PSEUDO,3
18640,BIOLOGICAL_REGION,0
18641,PSEUDO,3
18642,BIOLOGICAL_REGION,0
18643,PSEUDO,3
18644,PSEUDO,3
18645,BIOLOGICAL_REGION,0
18646,PSEUDO,3
18647,PSEUDO,3
18648,BIOLOGICAL_REGION,0
18649,BIOLOGICAL_REGION,0
18650,BIOLOGICAL_REGION,0
18651,PSEUDO,3
18652,PSEUDO,3
18653,PSEUDO,3
18654,PSEUDO,3
18655,ncRNA,4
18656,PSEUDO,3
18657,ncRNA,4
18658,PSEUDO,3
18659,ncRNA,4
18660,PSEUDO,3
18661,PSEUDO,3
18662,PSEUDO,3
18663,snoRNA,8
18664,PSEUDO,3
18665,snoRNA,8
18666,BIOLOGICAL_REGION,0
18667,PSEUDO,3
18668,PSEUDO,3
18669,BIOLOGICAL_REGION,0
18670,ncRNA,4
18671,PSEUDO,3
18672,PSEUDO,3
18673,PSEUDO,3
18674,BIOLOGICAL_REGION,0
18675,BIOLOGICAL_REGION,0
18676,BIOLOGICAL_REGION,0
18677,BIOLOGICAL_REGION,0
18678,PSEUDO,3
18679,PSEUDO,3
18680,ncRNA,4
18681,snoRNA,8
18682,BIOLOGICAL_REGION,0
18683,PSEUDO,3
18684,PSEUDO,3
18685,BIOLOGICAL_REGION,0
18686,snoRNA,8
18687,PROTEIN_CODING,2
18688,PSEUDO,3
18689,PSEUDO,3
18690,BIOLOGICAL_REGION,0
18691,PSEUDO,3
18692,ncRNA,4
18693,PSEUDO,3
18694,BIOLOGICAL_REGION,0
18695,BIOLOGICAL_REGION,0
18696,PSEUDO,3
18697,PSEUDO,3
18698,ncRNA,4
18699,ncRNA,4
18700,BIOLOGICAL_REGION,0
18701,snoRNA,8
18702,tRNA,9
18703,tRNA,9
18704,PSEUDO,3
18705,PSEUDO,3
18706,PSEUDO,3
18707,ncRNA,4
18708,PSEUDO,3
18709,BIOLOGICAL_REGION,0
18710,ncRNA,4
18711,PSEUDO,3
18712,BIOLOGICAL_REGION,0
18713,PSEUDO,3
18714,BIOLOGICAL_REGION,0
18715,PSEUDO,3
18716,PSEUDO,3
18717,PSEUDO,3
18718,ncRNA,4
18719,BIOLOGICAL_REGION,0
18720,PSEUDO,3
18721,PSEUDO,3
18722,PROTEIN_CODING,2
18723,snoRNA,8
18724,BIOLOGICAL_REGION,0
18725,snoRNA,8
18726,BIOLOGICAL_REGION,0
18727,PSEUDO,3
18728,PSEUDO,3
18729,PSEUDO,3
18730,BIOLOGICAL_REGION,0
18731,snoRNA,8
18732,rRNA,5
18733,BIOLOGICAL_REGION,0
18734,ncRNA,4
18735,snoRNA,8
18736,PSEUDO,3
18737,PSEUDO,3
18738,PSEUDO,3
18739,PSEUDO,3
18740,PSEUDO,3
18741,PSEUDO,3
18742,BIOLOGICAL_REGION,0
18743,BIOLOGICAL_REGION,0
18744,BIOLOGICAL_REGION,0
18745,PSEUDO,3
18746,PSEUDO,3
18747,PSEUDO,3
18748,tRNA,9
18749,BIOLOGICAL_REGION,0
18750,PSEUDO,3
18751,BIOLOGICAL_REGION,0
18752,ncRNA,4
18753,ncRNA,4
18754,PSEUDO,3
18755,ncRNA,4
18756,BIOLOGICAL_REGION,0
18757,ncRNA,4
18758,BIOLOGICAL_REGION,0
18759,BIOLOGICAL_REGION,0
18760,PSEUDO,3
18761,BIOLOGICAL_REGION,0
18762,BIOLOGICAL_REGION,0
18763,OTHER,1
18764,snoRNA,8
18765,snoRNA,8
18766,BIOLOGICAL_REGION,0
18767,PSEUDO,3
18768,OTHER,1
18769,PSEUDO,3
18770,snoRNA,8
18771,BIOLOGICAL_REGION,0
18772,BIOLOGICAL_REGION,0
18773,BIOLOGICAL_REGION,0
18774,PSEUDO,3
18775,BIOLOGICAL_REGION,0
18776,BIOLOGICAL_REGION,0
18777,PSEUDO,3
18778,PSEUDO,3
18779,PSEUDO,3
18780,BIOLOGICAL_REGION,0
18781,PSEUDO,3
18782,PSEUDO,3
18783,BIOLOGICAL_REGION,0
18784,PSEUDO,3
18785,ncRNA,4
18786,PSEUDO,3
18787,BIOLOGICAL_REGION,0
18788,BIOLOGICAL_REGION,0
18789,ncRNA,4
18790,BIOLOGICAL_REGION,0
18791,PSEUDO,3
18792,BIOLOGICAL_REGION,0
18793,snoRNA,8
18794,tRNA,9
18795,OTHER,1
18796,PSEUDO,3
18797,ncRNA,4
18798,PSEUDO,3
18799,BIOLOGICAL_REGION,0
18800,BIOLOGICAL_REGION,0
18801,snoRNA,8
18802,PSEUDO,3
18803,ncRNA,4
18804,BIOLOGICAL_REGION,0
18805,PSEUDO,3
18806,PSEUDO,3
18807,snoRNA,8
18808,snoRNA,8
18809,BIOLOGICAL_REGION,0
18810,ncRNA,4
18811,ncRNA,4
18812,ncRNA,4
18813,BIOLOGICAL_REGION,0
18814,BIOLOGICAL_REGION,0
18815,BIOLOGICAL_REGION,0
18816,PSEUDO,3
18817,PSEUDO,3
18818,BIOLOGICAL_REGION,0
18819,PSEUDO,3
18820,BIOLOGICAL_REGION,0
18821,BIOLOGICAL_REGION,0
18822,BIOLOGICAL_REGION,0
18823,PSEUDO,3
18824,BIOLOGICAL_REGION,0
18825,BIOLOGICAL_REGION,0
18826,PSEUDO,3
18827,ncRNA,4
18828,BIOLOGICAL_REGION,0
18829,PSEUDO,3
18830,PSEUDO,3
18831,PSEUDO,3
18832,BIOLOGICAL_REGION,0
18833,PSEUDO,3
18834,PSEUDO,3
18835,PSEUDO,3
18836,PSEUDO,3
18837,PSEUDO,3
18838,BIOLOGICAL_REGION,0
18839,BIOLOGICAL_REGION,0
18840,PSEUDO,3
18841,PSEUDO,3
18842,BIOLOGICAL_REGION,0
18843,snoRNA,8
18844,PSEUDO,3
18845,BIOLOGICAL_REGION,0
18846,BIOLOGICAL_REGION,0
18847,BIOLOGICAL_REGION,0
18848,BIOLOGICAL_REGION,0
18849,PSEUDO,3
18850,BIOLOGICAL_REGION,0
18851,PSEUDO,3
18852,PSEUDO,3
18853,BIOLOGICAL_REGION,0
18854,snoRNA,8
18855,PSEUDO,3
18856,ncRNA,4
18857,BIOLOGICAL_REGION,0
18858,BIOLOGICAL_REGION,0
18859,PSEUDO,3
18860,BIOLOGICAL_REGION,0
18861,BIOLOGICAL_REGION,0
18862,snoRNA,8
18863,snoRNA,8
18864,PSEUDO,3
18865,PSEUDO,3
18866,ncRNA,4
18867,BIOLOGICAL_REGION,0
18868,PROTEIN_CODING,2
18869,snoRNA,8
18870,PSEUDO,3
18871,PSEUDO,3
18872,tRNA,9
18873,PSEUDO,3
18874,BIOLOGICAL_REGION,0
18875,PSEUDO,3
18876,BIOLOGICAL_REGION,0
18877,BIOLOGICAL_REGION,0
18878,ncRNA,4
18879,PSEUDO,3
18880,snoRNA,8
18881,PSEUDO,3
18882,BIOLOGICAL_REGION,0
18883,ncRNA,4
18884,PSEUDO,3
18885,PSEUDO,3
18886,PSEUDO,3
18887,PSEUDO,3
18888,BIOLOGICAL_REGION,0
18889,BIOLOGICAL_REGION,0
18890,ncRNA,4
18891,BIOLOGICAL_REGION,0
18892,ncRNA,4
18893,PSEUDO,3
18894,snoRNA,8
18895,ncRNA,4
18896,PSEUDO,3
18897,ncRNA,4
18898,ncRNA,4
18899,BIOLOGICAL_REGION,0
18900,PSEUDO,3
18901,PSEUDO,3
18902,PSEUDO,3
18903,snoRNA,8
18904,snoRNA,8
18905,ncRNA,4
18906,PSEUDO,3
18907,PROTEIN_CODING,2
18908,ncRNA,4
18909,BIOLOGICAL_REGION,0
18910,ncRNA,4
18911,PSEUDO,3
18912,PSEUDO,3
18913,PSEUDO,3
18914,ncRNA,4
18915,rRNA,5
18916,BIOLOGICAL_REGION,0
18917,PSEUDO,3
18918,PROTEIN_CODING,2
18919,PSEUDO,3
18920,PSEUDO,3
18921,BIOLOGICAL_REGION,0
18922,BIOLOGICAL_REGION,0
18923,BIOLOGICAL_REGION,0
18924,PSEUDO,3
18925,BIOLOGICAL_REGION,0
18926,BIOLOGICAL_REGION,0
18927,PSEUDO,3
18928,BIOLOGICAL_REGION,0
18929,PSEUDO,3
18930,PSEUDO,3
18931,BIOLOGICAL_REGION,0
18932,BIOLOGICAL_REGION,0
18933,snoRNA,8
18934,BIOLOGICAL_REGION,0
18935,PSEUDO,3
18936,PSEUDO,3
18937,PSEUDO,3
18938,PSEUDO,3
18939,BIOLOGICAL_REGION,0
18940,ncRNA,4
18941,PSEUDO,3
18942,PSEUDO,3
18943,snoRNA,8
18944,PSEUDO,3
18945,PSEUDO,3
18946,PSEUDO,3
18947,BIOLOGICAL_REGION,0
18948,ncRNA,4
18949,ncRNA,4
18950,PSEUDO,3
18951,PSEUDO,3
18952,ncRNA,4
18953,BIOLOGICAL_REGION,0
18954,ncRNA,4
18955,PSEUDO,3
18956,BIOLOGICAL_REGION,0
18957,BIOLOGICAL_REGION,0
18958,PSEUDO,3
18959,BIOLOGICAL_REGION,0
18960,PSEUDO,3
18961,PSEUDO,3
18962,PSEUDO,3
18963,PSEUDO,3
18964,PSEUDO,3
18965,ncRNA,4
18966,PSEUDO,3
18967,PSEUDO,3
18968,PSEUDO,3
18969,PSEUDO,3
18970,BIOLOGICAL_REGION,0
18971,PSEUDO,3
18972,PSEUDO,3
18973,PSEUDO,3
18974,PSEUDO,3
18975,PSEUDO,3
18976,BIOLOGICAL_REGION,0
18977,BIOLOGICAL_REGION,0
18978,PSEUDO,3
18979,PSEUDO,3
18980,BIOLOGICAL_REGION,0
18981,PSEUDO,3
18982,BIOLOGICAL_REGION,0
18983,BIOLOGICAL_REGION,0
18984,BIOLOGICAL_REGION,0
18985,snoRNA,8
18986,ncRNA,4
18987,PSEUDO,3
18988,PSEUDO,3
18989,PSEUDO,3
18990,BIOLOGICAL_REGION,0
18991,ncRNA,4
18992,tRNA,9
18993,PSEUDO,3
18994,BIOLOGICAL_REGION,0
18995,PROTEIN_CODING,2
18996,snoRNA,8
18997,OTHER,1
18998,BIOLOGICAL_REGION,0
18999,PSEUDO,3
19000,PSEUDO,3
19001,PSEUDO,3
19002,PSEUDO,3
19003,PSEUDO,3
19004,BIOLOGICAL_REGION,0
19005,PSEUDO,3
19006,BIOLOGICAL_REGION,0
19007,PSEUDO,3
19008,PSEUDO,3
19009,ncRNA,4
19010,snoRNA,8
19011,PSEUDO,3
19012,PSEUDO,3
19013,BIOLOGICAL_REGION,0
19014,snoRNA,8
19015,PSEUDO,3
19016,BIOLOGICAL_REGION,0
19017,ncRNA,4
19018,BIOLOGICAL_REGION,0
19019,PSEUDO,3
19020,BIOLOGICAL_REGION,0
19021,tRNA,9
19022,PROTEIN_CODING,2
